arm,track,domain,scenario_id,turn,kind,slot,category,json_valid,prediction_valid,expected_value,observed_values,message
constrained,natural_component,weather,natural-v6-20261005/weather/01,1,initial,file_format,exact_readable_content,True,False,"""csv""","[""\""csv\""""]","Could you forecast afternoon air temperature? My readings are daily, in degrees Celsius, and I need the next 5 days. The file is CSV."
constrained,natural_component,weather,natural-v6-20261005/weather/01,1,initial,forecast_horizon,absent_from_readable_emissions,True,False,"{""periods"":5,""unit"":""day""}",[],"Could you forecast afternoon air temperature? My readings are daily, in degrees Celsius, and I need the next 5 days. The file is CSV."
constrained,natural_component,weather,natural-v6-20261005/weather/01,1,initial,frequency,exact_readable_content,True,False,"{""periods"":1,""unit"":""day""}","[""{\""periods\"":1,\""unit\"":\""day\""}""]","Could you forecast afternoon air temperature? My readings are daily, in degrees Celsius, and I need the next 5 days. The file is CSV."
constrained,natural_component,weather,natural-v6-20261005/weather/01,1,initial,target_description,exact_readable_content,True,False,"""afternoon air temperature""","[""\""afternoon air temperature\""""]","Could you forecast afternoon air temperature? My readings are daily, in degrees Celsius, and I need the next 5 days. The file is CSV."
constrained,natural_component,weather,natural-v6-20261005/weather/01,1,initial,target_unit,absent_from_readable_emissions,True,False,"""degrees Celsius""",[],"Could you forecast afternoon air temperature? My readings are daily, in degrees Celsius, and I need the next 5 days. The file is CSV."
constrained,natural_component,weather,natural-v6-20261005/weather/01,2,correction,forecast_horizon,normalization_only,True,True,"{""periods"":8,""unit"":""day""}","[""{\""periods\"":8.0,\""unit\"":\""day\""}""]","Actually, change the forecast horizon to 8 days instead. Leave the other requirements alone."
constrained,natural_component,weather,natural-v6-20261005/weather/01,2,correction,target_column,new_unmentioned_slot,True,True,,"[""\""afternoon air temperature\""""]","Actually, change the forecast horizon to 8 days instead. Leave the other requirements alone."
constrained,natural_component,weather,natural-v6-20261005/weather/02,1,initial,forecast_horizon,absent_from_readable_emissions,True,True,"{""periods"":36,""unit"":""hour""}",[],"Rain is what I care about: please predict accumulated rainfall, measured in millimetres. I have hourly readings and want 36 hours ahead."
constrained,natural_component,weather,natural-v6-20261005/weather/02,1,initial,frequency,exact_readable_content,True,True,"{""periods"":1,""unit"":""hour""}","[""{\""periods\"":1,\""unit\"":\""hour\""}""]","Rain is what I care about: please predict accumulated rainfall, measured in millimetres. I have hourly readings and want 36 hours ahead."
constrained,natural_component,weather,natural-v6-20261005/weather/02,1,initial,target_description,different_value_or_type_not_adjudicated_semantically,True,True,"""accumulated rainfall""","[""\""accumulated rainfall, measured in millimetres\""""]","Rain is what I care about: please predict accumulated rainfall, measured in millimetres. I have hourly readings and want 36 hours ahead."
constrained,natural_component,weather,natural-v6-20261005/weather/02,1,initial,target_unit,absent_from_readable_emissions,True,True,"""millimetres""",[],"Rain is what I care about: please predict accumulated rainfall, measured in millimetres. I have hourly readings and want 36 hours ahead."
constrained,natural_component,weather,natural-v6-20261005/weather/02,2,correction,forecast_horizon,exact_readable_content,True,True,"{""periods"":39,""unit"":""hour""}","[""{\""periods\"":39,\""unit\"":\""hour\""}""]","Correction: I need 39 hours ahead, replacing the earlier horizon."
constrained,natural_component,weather,natural-v6-20261005/weather/02,2,correction,forecast_start,new_unmentioned_slot,True,True,,"[""\""2024-01-01T00:00:00Z\""""]","Correction: I need 39 hours ahead, replacing the earlier horizon."
constrained,natural_component,weather,natural-v6-20261005/weather/02,2,correction,frequency,repeated_prior_fact,True,True,,"[""{\""periods\"":1.0,\""unit\"":\""hour\""}""]","Correction: I need 39 hours ahead, replacing the earlier horizon."
constrained,natural_component,weather,natural-v6-20261005/weather/03,1,initial,file_format,absent_from_readable_emissions,True,False,"""parquet""",[],"I need a forecast of peak wind speed in metres per second, every hour, out to 12 hours. I will upload the data as parquet."
constrained,natural_component,weather,natural-v6-20261005/weather/03,1,initial,forecast_horizon,exact_readable_content,True,False,"{""periods"":12,""unit"":""hour""}","[""{\""periods\"":12,\""unit\"":\""hour\""}""]","I need a forecast of peak wind speed in metres per second, every hour, out to 12 hours. I will upload the data as parquet."
constrained,natural_component,weather,natural-v6-20261005/weather/03,1,initial,frequency,exact_readable_content,True,False,"{""periods"":1,""unit"":""hour""}","[""{\""periods\"":1,\""unit\"":\""hour\""}""]","I need a forecast of peak wind speed in metres per second, every hour, out to 12 hours. I will upload the data as parquet."
constrained,natural_component,weather,natural-v6-20261005/weather/03,1,initial,source_mode,exact_readable_content,True,False,"""upload""","[""\""upload\""""]","I need a forecast of peak wind speed in metres per second, every hour, out to 12 hours. I will upload the data as parquet."
constrained,natural_component,weather,natural-v6-20261005/weather/03,1,initial,target_description,different_value_or_type_not_adjudicated_semantically,True,False,"""peak wind speed""","[""\""peak wind speed in metres per second\""""]","I need a forecast of peak wind speed in metres per second, every hour, out to 12 hours. I will upload the data as parquet."
constrained,natural_component,weather,natural-v6-20261005/weather/03,1,initial,target_unit,absent_from_readable_emissions,True,False,"""metres per second""",[],"I need a forecast of peak wind speed in metres per second, every hour, out to 12 hours. I will upload the data as parquet."
constrained,natural_component,weather,natural-v6-20261005/weather/03,2,correction,forecast_horizon,normalization_only,True,False,"{""periods"":15,""unit"":""hour""}","[""{\""periods\"":15.0,\""unit\"":\""hour\""}""]","I changed my mind about the horizon. Forecast the next 15 hours, please."
constrained,natural_component,weather,natural-v6-20261005/weather/04,1,initial,forecast_horizon,absent_from_readable_emissions,True,False,"{""periods"":9,""unit"":""day""}",[],"Help me predict relative humidity. It is in percent, observed daily; look ahead 9 days. Read humidity_pct as the target and observation_date as the timestamp."
constrained,natural_component,weather,natural-v6-20261005/weather/04,1,initial,frequency,absent_from_readable_emissions,True,False,"{""periods"":1,""unit"":""day""}",[],"Help me predict relative humidity. It is in percent, observed daily; look ahead 9 days. Read humidity_pct as the target and observation_date as the timestamp."
constrained,natural_component,weather,natural-v6-20261005/weather/04,1,initial,target_column,exact_readable_content,True,False,"""humidity_pct""","[""\""humidity_pct\""""]","Help me predict relative humidity. It is in percent, observed daily; look ahead 9 days. Read humidity_pct as the target and observation_date as the timestamp."
constrained,natural_component,weather,natural-v6-20261005/weather/04,1,initial,target_description,exact_readable_content,True,False,"""relative humidity""","[""\""relative humidity\""""]","Help me predict relative humidity. It is in percent, observed daily; look ahead 9 days. Read humidity_pct as the target and observation_date as the timestamp."
constrained,natural_component,weather,natural-v6-20261005/weather/04,1,initial,target_unit,exact_readable_content,True,False,"""percent""","[""\""percent\""""]","Help me predict relative humidity. It is in percent, observed daily; look ahead 9 days. Read humidity_pct as the target and observation_date as the timestamp."
constrained,natural_component,weather,natural-v6-20261005/weather/04,1,initial,time_column,absent_from_readable_emissions,True,False,"""observation_date""",[],"Help me predict relative humidity. It is in percent, observed daily; look ahead 9 days. Read humidity_pct as the target and observation_date as the timestamp."
constrained,natural_component,weather,natural-v6-20261005/weather/04,2,correction,forecast_horizon,exact_readable_content,True,True,"{""periods"":12,""unit"":""day""}","[""{\""periods\"":12,\""unit\"":\""day\""}""]",That previous forecast horizon is wrong: make it 12 days.
constrained,natural_component,weather,natural-v6-20261005/weather/05,1,initial,forecast_horizon,exact_readable_content,True,True,"{""periods"":18,""unit"":""hour""}","[""{\""periods\"":18,\""unit\"":\""hour\""}""]","What I want forecast is cloud cover, in percent. We record it every 3 hours. Please look 18 hours into the future."
constrained,natural_component,weather,natural-v6-20261005/weather/05,1,initial,frequency,exact_readable_content,True,True,"{""periods"":3,""unit"":""hour""}","[""{\""periods\"":3,\""unit\"":\""hour\""}""]","What I want forecast is cloud cover, in percent. We record it every 3 hours. Please look 18 hours into the future."
constrained,natural_component,weather,natural-v6-20261005/weather/05,1,initial,target_description,different_value_or_type_not_adjudicated_semantically,True,True,"""cloud cover""","[""\""cloud cover, in percent\""""]","What I want forecast is cloud cover, in percent. We record it every 3 hours. Please look 18 hours into the future."
constrained,natural_component,weather,natural-v6-20261005/weather/05,1,initial,target_unit,absent_from_readable_emissions,True,True,"""percent""",[],"What I want forecast is cloud cover, in percent. We record it every 3 hours. Please look 18 hours into the future."
constrained,natural_component,weather,natural-v6-20261005/weather/05,2,correction,forecast_horizon,normalization_only,True,True,"{""periods"":21,""unit"":""hour""}","[""{\""periods\"":21.0,\""unit\"":\""hour\""}""]",Please revise the forecast horizon to 21 hours. Everything else stays the same.
constrained,natural_component,weather,natural-v6-20261005/weather/05,2,correction,target_column,new_unmentioned_slot,True,True,,"[""\""cloud cover\""""]",Please revise the forecast horizon to 21 hours. Everything else stays the same.
constrained,natural_component,weather,natural-v6-20261005/weather/06,1,initial,forecast_horizon,exact_readable_content,True,False,"{""periods"":2,""unit"":""day""}","[""{\""periods\"":2,\""unit\"":\""day\""}""]",Can we forecast sea-level pressure? Values are in hectopascals and arrive every 6 hours. I need a 2 day horizon.
constrained,natural_component,weather,natural-v6-20261005/weather/06,1,initial,frequency,absent_from_readable_emissions,True,False,"{""periods"":6,""unit"":""hour""}",[],Can we forecast sea-level pressure? Values are in hectopascals and arrive every 6 hours. I need a 2 day horizon.
constrained,natural_component,weather,natural-v6-20261005/weather/06,1,initial,target_description,exact_readable_content,True,False,"""sea-level pressure""","[""\""sea-level pressure\""""]",Can we forecast sea-level pressure? Values are in hectopascals and arrive every 6 hours. I need a 2 day horizon.
constrained,natural_component,weather,natural-v6-20261005/weather/06,1,initial,target_unit,absent_from_readable_emissions,True,False,"""hectopascals""",[],Can we forecast sea-level pressure? Values are in hectopascals and arrive every 6 hours. I need a 2 day horizon.
constrained,natural_component,weather,natural-v6-20261005/weather/06,2,correction,forecast_horizon,normalization_only,True,True,"{""periods"":5,""unit"":""day""}","[""{\""periods\"":5.0,\""unit\"":\""day\""}""]",Use 5 days for the forecast horizon instead of my earlier request.
constrained,natural_component,weather,natural-v6-20261005/weather/06,2,correction,target_column,new_unmentioned_slot,True,True,,"[""\""sea-level pressure\""""]",Use 5 days for the forecast horizon instead of my earlier request.
constrained,natural_component,weather,natural-v6-20261005/weather/06,2,correction,target_unit,repeated_prior_fact,True,True,,"[""\""hectopascals\""""]",Use 5 days for the forecast horizon instead of my earlier request.
constrained,natural_component,weather,natural-v6-20261005/weather/07,1,initial,forecast_horizon,exact_readable_content,True,False,"{""periods"":8,""unit"":""day""}","[""{\""periods\"":8,\""unit\"":\""day\""}""]","Please predict overnight minimum temperature in degrees Fahrenheit. Observations are daily. Forecast 8 days ahead, and generate a fresh forecast every 2 days."
constrained,natural_component,weather,natural-v6-20261005/weather/07,1,initial,frequency,exact_readable_content,True,False,"{""periods"":1,""unit"":""day""}","[""{\""periods\"":1,\""unit\"":\""day\""}""]","Please predict overnight minimum temperature in degrees Fahrenheit. Observations are daily. Forecast 8 days ahead, and generate a fresh forecast every 2 days."
constrained,natural_component,weather,natural-v6-20261005/weather/07,1,initial,prediction_frequency,exact_readable_content,True,False,"{""periods"":2,""unit"":""day""}","[""{\""periods\"":2,\""unit\"":\""day\""}""]","Please predict overnight minimum temperature in degrees Fahrenheit. Observations are daily. Forecast 8 days ahead, and generate a fresh forecast every 2 days."
constrained,natural_component,weather,natural-v6-20261005/weather/07,1,initial,target_description,different_value_or_type_not_adjudicated_semantically,True,False,"""overnight minimum temperature""","[""\""overnight minimum temperature in degrees Fahrenheit\""""]","Please predict overnight minimum temperature in degrees Fahrenheit. Observations are daily. Forecast 8 days ahead, and generate a fresh forecast every 2 days."
constrained,natural_component,weather,natural-v6-20261005/weather/07,1,initial,target_unit,absent_from_readable_emissions,True,False,"""degrees Fahrenheit""",[],"Please predict overnight minimum temperature in degrees Fahrenheit. Observations are daily. Forecast 8 days ahead, and generate a fresh forecast every 2 days."
constrained,natural_component,weather,natural-v6-20261005/weather/07,2,correction,forecast_horizon,exact_readable_content,True,True,"{""periods"":11,""unit"":""day""}","[""{\""periods\"":11,\""unit\"":\""day\""}""]",One correction to my specification: the forecast horizon is now 11 days.
constrained,natural_component,weather,natural-v6-20261005/weather/08,1,initial,file_format,exact_readable_content,True,True,"""xlsx""","[""\""xlsx\""""]","Build a forecast for sunshine duration, measured in hours, with one observation every week. I need the next 4 weeks. The uploaded file is xlsx."
constrained,natural_component,weather,natural-v6-20261005/weather/08,1,initial,forecast_horizon,exact_readable_content,True,True,"{""periods"":4,""unit"":""week""}","[""{\""periods\"":4,\""unit\"":\""week\""}""]","Build a forecast for sunshine duration, measured in hours, with one observation every week. I need the next 4 weeks. The uploaded file is xlsx."
constrained,natural_component,weather,natural-v6-20261005/weather/08,1,initial,frequency,exact_readable_content,True,True,"{""periods"":1,""unit"":""week""}","[""{\""periods\"":1,\""unit\"":\""week\""}""]","Build a forecast for sunshine duration, measured in hours, with one observation every week. I need the next 4 weeks. The uploaded file is xlsx."
constrained,natural_component,weather,natural-v6-20261005/weather/08,1,initial,source_mode,exact_readable_content,True,True,"""upload""","[""\""upload\""""]","Build a forecast for sunshine duration, measured in hours, with one observation every week. I need the next 4 weeks. The uploaded file is xlsx."
constrained,natural_component,weather,natural-v6-20261005/weather/08,1,initial,target_description,different_value_or_type_not_adjudicated_semantically,True,True,"""sunshine duration""","[""\""sunshine duration, measured in hours\""""]","Build a forecast for sunshine duration, measured in hours, with one observation every week. I need the next 4 weeks. The uploaded file is xlsx."
constrained,natural_component,weather,natural-v6-20261005/weather/08,1,initial,target_unit,absent_from_readable_emissions,True,True,"""hours""",[],"Build a forecast for sunshine duration, measured in hours, with one observation every week. I need the next 4 weeks. The uploaded file is xlsx."
constrained,natural_component,weather,natural-v6-20261005/weather/08,2,correction,forecast_horizon,normalization_only,True,True,"{""periods"":7,""unit"":""week""}","[""{\""periods\"":7.0,\""unit\"":\""week\""}""]",Replace the horizon I gave you with 7 weeks.
constrained,natural_component,weather,natural-v6-20261005/weather/08,2,correction,target_column,new_unmentioned_slot,True,True,,"[""\""sunshine duration\""""]",Replace the horizon I gave you with 7 weeks.
constrained,natural_component,weather,natural-v6-20261005/weather/08,2,correction,target_unit,repeated_prior_fact,True,True,,"[""\""hours\""""]",Replace the horizon I gave you with 7 weeks.
constrained,natural_component,inflation,natural-v6-20261005/inflation/01,1,initial,forecast_horizon,exact_readable_content,True,True,"{""periods"":5,""unit"":""month""}","[""{\""periods\"":5,\""unit\"":\""month\""}""]","Please forecast year-over-year CPI inflation, in percent, from monthly observations. I need the coming 5 months, not a forecast of the CPI index."
constrained,natural_component,inflation,natural-v6-20261005/inflation/01,1,initial,frequency,absent_from_readable_emissions,True,True,"{""periods"":1,""unit"":""month""}",[],"Please forecast year-over-year CPI inflation, in percent, from monthly observations. I need the coming 5 months, not a forecast of the CPI index."
constrained,natural_component,inflation,natural-v6-20261005/inflation/01,1,initial,target_description,different_value_or_type_not_adjudicated_semantically,True,True,"""year-over-year CPI inflation""","[""\""year-over-year CPI inflation, in percent\""""]","Please forecast year-over-year CPI inflation, in percent, from monthly observations. I need the coming 5 months, not a forecast of the CPI index."
constrained,natural_component,inflation,natural-v6-20261005/inflation/01,1,initial,target_unit,absent_from_readable_emissions,True,True,"""percent""",[],"Please forecast year-over-year CPI inflation, in percent, from monthly observations. I need the coming 5 months, not a forecast of the CPI index."
constrained,natural_component,inflation,natural-v6-20261005/inflation/01,2,correction,forecast_horizon,normalization_only,True,True,"{""periods"":8,""unit"":""month""}","[""{\""periods\"":8.0,\""unit\"":\""month\""}""]","Actually, change the forecast horizon to 8 months instead. Leave the other requirements alone."
constrained,natural_component,inflation,natural-v6-20261005/inflation/01,2,correction,target_column,new_unmentioned_slot,True,True,,"[""\""year-over-year CPI inflation\""""]","Actually, change the forecast horizon to 8 months instead. Leave the other requirements alone."
constrained,natural_component,inflation,natural-v6-20261005/inflation/02,1,initial,forecast_horizon,absent_from_readable_emissions,True,True,"{""periods"":8,""unit"":""month""}",[],"Can you predict the headline CPI index level? Units are index points, base 2015=100. It is monthly and I want 8 months ahead."
constrained,natural_component,inflation,natural-v6-20261005/inflation/02,1,initial,frequency,exact_readable_content,True,True,"{""periods"":1,""unit"":""month""}","[""{\""periods\"":1,\""unit\"":\""month\""}""]","Can you predict the headline CPI index level? Units are index points, base 2015=100. It is monthly and I want 8 months ahead."
constrained,natural_component,inflation,natural-v6-20261005/inflation/02,1,initial,target_description,exact_readable_content,True,True,"""headline CPI index level""","[""\""headline CPI index level\""""]","Can you predict the headline CPI index level? Units are index points, base 2015=100. It is monthly and I want 8 months ahead."
constrained,natural_component,inflation,natural-v6-20261005/inflation/02,1,initial,target_unit,exact_readable_content,True,True,"""index points, base 2015=100""","[""\""index points, base 2015=100\""""]","Can you predict the headline CPI index level? Units are index points, base 2015=100. It is monthly and I want 8 months ahead."
constrained,natural_component,inflation,natural-v6-20261005/inflation/02,2,correction,forecast_horizon,exact_readable_content,True,True,"{""periods"":11,""unit"":""month""}","[""{\""periods\"":11,\""unit\"":\""month\""}""]","Correction: I need 11 months ahead, replacing the earlier horizon."
constrained,natural_component,inflation,natural-v6-20261005/inflation/02,2,correction,forecast_start,new_unmentioned_slot,True,True,,"[""\""2024-01-01T00:00:00Z\""""]","Correction: I need 11 months ahead, replacing the earlier horizon."
constrained,natural_component,inflation,natural-v6-20261005/inflation/02,2,correction,frequency,repeated_prior_fact,True,True,,"[""{\""periods\"":1.0,\""unit\"":\""month\""}""]","Correction: I need 11 months ahead, replacing the earlier horizon."
constrained,natural_component,inflation,natural-v6-20261005/inflation/03,1,initial,file_format,exact_readable_content,True,True,"""csv""","[""\""csv\""""]",I need a forecast of month-over-month core inflation. The unit is percent. Observations arrive monthly; forecast the next 3 months. The file is csv.
constrained,natural_component,inflation,natural-v6-20261005/inflation/03,1,initial,forecast_horizon,exact_readable_content,True,True,"{""periods"":3,""unit"":""month""}","[""{\""periods\"":3,\""unit\"":\""month\""}""]",I need a forecast of month-over-month core inflation. The unit is percent. Observations arrive monthly; forecast the next 3 months. The file is csv.
constrained,natural_component,inflation,natural-v6-20261005/inflation/03,1,initial,frequency,exact_readable_content,True,True,"{""periods"":1,""unit"":""month""}","[""{\""periods\"":1,\""unit\"":\""month\""}""]",I need a forecast of month-over-month core inflation. The unit is percent. Observations arrive monthly; forecast the next 3 months. The file is csv.
constrained,natural_component,inflation,natural-v6-20261005/inflation/03,1,initial,target_description,exact_readable_content,True,True,"""month-over-month core inflation""","[""\""month-over-month core inflation\""""]",I need a forecast of month-over-month core inflation. The unit is percent. Observations arrive monthly; forecast the next 3 months. The file is csv.
constrained,natural_component,inflation,natural-v6-20261005/inflation/03,1,initial,target_unit,exact_readable_content,True,True,"""percent""","[""\""percent\""""]",I need a forecast of month-over-month core inflation. The unit is percent. Observations arrive monthly; forecast the next 3 months. The file is csv.
constrained,natural_component,inflation,natural-v6-20261005/inflation/03,2,correction,forecast_horizon,normalization_only,True,False,"{""periods"":6,""unit"":""month""}","[""{\""periods\"":6.0,\""unit\"":\""month\""}""]","I changed my mind about the horizon. Forecast the next 6 months, please."
constrained,natural_component,inflation,natural-v6-20261005/inflation/04,1,initial,forecast_horizon,exact_readable_content,True,True,"{""periods"":11,""unit"":""month""}","[""{\""periods\"":11,\""unit\"":\""month\""}""]",Help me predict food-price inflation in percent. There is one observation each month. Look 11 months ahead. The target column is food_inflation and the date column is month_end.
constrained,natural_component,inflation,natural-v6-20261005/inflation/04,1,initial,frequency,exact_readable_content,True,True,"{""periods"":1,""unit"":""month""}","[""{\""periods\"":1,\""unit\"":\""month\""}""]",Help me predict food-price inflation in percent. There is one observation each month. Look 11 months ahead. The target column is food_inflation and the date column is month_end.
constrained,natural_component,inflation,natural-v6-20261005/inflation/04,1,initial,target_column,exact_readable_content,True,True,"""food_inflation""","[""\""food_inflation\""""]",Help me predict food-price inflation in percent. There is one observation each month. Look 11 months ahead. The target column is food_inflation and the date column is month_end.
constrained,natural_component,inflation,natural-v6-20261005/inflation/04,1,initial,target_description,different_value_or_type_not_adjudicated_semantically,True,True,"""food-price inflation""","[""\""food-price inflation in percent\""""]",Help me predict food-price inflation in percent. There is one observation each month. Look 11 months ahead. The target column is food_inflation and the date column is month_end.
constrained,natural_component,inflation,natural-v6-20261005/inflation/04,1,initial,target_unit,absent_from_readable_emissions,True,True,"""percent""",[],Help me predict food-price inflation in percent. There is one observation each month. Look 11 months ahead. The target column is food_inflation and the date column is month_end.
constrained,natural_component,inflation,natural-v6-20261005/inflation/04,1,initial,time_column,absent_from_readable_emissions,True,True,"""month_end""",[],Help me predict food-price inflation in percent. There is one observation each month. Look 11 months ahead. The target column is food_inflation and the date column is month_end.
constrained,natural_component,inflation,natural-v6-20261005/inflation/04,2,correction,forecast_horizon,exact_readable_content,True,True,"{""periods"":14,""unit"":""month""}","[""{\""periods\"":14,\""unit\"":\""month\""}""]",That previous forecast horizon is wrong: make it 14 months.
constrained,natural_component,inflation,natural-v6-20261005/inflation/05,1,initial,forecast_horizon,exact_readable_content,True,True,"{""periods"":2,""unit"":""quarter""}","[""{\""periods\"":2,\""unit\"":\""quarter\""}""]","Please forecast producer price inflation, measured in percent, using quarterly observations. I want the next 2 quarters."
constrained,natural_component,inflation,natural-v6-20261005/inflation/05,1,initial,frequency,absent_from_readable_emissions,True,True,"{""periods"":1,""unit"":""quarter""}",[],"Please forecast producer price inflation, measured in percent, using quarterly observations. I want the next 2 quarters."
constrained,natural_component,inflation,natural-v6-20261005/inflation/05,1,initial,target_description,different_value_or_type_not_adjudicated_semantically,True,True,"""producer price inflation""","[""\""producer price inflation, measured in percent\""""]","Please forecast producer price inflation, measured in percent, using quarterly observations. I want the next 2 quarters."
constrained,natural_component,inflation,natural-v6-20261005/inflation/05,1,initial,target_unit,absent_from_readable_emissions,True,True,"""percent""",[],"Please forecast producer price inflation, measured in percent, using quarterly observations. I want the next 2 quarters."
constrained,natural_component,inflation,natural-v6-20261005/inflation/05,2,correction,forecast_horizon,exact_readable_content,True,True,"{""periods"":5,""unit"":""quarter""}","[""{\""periods\"":5,\""unit\"":\""quarter\""}""]",Please revise the forecast horizon to 5 quarters. Everything else stays the same.
constrained,natural_component,inflation,natural-v6-20261005/inflation/05,2,correction,target_column,new_unmentioned_slot,True,True,,"[""\""producer price inflation\""""]",Please revise the forecast horizon to 5 quarters. Everything else stays the same.
constrained,natural_component,inflation,natural-v6-20261005/inflation/06,1,initial,file_format,absent_from_readable_emissions,True,False,"""parquet""",[],Forecast the consumer price index level in index points. The series has a monthly observation and I need a 1 year horizon. I will upload a parquet file.
constrained,natural_component,inflation,natural-v6-20261005/inflation/06,1,initial,forecast_horizon,absent_from_readable_emissions,True,False,"{""periods"":1,""unit"":""year""}",[],Forecast the consumer price index level in index points. The series has a monthly observation and I need a 1 year horizon. I will upload a parquet file.
constrained,natural_component,inflation,natural-v6-20261005/inflation/06,1,initial,frequency,exact_readable_content,True,False,"{""periods"":1,""unit"":""month""}","[""{\""periods\"":1,\""unit\"":\""month\""}""]",Forecast the consumer price index level in index points. The series has a monthly observation and I need a 1 year horizon. I will upload a parquet file.
constrained,natural_component,inflation,natural-v6-20261005/inflation/06,1,initial,source_mode,exact_readable_content,True,False,"""upload""","[""\""upload\""""]",Forecast the consumer price index level in index points. The series has a monthly observation and I need a 1 year horizon. I will upload a parquet file.
constrained,natural_component,inflation,natural-v6-20261005/inflation/06,1,initial,target_description,different_value_or_type_not_adjudicated_semantically,True,False,"""consumer price index level""","[""\""consumer price index level in index points\""""]",Forecast the consumer price index level in index points. The series has a monthly observation and I need a 1 year horizon. I will upload a parquet file.
constrained,natural_component,inflation,natural-v6-20261005/inflation/06,1,initial,target_unit,absent_from_readable_emissions,True,False,"""index points""",[],Forecast the consumer price index level in index points. The series has a monthly observation and I need a 1 year horizon. I will upload a parquet file.
constrained,natural_component,inflation,natural-v6-20261005/inflation/06,2,correction,forecast_horizon,normalization_only,True,True,"{""periods"":4,""unit"":""year""}","[""{\""periods\"":4.0,\""unit\"":\""year\""}""]",Use 4 years for the forecast horizon instead of my earlier request.
constrained,natural_component,inflation,natural-v6-20261005/inflation/07,1,initial,forecast_horizon,absent_from_readable_emissions,True,True,"{""periods"":3,""unit"":""year""}",[],I want to forecast annual average inflation in percent. One observation per year; look ahead 3 years. Generate a new forecast every 1 year.
constrained,natural_component,inflation,natural-v6-20261005/inflation/07,1,initial,frequency,exact_readable_content,True,True,"{""periods"":1,""unit"":""year""}","[""{\""periods\"":1,\""unit\"":\""year\""}""]",I want to forecast annual average inflation in percent. One observation per year; look ahead 3 years. Generate a new forecast every 1 year.
constrained,natural_component,inflation,natural-v6-20261005/inflation/07,1,initial,prediction_frequency,exact_readable_content,True,True,"{""periods"":1,""unit"":""year""}","[""{\""periods\"":1,\""unit\"":\""year\""}""]",I want to forecast annual average inflation in percent. One observation per year; look ahead 3 years. Generate a new forecast every 1 year.
constrained,natural_component,inflation,natural-v6-20261005/inflation/07,1,initial,target_description,different_value_or_type_not_adjudicated_semantically,True,True,"""annual average inflation""","[""\""annual average inflation in percent\""""]",I want to forecast annual average inflation in percent. One observation per year; look ahead 3 years. Generate a new forecast every 1 year.
constrained,natural_component,inflation,natural-v6-20261005/inflation/07,1,initial,target_unit,absent_from_readable_emissions,True,True,"""percent""",[],I want to forecast annual average inflation in percent. One observation per year; look ahead 3 years. Generate a new forecast every 1 year.
constrained,natural_component,inflation,natural-v6-20261005/inflation/07,2,correction,forecast_horizon,exact_readable_content,True,True,"{""periods"":6,""unit"":""year""}","[""{\""periods\"":6,\""unit\"":\""year\""}""]",One correction to my specification: the forecast horizon is now 6 years.
constrained,natural_component,inflation,natural-v6-20261005/inflation/08,1,initial,file_format,exact_readable_content,True,True,"""xlsx""","[""\""xlsx\""""]","Could you predict trimmed-mean inflation? It is monthly, expressed in percent. We need 7 months into the future; the uploaded data will be in xlsx format."
constrained,natural_component,inflation,natural-v6-20261005/inflation/08,1,initial,forecast_horizon,exact_readable_content,True,True,"{""periods"":7,""unit"":""month""}","[""{\""periods\"":7,\""unit\"":\""month\""}""]","Could you predict trimmed-mean inflation? It is monthly, expressed in percent. We need 7 months into the future; the uploaded data will be in xlsx format."
constrained,natural_component,inflation,natural-v6-20261005/inflation/08,1,initial,frequency,absent_from_readable_emissions,True,True,"{""periods"":1,""unit"":""month""}",[],"Could you predict trimmed-mean inflation? It is monthly, expressed in percent. We need 7 months into the future; the uploaded data will be in xlsx format."
constrained,natural_component,inflation,natural-v6-20261005/inflation/08,1,initial,source_mode,exact_readable_content,True,True,"""upload""","[""\""upload\""""]","Could you predict trimmed-mean inflation? It is monthly, expressed in percent. We need 7 months into the future; the uploaded data will be in xlsx format."
constrained,natural_component,inflation,natural-v6-20261005/inflation/08,1,initial,target_description,exact_readable_content,True,True,"""trimmed-mean inflation""","[""\""trimmed-mean inflation\""""]","Could you predict trimmed-mean inflation? It is monthly, expressed in percent. We need 7 months into the future; the uploaded data will be in xlsx format."
constrained,natural_component,inflation,natural-v6-20261005/inflation/08,1,initial,target_unit,exact_readable_content,True,True,"""percent""","[""\""percent\""""]","Could you predict trimmed-mean inflation? It is monthly, expressed in percent. We need 7 months into the future; the uploaded data will be in xlsx format."
constrained,natural_component,inflation,natural-v6-20261005/inflation/08,2,correction,forecast_horizon,normalization_only,True,True,"{""periods"":10,""unit"":""month""}","[""{\""periods\"":10.0,\""unit\"":\""month\""}""]",Replace the horizon I gave you with 10 months.
constrained,natural_component,inflation,natural-v6-20261005/inflation/08,2,correction,target_column,new_unmentioned_slot,True,True,,"[""\""trimmed-mean inflation\""""]",Replace the horizon I gave you with 10 months.
constrained,natural_component,stocks,natural-v6-20261005/stocks/01,1,initial,forecast_horizon,exact_readable_content,True,True,"{""periods"":10,""unit"":""day""}","[""{\""periods\"":10,\""unit\"":\""day\""}""]","Can you forecast NOVA's adjusted closing price, in USD per share? I have daily observations and need the next 10 days."
constrained,natural_component,stocks,natural-v6-20261005/stocks/01,1,initial,frequency,exact_readable_content,True,True,"{""periods"":1,""unit"":""day""}","[""{\""periods\"":1,\""unit\"":\""day\""}""]","Can you forecast NOVA's adjusted closing price, in USD per share? I have daily observations and need the next 10 days."
constrained,natural_component,stocks,natural-v6-20261005/stocks/01,1,initial,target_description,different_value_or_type_not_adjudicated_semantically,True,True,"""NOVA's adjusted closing price""","[""\""NOVA's adjusted closing price, in USD per share\""""]","Can you forecast NOVA's adjusted closing price, in USD per share? I have daily observations and need the next 10 days."
constrained,natural_component,stocks,natural-v6-20261005/stocks/01,1,initial,target_unit,absent_from_readable_emissions,True,True,"""USD per share""",[],"Can you forecast NOVA's adjusted closing price, in USD per share? I have daily observations and need the next 10 days."
constrained,natural_component,stocks,natural-v6-20261005/stocks/01,2,correction,forecast_horizon,exact_readable_content,True,True,"{""periods"":13,""unit"":""day""}","[""{\""periods\"":13,\""unit\"":\""day\""}""]","Actually, change the forecast horizon to 13 days instead. Leave the other requirements alone."
constrained,natural_component,stocks,natural-v6-20261005/stocks/01,2,correction,target_column,new_unmentioned_slot,True,True,,"[""\""NOVA's adjusted closing price\""""]","Actually, change the forecast horizon to 13 days instead. Leave the other requirements alone."
constrained,natural_component,stocks,natural-v6-20261005/stocks/02,1,initial,forecast_horizon,exact_readable_content,True,False,"{""periods"":6,""unit"":""day""}","[""{\""periods\"":6,\""unit\"":\""day\""}""]","Please predict raw closing share price, without adjusting corporate actions. Prices are in GBP per share, observed every day. Look ahead 6 days."
constrained,natural_component,stocks,natural-v6-20261005/stocks/02,1,initial,frequency,absent_from_readable_emissions,True,False,"{""periods"":1,""unit"":""day""}",[],"Please predict raw closing share price, without adjusting corporate actions. Prices are in GBP per share, observed every day. Look ahead 6 days."
constrained,natural_component,stocks,natural-v6-20261005/stocks/02,1,initial,target_description,different_value_or_type_not_adjudicated_semantically,True,False,"""raw closing share price, without adjusting corporate actions""","[""\""raw closing share price\""""]","Please predict raw closing share price, without adjusting corporate actions. Prices are in GBP per share, observed every day. Look ahead 6 days."
constrained,natural_component,stocks,natural-v6-20261005/stocks/02,1,initial,target_unit,exact_readable_content,True,False,"""GBP per share""","[""\""GBP per share\""""]","Please predict raw closing share price, without adjusting corporate actions. Prices are in GBP per share, observed every day. Look ahead 6 days."
constrained,natural_component,stocks,natural-v6-20261005/stocks/02,2,correction,forecast_horizon,exact_readable_content,True,True,"{""periods"":9,""unit"":""day""}","[""{\""periods\"":9,\""unit\"":\""day\""}""]","Correction: I need 9 days ahead, replacing the earlier horizon."
constrained,natural_component,stocks,natural-v6-20261005/stocks/02,2,correction,target_column,new_unmentioned_slot,True,True,,"[""\""raw closing share price, without adjusting corporate actions\""""]","Correction: I need 9 days ahead, replacing the earlier horizon."
constrained,natural_component,stocks,natural-v6-20261005/stocks/02,2,correction,target_unit,repeated_prior_fact,True,True,,"[""\""GBP per share\""""]","Correction: I need 9 days ahead, replacing the earlier horizon."
constrained,natural_component,stocks,natural-v6-20261005/stocks/03,1,initial,file_format,absent_from_readable_emissions,True,False,"""csv""",[],"Help me forecast total share return including dividends, measured in percent. Observations are weekly; I need 5 weeks ahead. I will upload CSV data."
constrained,natural_component,stocks,natural-v6-20261005/stocks/03,1,initial,forecast_horizon,absent_from_readable_emissions,True,False,"{""periods"":5,""unit"":""week""}",[],"Help me forecast total share return including dividends, measured in percent. Observations are weekly; I need 5 weeks ahead. I will upload CSV data."
constrained,natural_component,stocks,natural-v6-20261005/stocks/03,1,initial,frequency,different_value_or_type_not_adjudicated_semantically,True,False,"{""periods"":1,""unit"":""week""}","[""{\""periods\"":7,\""unit\"":\""week\""}""]","Help me forecast total share return including dividends, measured in percent. Observations are weekly; I need 5 weeks ahead. I will upload CSV data."
constrained,natural_component,stocks,natural-v6-20261005/stocks/03,1,initial,source_mode,exact_readable_content,True,False,"""upload""","[""\""upload\""""]","Help me forecast total share return including dividends, measured in percent. Observations are weekly; I need 5 weeks ahead. I will upload CSV data."
constrained,natural_component,stocks,natural-v6-20261005/stocks/03,1,initial,target_description,different_value_or_type_not_adjudicated_semantically,True,False,"""total share return including dividends""","[""\""total share return including dividends, measured in percent\""""]","Help me forecast total share return including dividends, measured in percent. Observations are weekly; I need 5 weeks ahead. I will upload CSV data."
constrained,natural_component,stocks,natural-v6-20261005/stocks/03,1,initial,target_unit,absent_from_readable_emissions,True,False,"""percent""",[],"Help me forecast total share return including dividends, measured in percent. Observations are weekly; I need 5 weeks ahead. I will upload CSV data."
constrained,natural_component,stocks,natural-v6-20261005/stocks/03,2,correction,forecast_horizon,normalization_only,True,False,"{""periods"":8,""unit"":""week""}","[""{\""periods\"":8.0,\""unit\"":\""week\""}""]","I changed my mind about the horizon. Forecast the next 8 weeks, please."
constrained,natural_component,stocks,natural-v6-20261005/stocks/04,1,initial,forecast_horizon,exact_readable_content,True,False,"{""periods"":9,""unit"":""day""}","[""{\""periods\"":9,\""unit\"":\""day\""}""]","Forecast trading volume, measured in shares, from daily observations for the next 9 days. Read the target from volume_shares and the timestamp from trade_date."
constrained,natural_component,stocks,natural-v6-20261005/stocks/04,1,initial,frequency,absent_from_readable_emissions,True,False,"{""periods"":1,""unit"":""day""}",[],"Forecast trading volume, measured in shares, from daily observations for the next 9 days. Read the target from volume_shares and the timestamp from trade_date."
constrained,natural_component,stocks,natural-v6-20261005/stocks/04,1,initial,target_column,exact_readable_content,True,False,"""volume_shares""","[""\""volume_shares\""""]","Forecast trading volume, measured in shares, from daily observations for the next 9 days. Read the target from volume_shares and the timestamp from trade_date."
constrained,natural_component,stocks,natural-v6-20261005/stocks/04,1,initial,target_description,different_value_or_type_not_adjudicated_semantically,True,False,"""trading volume""","[""\""trading volume, measured in shares\""""]","Forecast trading volume, measured in shares, from daily observations for the next 9 days. Read the target from volume_shares and the timestamp from trade_date."
constrained,natural_component,stocks,natural-v6-20261005/stocks/04,1,initial,target_unit,absent_from_readable_emissions,True,False,"""shares""",[],"Forecast trading volume, measured in shares, from daily observations for the next 9 days. Read the target from volume_shares and the timestamp from trade_date."
constrained,natural_component,stocks,natural-v6-20261005/stocks/04,1,initial,time_column,absent_from_readable_emissions,True,False,"""trade_date""",[],"Forecast trading volume, measured in shares, from daily observations for the next 9 days. Read the target from volume_shares and the timestamp from trade_date."
constrained,natural_component,stocks,natural-v6-20261005/stocks/04,2,correction,forecast_horizon,exact_readable_content,True,True,"{""periods"":12,""unit"":""day""}","[""{\""periods\"":12,\""unit\"":\""day\""}""]",That previous forecast horizon is wrong: make it 12 days.
constrained,natural_component,stocks,natural-v6-20261005/stocks/05,1,initial,forecast_horizon,exact_readable_content,True,True,"{""periods"":4,""unit"":""month""}","[""{\""periods\"":4,\""unit\"":\""month\""}""]","Please predict the dividend yield in percent. This series is monthly, and the horizon should be 4 months."
constrained,natural_component,stocks,natural-v6-20261005/stocks/05,1,initial,frequency,exact_readable_content,True,True,"{""periods"":1,""unit"":""month""}","[""{\""periods\"":1,\""unit\"":\""month\""}""]","Please predict the dividend yield in percent. This series is monthly, and the horizon should be 4 months."
constrained,natural_component,stocks,natural-v6-20261005/stocks/05,1,initial,target_description,different_value_or_type_not_adjudicated_semantically,True,True,"""dividend yield""","[""\""dividend yield in percent\""""]","Please predict the dividend yield in percent. This series is monthly, and the horizon should be 4 months."
constrained,natural_component,stocks,natural-v6-20261005/stocks/05,1,initial,target_unit,absent_from_readable_emissions,True,True,"""percent""",[],"Please predict the dividend yield in percent. This series is monthly, and the horizon should be 4 months."
constrained,natural_component,stocks,natural-v6-20261005/stocks/05,2,correction,forecast_horizon,exact_readable_content,True,True,"{""periods"":7,""unit"":""month""}","[""{\""periods\"":7,\""unit\"":\""month\""}""]",Please revise the forecast horizon to 7 months. Everything else stays the same.
constrained,natural_component,stocks,natural-v6-20261005/stocks/05,2,correction,target_column,new_unmentioned_slot,True,True,,"[""\""dividend yield\""""]",Please revise the forecast horizon to 7 months. Everything else stays the same.
constrained,natural_component,stocks,natural-v6-20261005/stocks/06,1,initial,file_format,exact_readable_content,True,True,"""parquet""","[""\""parquet\""""]","I need a forecast of adjusted closing share price. It is in EUR per share, sampled hourly, and I want 16 hours ahead. The file format is parquet."
constrained,natural_component,stocks,natural-v6-20261005/stocks/06,1,initial,forecast_horizon,exact_readable_content,True,True,"{""periods"":16,""unit"":""hour""}","[""{\""periods\"":16,\""unit\"":\""hour\""}""]","I need a forecast of adjusted closing share price. It is in EUR per share, sampled hourly, and I want 16 hours ahead. The file format is parquet."
constrained,natural_component,stocks,natural-v6-20261005/stocks/06,1,initial,frequency,absent_from_readable_emissions,True,True,"{""periods"":1,""unit"":""hour""}",[],"I need a forecast of adjusted closing share price. It is in EUR per share, sampled hourly, and I want 16 hours ahead. The file format is parquet."
constrained,natural_component,stocks,natural-v6-20261005/stocks/06,1,initial,target_description,exact_readable_content,True,True,"""adjusted closing share price""","[""\""adjusted closing share price\""""]","I need a forecast of adjusted closing share price. It is in EUR per share, sampled hourly, and I want 16 hours ahead. The file format is parquet."
constrained,natural_component,stocks,natural-v6-20261005/stocks/06,1,initial,target_unit,exact_readable_content,True,True,"""EUR per share""","[""\""EUR per share\""""]","I need a forecast of adjusted closing share price. It is in EUR per share, sampled hourly, and I want 16 hours ahead. The file format is parquet."
constrained,natural_component,stocks,natural-v6-20261005/stocks/06,2,correction,forecast_horizon,exact_readable_content,True,True,"{""periods"":19,""unit"":""hour""}","[""{\""periods\"":19,\""unit\"":\""hour\""}""]",Use 19 hours for the forecast horizon instead of my earlier request.
constrained,natural_component,stocks,natural-v6-20261005/stocks/06,2,correction,target_column,new_unmentioned_slot,True,True,,"[""\""adjusted closing share price\""""]",Use 19 hours for the forecast horizon instead of my earlier request.
constrained,natural_component,stocks,natural-v6-20261005/stocks/06,2,correction,target_unit,repeated_prior_fact,True,True,,"[""\""EUR per share\""""]",Use 19 hours for the forecast horizon instead of my earlier request.
constrained,natural_component,stocks,natural-v6-20261005/stocks/06,3,unknown,prediction_interval_levels,new_unmentioned_slot,True,True,,"[""[90,95,99]""]","I need your questions about timezone, seasonal periods and prediction interval levels because I don't know them."
constrained,natural_component,stocks,natural-v6-20261005/stocks/06,3,unknown,seasonal_periods,new_unmentioned_slot,True,True,,"[""[12,24,36]""]","I need your questions about timezone, seasonal periods and prediction interval levels because I don't know them."
constrained,natural_component,stocks,natural-v6-20261005/stocks/06,3,unknown,timezone,new_unmentioned_slot,True,True,,"[""\""UTC\""""]","I need your questions about timezone, seasonal periods and prediction interval levels because I don't know them."
constrained,natural_component,stocks,natural-v6-20261005/stocks/07,1,initial,forecast_horizon,exact_readable_content,True,False,"{""periods"":12,""unit"":""day""}","[""{\""periods\"":12,\""unit\"":\""day\""}""]",Could you forecast daily log share return in percent? There is one observation per day. Predict 12 days ahead but refresh the forecast every 3 days.
constrained,natural_component,stocks,natural-v6-20261005/stocks/07,1,initial,frequency,exact_readable_content,True,False,"{""periods"":1,""unit"":""day""}","[""{\""periods\"":1,\""unit\"":\""day\""}""]",Could you forecast daily log share return in percent? There is one observation per day. Predict 12 days ahead but refresh the forecast every 3 days.
constrained,natural_component,stocks,natural-v6-20261005/stocks/07,1,initial,prediction_frequency,absent_from_readable_emissions,True,False,"{""periods"":3,""unit"":""day""}",[],Could you forecast daily log share return in percent? There is one observation per day. Predict 12 days ahead but refresh the forecast every 3 days.
constrained,natural_component,stocks,natural-v6-20261005/stocks/07,1,initial,target_description,different_value_or_type_not_adjudicated_semantically,True,False,"""daily log share return""","[""\""daily log share return in percent\""""]",Could you forecast daily log share return in percent? There is one observation per day. Predict 12 days ahead but refresh the forecast every 3 days.
constrained,natural_component,stocks,natural-v6-20261005/stocks/07,1,initial,target_unit,absent_from_readable_emissions,True,False,"""percent""",[],Could you forecast daily log share return in percent? There is one observation per day. Predict 12 days ahead but refresh the forecast every 3 days.
constrained,natural_component,stocks,natural-v6-20261005/stocks/07,2,correction,forecast_horizon,normalization_only,True,True,"{""periods"":15,""unit"":""day""}","[""{\""periods\"":15.0,\""unit\"":\""day\""}""]",One correction to my specification: the forecast horizon is now 15 days.
constrained,natural_component,stocks,natural-v6-20261005/stocks/08,1,initial,file_format,absent_from_readable_emissions,True,False,"""xlsx""",[],I want to forecast ETF trading volume in shares. I have weekly data and need the next 6 weeks. I will upload the spreadsheet in xlsx format.
constrained,natural_component,stocks,natural-v6-20261005/stocks/08,1,initial,forecast_horizon,absent_from_readable_emissions,True,False,"{""periods"":6,""unit"":""week""}",[],I want to forecast ETF trading volume in shares. I have weekly data and need the next 6 weeks. I will upload the spreadsheet in xlsx format.
constrained,natural_component,stocks,natural-v6-20261005/stocks/08,1,initial,frequency,exact_readable_content,True,False,"{""periods"":1,""unit"":""week""}","[""{\""periods\"":1,\""unit\"":\""week\""}""]",I want to forecast ETF trading volume in shares. I have weekly data and need the next 6 weeks. I will upload the spreadsheet in xlsx format.
constrained,natural_component,stocks,natural-v6-20261005/stocks/08,1,initial,source_mode,exact_readable_content,True,False,"""upload""","[""\""upload\""""]",I want to forecast ETF trading volume in shares. I have weekly data and need the next 6 weeks. I will upload the spreadsheet in xlsx format.
constrained,natural_component,stocks,natural-v6-20261005/stocks/08,1,initial,target_description,different_value_or_type_not_adjudicated_semantically,True,False,"""ETF trading volume""","[""\""ETF trading volume in shares\""""]",I want to forecast ETF trading volume in shares. I have weekly data and need the next 6 weeks. I will upload the spreadsheet in xlsx format.
constrained,natural_component,stocks,natural-v6-20261005/stocks/08,1,initial,target_unit,absent_from_readable_emissions,True,False,"""shares""",[],I want to forecast ETF trading volume in shares. I have weekly data and need the next 6 weeks. I will upload the spreadsheet in xlsx format.
constrained,natural_component,stocks,natural-v6-20261005/stocks/08,2,correction,forecast_horizon,exact_readable_content,True,True,"{""periods"":9,""unit"":""week""}","[""{\""periods\"":9,\""unit\"":\""week\""}""]",Replace the horizon I gave you with 9 weeks.
constrained,natural_component,stocks,natural-v6-20261005/stocks/08,2,correction,target_column,new_unmentioned_slot,True,True,,"[""\""ETF trading volume\""""]",Replace the horizon I gave you with 9 weeks.
constrained,natural_component,stocks,natural-v6-20261005/stocks/08,2,correction,target_unit,repeated_prior_fact,True,True,,"[""\""shares\""""]",Replace the horizon I gave you with 9 weeks.
constrained,natural_component,crypto,natural-v6-20261005/crypto/01,1,initial,forecast_horizon,exact_readable_content,True,True,"{""periods"":20,""unit"":""hour""}","[""{\""periods\"":20,\""unit\"":\""hour\""}""]","Can you forecast BTC/USD spot price in USD per BTC? My observations are hourly and I want 20 hours ahead, not a futures price."
constrained,natural_component,crypto,natural-v6-20261005/crypto/01,1,initial,frequency,exact_readable_content,True,True,"{""periods"":1,""unit"":""hour""}","[""{\""periods\"":1,\""unit\"":\""hour\""}""]","Can you forecast BTC/USD spot price in USD per BTC? My observations are hourly and I want 20 hours ahead, not a futures price."
constrained,natural_component,crypto,natural-v6-20261005/crypto/01,1,initial,target_description,different_value_or_type_not_adjudicated_semantically,True,True,"""BTC/USD spot price""","[""\""BTC/USD spot price in USD per BTC\""""]","Can you forecast BTC/USD spot price in USD per BTC? My observations are hourly and I want 20 hours ahead, not a futures price."
constrained,natural_component,crypto,natural-v6-20261005/crypto/01,1,initial,target_unit,exact_readable_content,True,True,"""USD per BTC""","[""\""USD per BTC\""""]","Can you forecast BTC/USD spot price in USD per BTC? My observations are hourly and I want 20 hours ahead, not a futures price."
constrained,natural_component,crypto,natural-v6-20261005/crypto/01,2,correction,forecast_horizon,normalization_only,True,True,"{""periods"":23,""unit"":""hour""}","[""{\""periods\"":23.0,\""unit\"":\""hour\""}""]","Actually, change the forecast horizon to 23 hours instead. Leave the other requirements alone."
constrained,natural_component,crypto,natural-v6-20261005/crypto/01,2,correction,target_column,new_unmentioned_slot,True,True,,"[""\""BTC/USD spot price\""""]","Actually, change the forecast horizon to 23 hours instead. Leave the other requirements alone."
constrained,natural_component,crypto,natural-v6-20261005/crypto/02,1,initial,forecast_horizon,exact_readable_content,True,True,"{""periods"":14,""unit"":""hour""}","[""{\""periods\"":14,\""unit\"":\""hour\""}""]","Please predict ETH trading volume, in ETH, using observations every 2 hours. I need the next 14 hours."
constrained,natural_component,crypto,natural-v6-20261005/crypto/02,1,initial,frequency,exact_readable_content,True,True,"{""periods"":2,""unit"":""hour""}","[""{\""periods\"":2,\""unit\"":\""hour\""}""]","Please predict ETH trading volume, in ETH, using observations every 2 hours. I need the next 14 hours."
constrained,natural_component,crypto,natural-v6-20261005/crypto/02,1,initial,target_description,different_value_or_type_not_adjudicated_semantically,True,True,"""ETH trading volume""","[""\""ETH trading volume, in ETH\""""]","Please predict ETH trading volume, in ETH, using observations every 2 hours. I need the next 14 hours."
constrained,natural_component,crypto,natural-v6-20261005/crypto/02,1,initial,target_unit,absent_from_readable_emissions,True,True,"""ETH""",[],"Please predict ETH trading volume, in ETH, using observations every 2 hours. I need the next 14 hours."
constrained,natural_component,crypto,natural-v6-20261005/crypto/02,2,correction,forecast_horizon,exact_readable_content,True,True,"{""periods"":17,""unit"":""hour""}","[""{\""periods\"":17,\""unit\"":\""hour\""}""]","Correction: I need 17 hours ahead, replacing the earlier horizon."
constrained,natural_component,crypto,natural-v6-20261005/crypto/02,2,correction,forecast_start,new_unmentioned_slot,True,True,,"[""\""2024-01-01T00:00:00Z\""""]","Correction: I need 17 hours ahead, replacing the earlier horizon."
constrained,natural_component,crypto,natural-v6-20261005/crypto/02,2,correction,frequency,new_unmentioned_slot,True,True,,"[""{\""periods\"":1,\""unit\"":\""hour\""}""]","Correction: I need 17 hours ahead, replacing the earlier horizon."
constrained,natural_component,crypto,natural-v6-20261005/crypto/03,1,initial,file_format,absent_from_readable_emissions,True,False,"""csv""",[],Help me forecast perpetual-swap funding rate. Units are percent per 8 hours and observations come every 8 hours. Look ahead 48 hours. I will upload CSV data.
constrained,natural_component,crypto,natural-v6-20261005/crypto/03,1,initial,forecast_horizon,exact_readable_content,True,False,"{""periods"":48,""unit"":""hour""}","[""{\""periods\"":48,\""unit\"":\""hour\""}""]",Help me forecast perpetual-swap funding rate. Units are percent per 8 hours and observations come every 8 hours. Look ahead 48 hours. I will upload CSV data.
constrained,natural_component,crypto,natural-v6-20261005/crypto/03,1,initial,frequency,absent_from_readable_emissions,True,False,"{""periods"":8,""unit"":""hour""}",[],Help me forecast perpetual-swap funding rate. Units are percent per 8 hours and observations come every 8 hours. Look ahead 48 hours. I will upload CSV data.
constrained,natural_component,crypto,natural-v6-20261005/crypto/03,1,initial,source_mode,exact_readable_content,True,False,"""upload""","[""\""upload\""""]",Help me forecast perpetual-swap funding rate. Units are percent per 8 hours and observations come every 8 hours. Look ahead 48 hours. I will upload CSV data.
constrained,natural_component,crypto,natural-v6-20261005/crypto/03,1,initial,target_description,exact_readable_content,True,False,"""perpetual-swap funding rate""","[""\""perpetual-swap funding rate\""""]",Help me forecast perpetual-swap funding rate. Units are percent per 8 hours and observations come every 8 hours. Look ahead 48 hours. I will upload CSV data.
constrained,natural_component,crypto,natural-v6-20261005/crypto/03,1,initial,target_unit,exact_readable_content,True,False,"""percent per 8 hours""","[""\""percent per 8 hours\""""]",Help me forecast perpetual-swap funding rate. Units are percent per 8 hours and observations come every 8 hours. Look ahead 48 hours. I will upload CSV data.
constrained,natural_component,crypto,natural-v6-20261005/crypto/03,2,correction,forecast_horizon,normalization_only,True,False,"{""periods"":51,""unit"":""hour""}","[""{\""periods\"":51.0,\""unit\"":\""hour\""}""]","I changed my mind about the horizon. Forecast the next 51 hours, please."
constrained,natural_component,crypto,natural-v6-20261005/crypto/04,1,initial,forecast_horizon,absent_from_readable_emissions,True,False,"{""periods"":30,""unit"":""hour""}",[],I need a forecast of futures open interest in contracts. This is hourly data and the horizon is 30 hours. Read open_contracts as the target and event_time as the timestamp.
constrained,natural_component,crypto,natural-v6-20261005/crypto/04,1,initial,frequency,exact_readable_content,True,False,"{""periods"":1,""unit"":""hour""}","[""{\""periods\"":1,\""unit\"":\""hour\""}""]",I need a forecast of futures open interest in contracts. This is hourly data and the horizon is 30 hours. Read open_contracts as the target and event_time as the timestamp.
constrained,natural_component,crypto,natural-v6-20261005/crypto/04,1,initial,target_column,exact_readable_content,True,False,"""open_contracts""","[""\""open_contracts\""""]",I need a forecast of futures open interest in contracts. This is hourly data and the horizon is 30 hours. Read open_contracts as the target and event_time as the timestamp.
constrained,natural_component,crypto,natural-v6-20261005/crypto/04,1,initial,target_description,different_value_or_type_not_adjudicated_semantically,True,False,"""futures open interest""","[""\""futures open interest in contracts\""""]",I need a forecast of futures open interest in contracts. This is hourly data and the horizon is 30 hours. Read open_contracts as the target and event_time as the timestamp.
constrained,natural_component,crypto,natural-v6-20261005/crypto/04,1,initial,target_unit,absent_from_readable_emissions,True,False,"""contracts""",[],I need a forecast of futures open interest in contracts. This is hourly data and the horizon is 30 hours. Read open_contracts as the target and event_time as the timestamp.
constrained,natural_component,crypto,natural-v6-20261005/crypto/04,1,initial,time_column,absent_from_readable_emissions,True,False,"""event_time""",[],I need a forecast of futures open interest in contracts. This is hourly data and the horizon is 30 hours. Read open_contracts as the target and event_time as the timestamp.
constrained,natural_component,crypto,natural-v6-20261005/crypto/04,2,correction,forecast_horizon,exact_readable_content,True,True,"{""periods"":33,""unit"":""hour""}","[""{\""periods\"":33,\""unit\"":\""hour\""}""]",That previous forecast horizon is wrong: make it 33 hours.
constrained,natural_component,crypto,natural-v6-20261005/crypto/05,1,initial,forecast_horizon,exact_readable_content,True,False,"{""periods"":7,""unit"":""day""}","[""{\""periods\"":7,\""unit\"":\""day\""}""]","Please forecast realized volatility, in percent per year, from daily observations for the next 7 days."
constrained,natural_component,crypto,natural-v6-20261005/crypto/05,1,initial,frequency,exact_readable_content,True,False,"{""periods"":1,""unit"":""day""}","[""{\""periods\"":1,\""unit\"":\""day\""}""]","Please forecast realized volatility, in percent per year, from daily observations for the next 7 days."
constrained,natural_component,crypto,natural-v6-20261005/crypto/05,1,initial,target_description,different_value_or_type_not_adjudicated_semantically,True,False,"""realized volatility""","[""\""realized volatility, in percent per year\""""]","Please forecast realized volatility, in percent per year, from daily observations for the next 7 days."
constrained,natural_component,crypto,natural-v6-20261005/crypto/05,1,initial,target_unit,absent_from_readable_emissions,True,False,"""percent per year""",[],"Please forecast realized volatility, in percent per year, from daily observations for the next 7 days."
constrained,natural_component,crypto,natural-v6-20261005/crypto/05,2,correction,forecast_horizon,normalization_only,True,True,"{""periods"":10,""unit"":""day""}","[""{\""periods\"":10.0,\""unit\"":\""day\""}""]",Please revise the forecast horizon to 10 days. Everything else stays the same.
constrained,natural_component,crypto,natural-v6-20261005/crypto/05,2,correction,target_column,new_unmentioned_slot,True,True,,"[""\""realized volatility\""""]",Please revise the forecast horizon to 10 days. Everything else stays the same.
constrained,natural_component,crypto,natural-v6-20261005/crypto/06,1,initial,file_format,exact_readable_content,True,True,"""parquet""","[""\""parquet\""""]","Predict futures-minus-spot basis, measured in basis points. Each observation is 1 hour apart; I need a 2 day horizon. The file will be parquet."
constrained,natural_component,crypto,natural-v6-20261005/crypto/06,1,initial,forecast_horizon,exact_readable_content,True,True,"{""periods"":2,""unit"":""day""}","[""{\""periods\"":2,\""unit\"":\""day\""}""]","Predict futures-minus-spot basis, measured in basis points. Each observation is 1 hour apart; I need a 2 day horizon. The file will be parquet."
constrained,natural_component,crypto,natural-v6-20261005/crypto/06,1,initial,frequency,exact_readable_content,True,True,"{""periods"":1,""unit"":""hour""}","[""{\""periods\"":1,\""unit\"":\""hour\""}""]","Predict futures-minus-spot basis, measured in basis points. Each observation is 1 hour apart; I need a 2 day horizon. The file will be parquet."
constrained,natural_component,crypto,natural-v6-20261005/crypto/06,1,initial,target_description,different_value_or_type_not_adjudicated_semantically,True,True,"""futures-minus-spot basis""","[""\""futures-minus-spot basis, measured in basis points\""""]","Predict futures-minus-spot basis, measured in basis points. Each observation is 1 hour apart; I need a 2 day horizon. The file will be parquet."
constrained,natural_component,crypto,natural-v6-20261005/crypto/06,1,initial,target_unit,absent_from_readable_emissions,True,True,"""basis points""",[],"Predict futures-minus-spot basis, measured in basis points. Each observation is 1 hour apart; I need a 2 day horizon. The file will be parquet."
constrained,natural_component,crypto,natural-v6-20261005/crypto/06,2,correction,forecast_horizon,normalization_only,True,True,"{""periods"":5,""unit"":""day""}","[""{\""periods\"":5.0,\""unit\"":\""day\""}""]",Use 5 days for the forecast horizon instead of my earlier request.
constrained,natural_component,crypto,natural-v6-20261005/crypto/06,2,correction,target_column,new_unmentioned_slot,True,True,,"[""\""futures-minus-spot basis\""""]",Use 5 days for the forecast horizon instead of my earlier request.
constrained,natural_component,crypto,natural-v6-20261005/crypto/06,2,correction,target_unit,repeated_prior_fact,True,True,,"[""\""basis points\""""]",Use 5 days for the forecast horizon instead of my earlier request.
constrained,natural_component,crypto,natural-v6-20261005/crypto/07,1,initial,forecast_horizon,exact_readable_content,True,True,"{""periods"":18,""unit"":""hour""}","[""{\""periods\"":18,\""unit\"":\""hour\""}""]","Can you forecast BTC log return in percent? I have one observation every hour. Predict 18 hours ahead, but make a fresh forecast every 6 hours."
constrained,natural_component,crypto,natural-v6-20261005/crypto/07,1,initial,frequency,exact_readable_content,True,True,"{""periods"":1,""unit"":""hour""}","[""{\""periods\"":1,\""unit\"":\""hour\""}""]","Can you forecast BTC log return in percent? I have one observation every hour. Predict 18 hours ahead, but make a fresh forecast every 6 hours."
constrained,natural_component,crypto,natural-v6-20261005/crypto/07,1,initial,prediction_frequency,absent_from_readable_emissions,True,True,"{""periods"":6,""unit"":""hour""}",[],"Can you forecast BTC log return in percent? I have one observation every hour. Predict 18 hours ahead, but make a fresh forecast every 6 hours."
constrained,natural_component,crypto,natural-v6-20261005/crypto/07,1,initial,target_description,different_value_or_type_not_adjudicated_semantically,True,True,"""BTC log return""","[""\""BTC log return in percent\""""]","Can you forecast BTC log return in percent? I have one observation every hour. Predict 18 hours ahead, but make a fresh forecast every 6 hours."
constrained,natural_component,crypto,natural-v6-20261005/crypto/07,1,initial,target_unit,absent_from_readable_emissions,True,True,"""percent""",[],"Can you forecast BTC log return in percent? I have one observation every hour. Predict 18 hours ahead, but make a fresh forecast every 6 hours."
constrained,natural_component,crypto,natural-v6-20261005/crypto/07,2,correction,forecast_horizon,normalization_only,True,True,"{""periods"":21,""unit"":""hour""}","[""{\""periods\"":21.0,\""unit\"":\""hour\""}""]",One correction to my specification: the forecast horizon is now 21 hours.
constrained,natural_component,crypto,natural-v6-20261005/crypto/08,1,initial,file_format,absent_from_readable_emissions,True,True,"""json""",[],I want a forecast of digital-asset market capitalization in millions of USD. We observe it daily and need 15 days ahead. I will upload JSON data.
constrained,natural_component,crypto,natural-v6-20261005/crypto/08,1,initial,forecast_horizon,absent_from_readable_emissions,True,True,"{""periods"":15,""unit"":""day""}",[],I want a forecast of digital-asset market capitalization in millions of USD. We observe it daily and need 15 days ahead. I will upload JSON data.
constrained,natural_component,crypto,natural-v6-20261005/crypto/08,1,initial,frequency,exact_readable_content,True,True,"{""periods"":1,""unit"":""day""}","[""{\""periods\"":1,\""unit\"":\""day\""}""]",I want a forecast of digital-asset market capitalization in millions of USD. We observe it daily and need 15 days ahead. I will upload JSON data.
constrained,natural_component,crypto,natural-v6-20261005/crypto/08,1,initial,source_mode,exact_readable_content,True,True,"""upload""","[""\""upload\""""]",I want a forecast of digital-asset market capitalization in millions of USD. We observe it daily and need 15 days ahead. I will upload JSON data.
constrained,natural_component,crypto,natural-v6-20261005/crypto/08,1,initial,target_description,different_value_or_type_not_adjudicated_semantically,True,True,"""digital-asset market capitalization""","[""\""digital-asset market capitalization in millions of USD\""""]",I want a forecast of digital-asset market capitalization in millions of USD. We observe it daily and need 15 days ahead. I will upload JSON data.
constrained,natural_component,crypto,natural-v6-20261005/crypto/08,1,initial,target_unit,absent_from_readable_emissions,True,True,"""millions of USD""",[],I want a forecast of digital-asset market capitalization in millions of USD. We observe it daily and need 15 days ahead. I will upload JSON data.
constrained,natural_component,crypto,natural-v6-20261005/crypto/08,2,correction,forecast_horizon,normalization_only,True,True,"{""periods"":18,""unit"":""day""}","[""{\""periods\"":18.0,\""unit\"":\""day\""}""]",Replace the horizon I gave you with 18 days.
constrained,natural_component,crypto,natural-v6-20261005/crypto/08,2,correction,target_column,new_unmentioned_slot,True,True,,"[""\""digital-asset market capitalization\""""]",Replace the horizon I gave you with 18 days.
constrained,natural_component,crypto,natural-v6-20261005/crypto/08,2,correction,target_unit,repeated_prior_fact,True,True,,"[""\""millions of USD\""""]",Replace the horizon I gave you with 18 days.
constrained,natural_rollout,weather,natural-v6-20261005/weather/01,1,initial,file_format,exact_readable_content,True,False,"""csv""","[""\""csv\""""]","Could you forecast afternoon air temperature? My readings are daily, in degrees Celsius, and I need the next 5 days. The file is CSV."
constrained,natural_rollout,weather,natural-v6-20261005/weather/01,1,initial,forecast_horizon,absent_from_readable_emissions,True,False,"{""periods"":5,""unit"":""day""}",[],"Could you forecast afternoon air temperature? My readings are daily, in degrees Celsius, and I need the next 5 days. The file is CSV."
constrained,natural_rollout,weather,natural-v6-20261005/weather/01,1,initial,frequency,exact_readable_content,True,False,"{""periods"":1,""unit"":""day""}","[""{\""periods\"":1,\""unit\"":\""day\""}""]","Could you forecast afternoon air temperature? My readings are daily, in degrees Celsius, and I need the next 5 days. The file is CSV."
constrained,natural_rollout,weather,natural-v6-20261005/weather/01,1,initial,target_description,exact_readable_content,True,False,"""afternoon air temperature""","[""\""afternoon air temperature\""""]","Could you forecast afternoon air temperature? My readings are daily, in degrees Celsius, and I need the next 5 days. The file is CSV."
constrained,natural_rollout,weather,natural-v6-20261005/weather/01,1,initial,target_unit,absent_from_readable_emissions,True,False,"""degrees Celsius""",[],"Could you forecast afternoon air temperature? My readings are daily, in degrees Celsius, and I need the next 5 days. The file is CSV."
constrained,natural_rollout,weather,natural-v6-20261005/weather/01,2,correction,forecast_horizon,exact_readable_content,True,True,"{""periods"":8,""unit"":""day""}","[""{\""periods\"":8,\""unit\"":\""day\""}""]","Actually, change the forecast horizon to 8 days instead. Leave the other requirements alone."
constrained,natural_rollout,weather,natural-v6-20261005/weather/02,1,initial,forecast_horizon,absent_from_readable_emissions,True,True,"{""periods"":36,""unit"":""hour""}",[],"Rain is what I care about: please predict accumulated rainfall, measured in millimetres. I have hourly readings and want 36 hours ahead."
constrained,natural_rollout,weather,natural-v6-20261005/weather/02,1,initial,frequency,exact_readable_content,True,True,"{""periods"":1,""unit"":""hour""}","[""{\""periods\"":1,\""unit\"":\""hour\""}""]","Rain is what I care about: please predict accumulated rainfall, measured in millimetres. I have hourly readings and want 36 hours ahead."
constrained,natural_rollout,weather,natural-v6-20261005/weather/02,1,initial,target_description,different_value_or_type_not_adjudicated_semantically,True,True,"""accumulated rainfall""","[""\""accumulated rainfall, measured in millimetres\""""]","Rain is what I care about: please predict accumulated rainfall, measured in millimetres. I have hourly readings and want 36 hours ahead."
constrained,natural_rollout,weather,natural-v6-20261005/weather/02,1,initial,target_unit,absent_from_readable_emissions,True,True,"""millimetres""",[],"Rain is what I care about: please predict accumulated rainfall, measured in millimetres. I have hourly readings and want 36 hours ahead."
constrained,natural_rollout,weather,natural-v6-20261005/weather/02,2,correction,forecast_horizon,exact_readable_content,True,True,"{""periods"":39,""unit"":""hour""}","[""{\""periods\"":39,\""unit\"":\""hour\""}""]","Correction: I need 39 hours ahead, replacing the earlier horizon."
constrained,natural_rollout,weather,natural-v6-20261005/weather/02,2,correction,target_column,new_unmentioned_slot,True,True,,"[""\""accumulated rainfall, measured in millimetres\""""]","Correction: I need 39 hours ahead, replacing the earlier horizon."
constrained,natural_rollout,weather,natural-v6-20261005/weather/03,1,initial,file_format,absent_from_readable_emissions,True,False,"""parquet""",[],"I need a forecast of peak wind speed in metres per second, every hour, out to 12 hours. I will upload the data as parquet."
constrained,natural_rollout,weather,natural-v6-20261005/weather/03,1,initial,forecast_horizon,exact_readable_content,True,False,"{""periods"":12,""unit"":""hour""}","[""{\""periods\"":12,\""unit\"":\""hour\""}""]","I need a forecast of peak wind speed in metres per second, every hour, out to 12 hours. I will upload the data as parquet."
constrained,natural_rollout,weather,natural-v6-20261005/weather/03,1,initial,frequency,exact_readable_content,True,False,"{""periods"":1,""unit"":""hour""}","[""{\""periods\"":1,\""unit\"":\""hour\""}""]","I need a forecast of peak wind speed in metres per second, every hour, out to 12 hours. I will upload the data as parquet."
constrained,natural_rollout,weather,natural-v6-20261005/weather/03,1,initial,source_mode,exact_readable_content,True,False,"""upload""","[""\""upload\""""]","I need a forecast of peak wind speed in metres per second, every hour, out to 12 hours. I will upload the data as parquet."
constrained,natural_rollout,weather,natural-v6-20261005/weather/03,1,initial,target_description,different_value_or_type_not_adjudicated_semantically,True,False,"""peak wind speed""","[""\""peak wind speed in metres per second\""""]","I need a forecast of peak wind speed in metres per second, every hour, out to 12 hours. I will upload the data as parquet."
constrained,natural_rollout,weather,natural-v6-20261005/weather/03,1,initial,target_unit,absent_from_readable_emissions,True,False,"""metres per second""",[],"I need a forecast of peak wind speed in metres per second, every hour, out to 12 hours. I will upload the data as parquet."
constrained,natural_rollout,weather,natural-v6-20261005/weather/03,2,correction,forecast_horizon,exact_readable_content,True,False,"{""periods"":15,""unit"":""hour""}","[""{\""periods\"":15,\""unit\"":\""hour\""}""]","I changed my mind about the horizon. Forecast the next 15 hours, please."
constrained,natural_rollout,weather,natural-v6-20261005/weather/04,1,initial,forecast_horizon,absent_from_readable_emissions,True,False,"{""periods"":9,""unit"":""day""}",[],"Help me predict relative humidity. It is in percent, observed daily; look ahead 9 days. Read humidity_pct as the target and observation_date as the timestamp."
constrained,natural_rollout,weather,natural-v6-20261005/weather/04,1,initial,frequency,absent_from_readable_emissions,True,False,"{""periods"":1,""unit"":""day""}",[],"Help me predict relative humidity. It is in percent, observed daily; look ahead 9 days. Read humidity_pct as the target and observation_date as the timestamp."
constrained,natural_rollout,weather,natural-v6-20261005/weather/04,1,initial,target_column,exact_readable_content,True,False,"""humidity_pct""","[""\""humidity_pct\""""]","Help me predict relative humidity. It is in percent, observed daily; look ahead 9 days. Read humidity_pct as the target and observation_date as the timestamp."
constrained,natural_rollout,weather,natural-v6-20261005/weather/04,1,initial,target_description,exact_readable_content,True,False,"""relative humidity""","[""\""relative humidity\""""]","Help me predict relative humidity. It is in percent, observed daily; look ahead 9 days. Read humidity_pct as the target and observation_date as the timestamp."
constrained,natural_rollout,weather,natural-v6-20261005/weather/04,1,initial,target_unit,exact_readable_content,True,False,"""percent""","[""\""percent\""""]","Help me predict relative humidity. It is in percent, observed daily; look ahead 9 days. Read humidity_pct as the target and observation_date as the timestamp."
constrained,natural_rollout,weather,natural-v6-20261005/weather/04,1,initial,time_column,absent_from_readable_emissions,True,False,"""observation_date""",[],"Help me predict relative humidity. It is in percent, observed daily; look ahead 9 days. Read humidity_pct as the target and observation_date as the timestamp."
constrained,natural_rollout,weather,natural-v6-20261005/weather/04,2,correction,forecast_horizon,exact_readable_content,True,True,"{""periods"":12,""unit"":""day""}","[""{\""periods\"":12,\""unit\"":\""day\""}""]",That previous forecast horizon is wrong: make it 12 days.
constrained,natural_rollout,weather,natural-v6-20261005/weather/05,1,initial,forecast_horizon,exact_readable_content,True,True,"{""periods"":18,""unit"":""hour""}","[""{\""periods\"":18,\""unit\"":\""hour\""}""]","What I want forecast is cloud cover, in percent. We record it every 3 hours. Please look 18 hours into the future."
constrained,natural_rollout,weather,natural-v6-20261005/weather/05,1,initial,frequency,exact_readable_content,True,True,"{""periods"":3,""unit"":""hour""}","[""{\""periods\"":3,\""unit\"":\""hour\""}""]","What I want forecast is cloud cover, in percent. We record it every 3 hours. Please look 18 hours into the future."
constrained,natural_rollout,weather,natural-v6-20261005/weather/05,1,initial,target_description,different_value_or_type_not_adjudicated_semantically,True,True,"""cloud cover""","[""\""cloud cover, in percent\""""]","What I want forecast is cloud cover, in percent. We record it every 3 hours. Please look 18 hours into the future."
constrained,natural_rollout,weather,natural-v6-20261005/weather/05,1,initial,target_unit,absent_from_readable_emissions,True,True,"""percent""",[],"What I want forecast is cloud cover, in percent. We record it every 3 hours. Please look 18 hours into the future."
constrained,natural_rollout,weather,natural-v6-20261005/weather/05,2,correction,forecast_horizon,normalization_only,True,True,"{""periods"":21,""unit"":""hour""}","[""{\""periods\"":21.0,\""unit\"":\""hour\""}""]",Please revise the forecast horizon to 21 hours. Everything else stays the same.
constrained,natural_rollout,weather,natural-v6-20261005/weather/05,2,correction,target_column,new_unmentioned_slot,True,True,,"[""\""cloud cover, in percent\""""]",Please revise the forecast horizon to 21 hours. Everything else stays the same.
constrained,natural_rollout,weather,natural-v6-20261005/weather/06,1,initial,forecast_horizon,exact_readable_content,True,False,"{""periods"":2,""unit"":""day""}","[""{\""periods\"":2,\""unit\"":\""day\""}""]",Can we forecast sea-level pressure? Values are in hectopascals and arrive every 6 hours. I need a 2 day horizon.
constrained,natural_rollout,weather,natural-v6-20261005/weather/06,1,initial,frequency,absent_from_readable_emissions,True,False,"{""periods"":6,""unit"":""hour""}",[],Can we forecast sea-level pressure? Values are in hectopascals and arrive every 6 hours. I need a 2 day horizon.
constrained,natural_rollout,weather,natural-v6-20261005/weather/06,1,initial,target_description,exact_readable_content,True,False,"""sea-level pressure""","[""\""sea-level pressure\""""]",Can we forecast sea-level pressure? Values are in hectopascals and arrive every 6 hours. I need a 2 day horizon.
constrained,natural_rollout,weather,natural-v6-20261005/weather/06,1,initial,target_unit,absent_from_readable_emissions,True,False,"""hectopascals""",[],Can we forecast sea-level pressure? Values are in hectopascals and arrive every 6 hours. I need a 2 day horizon.
constrained,natural_rollout,weather,natural-v6-20261005/weather/06,2,correction,forecast_horizon,exact_readable_content,True,True,"{""periods"":5,""unit"":""day""}","[""{\""periods\"":5,\""unit\"":\""day\""}""]",Use 5 days for the forecast horizon instead of my earlier request.
constrained,natural_rollout,weather,natural-v6-20261005/weather/07,1,initial,forecast_horizon,exact_readable_content,True,False,"{""periods"":8,""unit"":""day""}","[""{\""periods\"":8,\""unit\"":\""day\""}""]","Please predict overnight minimum temperature in degrees Fahrenheit. Observations are daily. Forecast 8 days ahead, and generate a fresh forecast every 2 days."
constrained,natural_rollout,weather,natural-v6-20261005/weather/07,1,initial,frequency,exact_readable_content,True,False,"{""periods"":1,""unit"":""day""}","[""{\""periods\"":1,\""unit\"":\""day\""}""]","Please predict overnight minimum temperature in degrees Fahrenheit. Observations are daily. Forecast 8 days ahead, and generate a fresh forecast every 2 days."
constrained,natural_rollout,weather,natural-v6-20261005/weather/07,1,initial,prediction_frequency,exact_readable_content,True,False,"{""periods"":2,""unit"":""day""}","[""{\""periods\"":2,\""unit\"":\""day\""}""]","Please predict overnight minimum temperature in degrees Fahrenheit. Observations are daily. Forecast 8 days ahead, and generate a fresh forecast every 2 days."
constrained,natural_rollout,weather,natural-v6-20261005/weather/07,1,initial,target_description,different_value_or_type_not_adjudicated_semantically,True,False,"""overnight minimum temperature""","[""\""overnight minimum temperature in degrees Fahrenheit\""""]","Please predict overnight minimum temperature in degrees Fahrenheit. Observations are daily. Forecast 8 days ahead, and generate a fresh forecast every 2 days."
constrained,natural_rollout,weather,natural-v6-20261005/weather/07,1,initial,target_unit,absent_from_readable_emissions,True,False,"""degrees Fahrenheit""",[],"Please predict overnight minimum temperature in degrees Fahrenheit. Observations are daily. Forecast 8 days ahead, and generate a fresh forecast every 2 days."
constrained,natural_rollout,weather,natural-v6-20261005/weather/07,2,correction,forecast_horizon,exact_readable_content,True,True,"{""periods"":11,""unit"":""day""}","[""{\""periods\"":11,\""unit\"":\""day\""}""]",One correction to my specification: the forecast horizon is now 11 days.
constrained,natural_rollout,weather,natural-v6-20261005/weather/08,1,initial,file_format,exact_readable_content,True,True,"""xlsx""","[""\""xlsx\""""]","Build a forecast for sunshine duration, measured in hours, with one observation every week. I need the next 4 weeks. The uploaded file is xlsx."
constrained,natural_rollout,weather,natural-v6-20261005/weather/08,1,initial,forecast_horizon,exact_readable_content,True,True,"{""periods"":4,""unit"":""week""}","[""{\""periods\"":4,\""unit\"":\""week\""}""]","Build a forecast for sunshine duration, measured in hours, with one observation every week. I need the next 4 weeks. The uploaded file is xlsx."
constrained,natural_rollout,weather,natural-v6-20261005/weather/08,1,initial,frequency,exact_readable_content,True,True,"{""periods"":1,""unit"":""week""}","[""{\""periods\"":1,\""unit\"":\""week\""}""]","Build a forecast for sunshine duration, measured in hours, with one observation every week. I need the next 4 weeks. The uploaded file is xlsx."
constrained,natural_rollout,weather,natural-v6-20261005/weather/08,1,initial,source_mode,exact_readable_content,True,True,"""upload""","[""\""upload\""""]","Build a forecast for sunshine duration, measured in hours, with one observation every week. I need the next 4 weeks. The uploaded file is xlsx."
constrained,natural_rollout,weather,natural-v6-20261005/weather/08,1,initial,target_description,different_value_or_type_not_adjudicated_semantically,True,True,"""sunshine duration""","[""\""sunshine duration, measured in hours\""""]","Build a forecast for sunshine duration, measured in hours, with one observation every week. I need the next 4 weeks. The uploaded file is xlsx."
constrained,natural_rollout,weather,natural-v6-20261005/weather/08,1,initial,target_unit,absent_from_readable_emissions,True,True,"""hours""",[],"Build a forecast for sunshine duration, measured in hours, with one observation every week. I need the next 4 weeks. The uploaded file is xlsx."
constrained,natural_rollout,weather,natural-v6-20261005/weather/08,2,correction,forecast_horizon,normalization_only,True,True,"{""periods"":7,""unit"":""week""}","[""{\""periods\"":7.0,\""unit\"":\""week\""}""]",Replace the horizon I gave you with 7 weeks.
constrained,natural_rollout,weather,natural-v6-20261005/weather/08,2,correction,target_column,new_unmentioned_slot,True,True,,"[""\""sunshine duration, measured in hours\""""]",Replace the horizon I gave you with 7 weeks.
constrained,natural_rollout,inflation,natural-v6-20261005/inflation/01,1,initial,forecast_horizon,exact_readable_content,True,True,"{""periods"":5,""unit"":""month""}","[""{\""periods\"":5,\""unit\"":\""month\""}""]","Please forecast year-over-year CPI inflation, in percent, from monthly observations. I need the coming 5 months, not a forecast of the CPI index."
constrained,natural_rollout,inflation,natural-v6-20261005/inflation/01,1,initial,frequency,absent_from_readable_emissions,True,True,"{""periods"":1,""unit"":""month""}",[],"Please forecast year-over-year CPI inflation, in percent, from monthly observations. I need the coming 5 months, not a forecast of the CPI index."
constrained,natural_rollout,inflation,natural-v6-20261005/inflation/01,1,initial,target_description,different_value_or_type_not_adjudicated_semantically,True,True,"""year-over-year CPI inflation""","[""\""year-over-year CPI inflation, in percent\""""]","Please forecast year-over-year CPI inflation, in percent, from monthly observations. I need the coming 5 months, not a forecast of the CPI index."
constrained,natural_rollout,inflation,natural-v6-20261005/inflation/01,1,initial,target_unit,absent_from_readable_emissions,True,True,"""percent""",[],"Please forecast year-over-year CPI inflation, in percent, from monthly observations. I need the coming 5 months, not a forecast of the CPI index."
constrained,natural_rollout,inflation,natural-v6-20261005/inflation/01,2,correction,forecast_horizon,exact_readable_content,True,True,"{""periods"":8,""unit"":""month""}","[""{\""periods\"":8,\""unit\"":\""month\""}""]","Actually, change the forecast horizon to 8 months instead. Leave the other requirements alone."
constrained,natural_rollout,inflation,natural-v6-20261005/inflation/01,2,correction,target_column,new_unmentioned_slot,True,True,,"[""\""year-over-year CPI inflation, in percent\""""]","Actually, change the forecast horizon to 8 months instead. Leave the other requirements alone."
constrained,natural_rollout,inflation,natural-v6-20261005/inflation/02,1,initial,forecast_horizon,absent_from_readable_emissions,True,True,"{""periods"":8,""unit"":""month""}",[],"Can you predict the headline CPI index level? Units are index points, base 2015=100. It is monthly and I want 8 months ahead."
constrained,natural_rollout,inflation,natural-v6-20261005/inflation/02,1,initial,frequency,exact_readable_content,True,True,"{""periods"":1,""unit"":""month""}","[""{\""periods\"":1,\""unit\"":\""month\""}""]","Can you predict the headline CPI index level? Units are index points, base 2015=100. It is monthly and I want 8 months ahead."
constrained,natural_rollout,inflation,natural-v6-20261005/inflation/02,1,initial,target_description,exact_readable_content,True,True,"""headline CPI index level""","[""\""headline CPI index level\""""]","Can you predict the headline CPI index level? Units are index points, base 2015=100. It is monthly and I want 8 months ahead."
constrained,natural_rollout,inflation,natural-v6-20261005/inflation/02,1,initial,target_unit,exact_readable_content,True,True,"""index points, base 2015=100""","[""\""index points, base 2015=100\""""]","Can you predict the headline CPI index level? Units are index points, base 2015=100. It is monthly and I want 8 months ahead."
constrained,natural_rollout,inflation,natural-v6-20261005/inflation/02,2,correction,forecast_horizon,exact_readable_content,True,True,"{""periods"":11,""unit"":""month""}","[""{\""periods\"":11,\""unit\"":\""month\""}""]","Correction: I need 11 months ahead, replacing the earlier horizon."
constrained,natural_rollout,inflation,natural-v6-20261005/inflation/02,2,correction,target_column,new_unmentioned_slot,True,True,,"[""\""headline CPI index level\""""]","Correction: I need 11 months ahead, replacing the earlier horizon."
constrained,natural_rollout,inflation,natural-v6-20261005/inflation/02,2,correction,target_unit,repeated_prior_fact,True,True,,"[""\""index points, base 2015=100\""""]","Correction: I need 11 months ahead, replacing the earlier horizon."
constrained,natural_rollout,inflation,natural-v6-20261005/inflation/03,1,initial,file_format,exact_readable_content,True,True,"""csv""","[""\""csv\""""]",I need a forecast of month-over-month core inflation. The unit is percent. Observations arrive monthly; forecast the next 3 months. The file is csv.
constrained,natural_rollout,inflation,natural-v6-20261005/inflation/03,1,initial,forecast_horizon,exact_readable_content,True,True,"{""periods"":3,""unit"":""month""}","[""{\""periods\"":3,\""unit\"":\""month\""}""]",I need a forecast of month-over-month core inflation. The unit is percent. Observations arrive monthly; forecast the next 3 months. The file is csv.
constrained,natural_rollout,inflation,natural-v6-20261005/inflation/03,1,initial,frequency,exact_readable_content,True,True,"{""periods"":1,""unit"":""month""}","[""{\""periods\"":1,\""unit\"":\""month\""}""]",I need a forecast of month-over-month core inflation. The unit is percent. Observations arrive monthly; forecast the next 3 months. The file is csv.
constrained,natural_rollout,inflation,natural-v6-20261005/inflation/03,1,initial,target_description,exact_readable_content,True,True,"""month-over-month core inflation""","[""\""month-over-month core inflation\""""]",I need a forecast of month-over-month core inflation. The unit is percent. Observations arrive monthly; forecast the next 3 months. The file is csv.
constrained,natural_rollout,inflation,natural-v6-20261005/inflation/03,1,initial,target_unit,exact_readable_content,True,True,"""percent""","[""\""percent\""""]",I need a forecast of month-over-month core inflation. The unit is percent. Observations arrive monthly; forecast the next 3 months. The file is csv.
constrained,natural_rollout,inflation,natural-v6-20261005/inflation/03,2,correction,forecast_horizon,normalization_only,True,False,"{""periods"":6,""unit"":""month""}","[""{\""periods\"":6.0,\""unit\"":\""month\""}""]","I changed my mind about the horizon. Forecast the next 6 months, please."
constrained,natural_rollout,inflation,natural-v6-20261005/inflation/04,1,initial,forecast_horizon,exact_readable_content,True,True,"{""periods"":11,""unit"":""month""}","[""{\""periods\"":11,\""unit\"":\""month\""}""]",Help me predict food-price inflation in percent. There is one observation each month. Look 11 months ahead. The target column is food_inflation and the date column is month_end.
constrained,natural_rollout,inflation,natural-v6-20261005/inflation/04,1,initial,frequency,exact_readable_content,True,True,"{""periods"":1,""unit"":""month""}","[""{\""periods\"":1,\""unit\"":\""month\""}""]",Help me predict food-price inflation in percent. There is one observation each month. Look 11 months ahead. The target column is food_inflation and the date column is month_end.
constrained,natural_rollout,inflation,natural-v6-20261005/inflation/04,1,initial,target_column,exact_readable_content,True,True,"""food_inflation""","[""\""food_inflation\""""]",Help me predict food-price inflation in percent. There is one observation each month. Look 11 months ahead. The target column is food_inflation and the date column is month_end.
constrained,natural_rollout,inflation,natural-v6-20261005/inflation/04,1,initial,target_description,different_value_or_type_not_adjudicated_semantically,True,True,"""food-price inflation""","[""\""food-price inflation in percent\""""]",Help me predict food-price inflation in percent. There is one observation each month. Look 11 months ahead. The target column is food_inflation and the date column is month_end.
constrained,natural_rollout,inflation,natural-v6-20261005/inflation/04,1,initial,target_unit,absent_from_readable_emissions,True,True,"""percent""",[],Help me predict food-price inflation in percent. There is one observation each month. Look 11 months ahead. The target column is food_inflation and the date column is month_end.
constrained,natural_rollout,inflation,natural-v6-20261005/inflation/04,1,initial,time_column,absent_from_readable_emissions,True,True,"""month_end""",[],Help me predict food-price inflation in percent. There is one observation each month. Look 11 months ahead. The target column is food_inflation and the date column is month_end.
constrained,natural_rollout,inflation,natural-v6-20261005/inflation/04,2,correction,forecast_horizon,exact_readable_content,True,False,"{""periods"":14,""unit"":""month""}","[""{\""periods\"":14,\""unit\"":\""month\""}""]",That previous forecast horizon is wrong: make it 14 months.
constrained,natural_rollout,inflation,natural-v6-20261005/inflation/05,1,initial,forecast_horizon,exact_readable_content,True,True,"{""periods"":2,""unit"":""quarter""}","[""{\""periods\"":2,\""unit\"":\""quarter\""}""]","Please forecast producer price inflation, measured in percent, using quarterly observations. I want the next 2 quarters."
constrained,natural_rollout,inflation,natural-v6-20261005/inflation/05,1,initial,frequency,absent_from_readable_emissions,True,True,"{""periods"":1,""unit"":""quarter""}",[],"Please forecast producer price inflation, measured in percent, using quarterly observations. I want the next 2 quarters."
constrained,natural_rollout,inflation,natural-v6-20261005/inflation/05,1,initial,target_description,different_value_or_type_not_adjudicated_semantically,True,True,"""producer price inflation""","[""\""producer price inflation, measured in percent\""""]","Please forecast producer price inflation, measured in percent, using quarterly observations. I want the next 2 quarters."
constrained,natural_rollout,inflation,natural-v6-20261005/inflation/05,1,initial,target_unit,absent_from_readable_emissions,True,True,"""percent""",[],"Please forecast producer price inflation, measured in percent, using quarterly observations. I want the next 2 quarters."
constrained,natural_rollout,inflation,natural-v6-20261005/inflation/05,2,correction,forecast_horizon,exact_readable_content,True,True,"{""periods"":5,""unit"":""quarter""}","[""{\""periods\"":5,\""unit\"":\""quarter\""}""]",Please revise the forecast horizon to 5 quarters. Everything else stays the same.
constrained,natural_rollout,inflation,natural-v6-20261005/inflation/06,1,initial,file_format,absent_from_readable_emissions,True,False,"""parquet""",[],Forecast the consumer price index level in index points. The series has a monthly observation and I need a 1 year horizon. I will upload a parquet file.
constrained,natural_rollout,inflation,natural-v6-20261005/inflation/06,1,initial,forecast_horizon,absent_from_readable_emissions,True,False,"{""periods"":1,""unit"":""year""}",[],Forecast the consumer price index level in index points. The series has a monthly observation and I need a 1 year horizon. I will upload a parquet file.
constrained,natural_rollout,inflation,natural-v6-20261005/inflation/06,1,initial,frequency,exact_readable_content,True,False,"{""periods"":1,""unit"":""month""}","[""{\""periods\"":1,\""unit\"":\""month\""}""]",Forecast the consumer price index level in index points. The series has a monthly observation and I need a 1 year horizon. I will upload a parquet file.
constrained,natural_rollout,inflation,natural-v6-20261005/inflation/06,1,initial,source_mode,exact_readable_content,True,False,"""upload""","[""\""upload\""""]",Forecast the consumer price index level in index points. The series has a monthly observation and I need a 1 year horizon. I will upload a parquet file.
constrained,natural_rollout,inflation,natural-v6-20261005/inflation/06,1,initial,target_description,different_value_or_type_not_adjudicated_semantically,True,False,"""consumer price index level""","[""\""consumer price index level in index points\""""]",Forecast the consumer price index level in index points. The series has a monthly observation and I need a 1 year horizon. I will upload a parquet file.
constrained,natural_rollout,inflation,natural-v6-20261005/inflation/06,1,initial,target_unit,absent_from_readable_emissions,True,False,"""index points""",[],Forecast the consumer price index level in index points. The series has a monthly observation and I need a 1 year horizon. I will upload a parquet file.
constrained,natural_rollout,inflation,natural-v6-20261005/inflation/06,2,correction,forecast_horizon,exact_readable_content,True,True,"{""periods"":4,""unit"":""year""}","[""{\""periods\"":4,\""unit\"":\""year\""}""]",Use 4 years for the forecast horizon instead of my earlier request.
constrained,natural_rollout,inflation,natural-v6-20261005/inflation/07,1,initial,forecast_horizon,absent_from_readable_emissions,True,True,"{""periods"":3,""unit"":""year""}",[],I want to forecast annual average inflation in percent. One observation per year; look ahead 3 years. Generate a new forecast every 1 year.
constrained,natural_rollout,inflation,natural-v6-20261005/inflation/07,1,initial,frequency,exact_readable_content,True,True,"{""periods"":1,""unit"":""year""}","[""{\""periods\"":1,\""unit\"":\""year\""}""]",I want to forecast annual average inflation in percent. One observation per year; look ahead 3 years. Generate a new forecast every 1 year.
constrained,natural_rollout,inflation,natural-v6-20261005/inflation/07,1,initial,prediction_frequency,exact_readable_content,True,True,"{""periods"":1,""unit"":""year""}","[""{\""periods\"":1,\""unit\"":\""year\""}""]",I want to forecast annual average inflation in percent. One observation per year; look ahead 3 years. Generate a new forecast every 1 year.
constrained,natural_rollout,inflation,natural-v6-20261005/inflation/07,1,initial,target_description,different_value_or_type_not_adjudicated_semantically,True,True,"""annual average inflation""","[""\""annual average inflation in percent\""""]",I want to forecast annual average inflation in percent. One observation per year; look ahead 3 years. Generate a new forecast every 1 year.
constrained,natural_rollout,inflation,natural-v6-20261005/inflation/07,1,initial,target_unit,absent_from_readable_emissions,True,True,"""percent""",[],I want to forecast annual average inflation in percent. One observation per year; look ahead 3 years. Generate a new forecast every 1 year.
constrained,natural_rollout,inflation,natural-v6-20261005/inflation/07,2,correction,forecast_horizon,exact_readable_content,True,True,"{""periods"":6,""unit"":""year""}","[""{\""periods\"":6,\""unit\"":\""year\""}""]",One correction to my specification: the forecast horizon is now 6 years.
constrained,natural_rollout,inflation,natural-v6-20261005/inflation/08,1,initial,file_format,exact_readable_content,True,True,"""xlsx""","[""\""xlsx\""""]","Could you predict trimmed-mean inflation? It is monthly, expressed in percent. We need 7 months into the future; the uploaded data will be in xlsx format."
constrained,natural_rollout,inflation,natural-v6-20261005/inflation/08,1,initial,forecast_horizon,exact_readable_content,True,True,"{""periods"":7,""unit"":""month""}","[""{\""periods\"":7,\""unit\"":\""month\""}""]","Could you predict trimmed-mean inflation? It is monthly, expressed in percent. We need 7 months into the future; the uploaded data will be in xlsx format."
constrained,natural_rollout,inflation,natural-v6-20261005/inflation/08,1,initial,frequency,absent_from_readable_emissions,True,True,"{""periods"":1,""unit"":""month""}",[],"Could you predict trimmed-mean inflation? It is monthly, expressed in percent. We need 7 months into the future; the uploaded data will be in xlsx format."
constrained,natural_rollout,inflation,natural-v6-20261005/inflation/08,1,initial,source_mode,exact_readable_content,True,True,"""upload""","[""\""upload\""""]","Could you predict trimmed-mean inflation? It is monthly, expressed in percent. We need 7 months into the future; the uploaded data will be in xlsx format."
constrained,natural_rollout,inflation,natural-v6-20261005/inflation/08,1,initial,target_description,exact_readable_content,True,True,"""trimmed-mean inflation""","[""\""trimmed-mean inflation\""""]","Could you predict trimmed-mean inflation? It is monthly, expressed in percent. We need 7 months into the future; the uploaded data will be in xlsx format."
constrained,natural_rollout,inflation,natural-v6-20261005/inflation/08,1,initial,target_unit,exact_readable_content,True,True,"""percent""","[""\""percent\""""]","Could you predict trimmed-mean inflation? It is monthly, expressed in percent. We need 7 months into the future; the uploaded data will be in xlsx format."
constrained,natural_rollout,inflation,natural-v6-20261005/inflation/08,2,correction,forecast_horizon,normalization_only,True,True,"{""periods"":10,""unit"":""month""}","[""{\""periods\"":10.0,\""unit\"":\""month\""}""]",Replace the horizon I gave you with 10 months.
constrained,natural_rollout,inflation,natural-v6-20261005/inflation/08,2,correction,target_column,new_unmentioned_slot,True,True,,"[""\""trimmed-mean inflation\""""]",Replace the horizon I gave you with 10 months.
constrained,natural_rollout,inflation,natural-v6-20261005/inflation/08,2,correction,target_unit,repeated_prior_fact,True,True,,"[""\""percent\""""]",Replace the horizon I gave you with 10 months.
constrained,natural_rollout,stocks,natural-v6-20261005/stocks/01,1,initial,forecast_horizon,exact_readable_content,True,True,"{""periods"":10,""unit"":""day""}","[""{\""periods\"":10,\""unit\"":\""day\""}""]","Can you forecast NOVA's adjusted closing price, in USD per share? I have daily observations and need the next 10 days."
constrained,natural_rollout,stocks,natural-v6-20261005/stocks/01,1,initial,frequency,exact_readable_content,True,True,"{""periods"":1,""unit"":""day""}","[""{\""periods\"":1,\""unit\"":\""day\""}""]","Can you forecast NOVA's adjusted closing price, in USD per share? I have daily observations and need the next 10 days."
constrained,natural_rollout,stocks,natural-v6-20261005/stocks/01,1,initial,target_description,different_value_or_type_not_adjudicated_semantically,True,True,"""NOVA's adjusted closing price""","[""\""NOVA's adjusted closing price, in USD per share\""""]","Can you forecast NOVA's adjusted closing price, in USD per share? I have daily observations and need the next 10 days."
constrained,natural_rollout,stocks,natural-v6-20261005/stocks/01,1,initial,target_unit,absent_from_readable_emissions,True,True,"""USD per share""",[],"Can you forecast NOVA's adjusted closing price, in USD per share? I have daily observations and need the next 10 days."
constrained,natural_rollout,stocks,natural-v6-20261005/stocks/01,2,correction,forecast_horizon,exact_readable_content,True,True,"{""periods"":13,""unit"":""day""}","[""{\""periods\"":13,\""unit\"":\""day\""}""]","Actually, change the forecast horizon to 13 days instead. Leave the other requirements alone."
constrained,natural_rollout,stocks,natural-v6-20261005/stocks/01,2,correction,target_column,new_unmentioned_slot,True,True,,"[""\""NOVA's adjusted closing price, in USD per share\""""]","Actually, change the forecast horizon to 13 days instead. Leave the other requirements alone."
constrained,natural_rollout,stocks,natural-v6-20261005/stocks/02,1,initial,forecast_horizon,exact_readable_content,True,False,"{""periods"":6,""unit"":""day""}","[""{\""periods\"":6,\""unit\"":\""day\""}""]","Please predict raw closing share price, without adjusting corporate actions. Prices are in GBP per share, observed every day. Look ahead 6 days."
constrained,natural_rollout,stocks,natural-v6-20261005/stocks/02,1,initial,frequency,absent_from_readable_emissions,True,False,"{""periods"":1,""unit"":""day""}",[],"Please predict raw closing share price, without adjusting corporate actions. Prices are in GBP per share, observed every day. Look ahead 6 days."
constrained,natural_rollout,stocks,natural-v6-20261005/stocks/02,1,initial,target_description,different_value_or_type_not_adjudicated_semantically,True,False,"""raw closing share price, without adjusting corporate actions""","[""\""raw closing share price\""""]","Please predict raw closing share price, without adjusting corporate actions. Prices are in GBP per share, observed every day. Look ahead 6 days."
constrained,natural_rollout,stocks,natural-v6-20261005/stocks/02,1,initial,target_unit,exact_readable_content,True,False,"""GBP per share""","[""\""GBP per share\""""]","Please predict raw closing share price, without adjusting corporate actions. Prices are in GBP per share, observed every day. Look ahead 6 days."
constrained,natural_rollout,stocks,natural-v6-20261005/stocks/02,2,correction,forecast_horizon,exact_readable_content,True,True,"{""periods"":9,""unit"":""day""}","[""{\""periods\"":9,\""unit\"":\""day\""}""]","Correction: I need 9 days ahead, replacing the earlier horizon."
constrained,natural_rollout,stocks,natural-v6-20261005/stocks/03,1,initial,file_format,absent_from_readable_emissions,True,False,"""csv""",[],"Help me forecast total share return including dividends, measured in percent. Observations are weekly; I need 5 weeks ahead. I will upload CSV data."
constrained,natural_rollout,stocks,natural-v6-20261005/stocks/03,1,initial,forecast_horizon,absent_from_readable_emissions,True,False,"{""periods"":5,""unit"":""week""}",[],"Help me forecast total share return including dividends, measured in percent. Observations are weekly; I need 5 weeks ahead. I will upload CSV data."
constrained,natural_rollout,stocks,natural-v6-20261005/stocks/03,1,initial,frequency,different_value_or_type_not_adjudicated_semantically,True,False,"{""periods"":1,""unit"":""week""}","[""{\""periods\"":7,\""unit\"":\""week\""}""]","Help me forecast total share return including dividends, measured in percent. Observations are weekly; I need 5 weeks ahead. I will upload CSV data."
constrained,natural_rollout,stocks,natural-v6-20261005/stocks/03,1,initial,source_mode,exact_readable_content,True,False,"""upload""","[""\""upload\""""]","Help me forecast total share return including dividends, measured in percent. Observations are weekly; I need 5 weeks ahead. I will upload CSV data."
constrained,natural_rollout,stocks,natural-v6-20261005/stocks/03,1,initial,target_description,different_value_or_type_not_adjudicated_semantically,True,False,"""total share return including dividends""","[""\""total share return including dividends, measured in percent\""""]","Help me forecast total share return including dividends, measured in percent. Observations are weekly; I need 5 weeks ahead. I will upload CSV data."
constrained,natural_rollout,stocks,natural-v6-20261005/stocks/03,1,initial,target_unit,absent_from_readable_emissions,True,False,"""percent""",[],"Help me forecast total share return including dividends, measured in percent. Observations are weekly; I need 5 weeks ahead. I will upload CSV data."
constrained,natural_rollout,stocks,natural-v6-20261005/stocks/03,2,correction,forecast_horizon,exact_readable_content,True,False,"{""periods"":8,""unit"":""week""}","[""{\""periods\"":8,\""unit\"":\""week\""}""]","I changed my mind about the horizon. Forecast the next 8 weeks, please."
constrained,natural_rollout,stocks,natural-v6-20261005/stocks/04,1,initial,forecast_horizon,exact_readable_content,True,False,"{""periods"":9,""unit"":""day""}","[""{\""periods\"":9,\""unit\"":\""day\""}""]","Forecast trading volume, measured in shares, from daily observations for the next 9 days. Read the target from volume_shares and the timestamp from trade_date."
constrained,natural_rollout,stocks,natural-v6-20261005/stocks/04,1,initial,frequency,absent_from_readable_emissions,True,False,"{""periods"":1,""unit"":""day""}",[],"Forecast trading volume, measured in shares, from daily observations for the next 9 days. Read the target from volume_shares and the timestamp from trade_date."
constrained,natural_rollout,stocks,natural-v6-20261005/stocks/04,1,initial,target_column,exact_readable_content,True,False,"""volume_shares""","[""\""volume_shares\""""]","Forecast trading volume, measured in shares, from daily observations for the next 9 days. Read the target from volume_shares and the timestamp from trade_date."
constrained,natural_rollout,stocks,natural-v6-20261005/stocks/04,1,initial,target_description,different_value_or_type_not_adjudicated_semantically,True,False,"""trading volume""","[""\""trading volume, measured in shares\""""]","Forecast trading volume, measured in shares, from daily observations for the next 9 days. Read the target from volume_shares and the timestamp from trade_date."
constrained,natural_rollout,stocks,natural-v6-20261005/stocks/04,1,initial,target_unit,absent_from_readable_emissions,True,False,"""shares""",[],"Forecast trading volume, measured in shares, from daily observations for the next 9 days. Read the target from volume_shares and the timestamp from trade_date."
constrained,natural_rollout,stocks,natural-v6-20261005/stocks/04,1,initial,time_column,absent_from_readable_emissions,True,False,"""trade_date""",[],"Forecast trading volume, measured in shares, from daily observations for the next 9 days. Read the target from volume_shares and the timestamp from trade_date."
constrained,natural_rollout,stocks,natural-v6-20261005/stocks/04,2,correction,forecast_horizon,exact_readable_content,True,True,"{""periods"":12,""unit"":""day""}","[""{\""periods\"":12,\""unit\"":\""day\""}""]",That previous forecast horizon is wrong: make it 12 days.
constrained,natural_rollout,stocks,natural-v6-20261005/stocks/05,1,initial,forecast_horizon,exact_readable_content,True,True,"{""periods"":4,""unit"":""month""}","[""{\""periods\"":4,\""unit\"":\""month\""}""]","Please predict the dividend yield in percent. This series is monthly, and the horizon should be 4 months."
constrained,natural_rollout,stocks,natural-v6-20261005/stocks/05,1,initial,frequency,exact_readable_content,True,True,"{""periods"":1,""unit"":""month""}","[""{\""periods\"":1,\""unit\"":\""month\""}""]","Please predict the dividend yield in percent. This series is monthly, and the horizon should be 4 months."
constrained,natural_rollout,stocks,natural-v6-20261005/stocks/05,1,initial,target_description,different_value_or_type_not_adjudicated_semantically,True,True,"""dividend yield""","[""\""dividend yield in percent\""""]","Please predict the dividend yield in percent. This series is monthly, and the horizon should be 4 months."
constrained,natural_rollout,stocks,natural-v6-20261005/stocks/05,1,initial,target_unit,absent_from_readable_emissions,True,True,"""percent""",[],"Please predict the dividend yield in percent. This series is monthly, and the horizon should be 4 months."
constrained,natural_rollout,stocks,natural-v6-20261005/stocks/05,2,correction,forecast_horizon,exact_readable_content,True,True,"{""periods"":7,""unit"":""month""}","[""{\""periods\"":7,\""unit\"":\""month\""}""]",Please revise the forecast horizon to 7 months. Everything else stays the same.
constrained,natural_rollout,stocks,natural-v6-20261005/stocks/05,2,correction,target_column,new_unmentioned_slot,True,True,,"[""\""dividend yield in percent\""""]",Please revise the forecast horizon to 7 months. Everything else stays the same.
constrained,natural_rollout,stocks,natural-v6-20261005/stocks/06,1,initial,file_format,exact_readable_content,True,True,"""parquet""","[""\""parquet\""""]","I need a forecast of adjusted closing share price. It is in EUR per share, sampled hourly, and I want 16 hours ahead. The file format is parquet."
constrained,natural_rollout,stocks,natural-v6-20261005/stocks/06,1,initial,forecast_horizon,exact_readable_content,True,True,"{""periods"":16,""unit"":""hour""}","[""{\""periods\"":16,\""unit\"":\""hour\""}""]","I need a forecast of adjusted closing share price. It is in EUR per share, sampled hourly, and I want 16 hours ahead. The file format is parquet."
constrained,natural_rollout,stocks,natural-v6-20261005/stocks/06,1,initial,frequency,absent_from_readable_emissions,True,True,"{""periods"":1,""unit"":""hour""}",[],"I need a forecast of adjusted closing share price. It is in EUR per share, sampled hourly, and I want 16 hours ahead. The file format is parquet."
constrained,natural_rollout,stocks,natural-v6-20261005/stocks/06,1,initial,target_description,exact_readable_content,True,True,"""adjusted closing share price""","[""\""adjusted closing share price\""""]","I need a forecast of adjusted closing share price. It is in EUR per share, sampled hourly, and I want 16 hours ahead. The file format is parquet."
constrained,natural_rollout,stocks,natural-v6-20261005/stocks/06,1,initial,target_unit,exact_readable_content,True,True,"""EUR per share""","[""\""EUR per share\""""]","I need a forecast of adjusted closing share price. It is in EUR per share, sampled hourly, and I want 16 hours ahead. The file format is parquet."
constrained,natural_rollout,stocks,natural-v6-20261005/stocks/06,2,correction,forecast_horizon,exact_readable_content,True,True,"{""periods"":19,""unit"":""hour""}","[""{\""periods\"":19,\""unit\"":\""hour\""}""]",Use 19 hours for the forecast horizon instead of my earlier request.
constrained,natural_rollout,stocks,natural-v6-20261005/stocks/06,2,correction,target_column,new_unmentioned_slot,True,True,,"[""\""adjusted closing share price\""""]",Use 19 hours for the forecast horizon instead of my earlier request.
constrained,natural_rollout,stocks,natural-v6-20261005/stocks/06,2,correction,target_unit,repeated_prior_fact,True,True,,"[""\""EUR per share\""""]",Use 19 hours for the forecast horizon instead of my earlier request.
constrained,natural_rollout,stocks,natural-v6-20261005/stocks/06,3,unknown,prediction_interval_levels,new_unmentioned_slot,True,True,,"[""[90,95,99]""]","I need your questions about timezone, seasonal periods and prediction interval levels because I don't know them."
constrained,natural_rollout,stocks,natural-v6-20261005/stocks/06,3,unknown,seasonal_periods,new_unmentioned_slot,True,True,,"[""[12,24,36]""]","I need your questions about timezone, seasonal periods and prediction interval levels because I don't know them."
constrained,natural_rollout,stocks,natural-v6-20261005/stocks/06,3,unknown,timezone,new_unmentioned_slot,True,True,,"[""\""UTC\""""]","I need your questions about timezone, seasonal periods and prediction interval levels because I don't know them."
constrained,natural_rollout,stocks,natural-v6-20261005/stocks/07,1,initial,forecast_horizon,exact_readable_content,True,False,"{""periods"":12,""unit"":""day""}","[""{\""periods\"":12,\""unit\"":\""day\""}""]",Could you forecast daily log share return in percent? There is one observation per day. Predict 12 days ahead but refresh the forecast every 3 days.
constrained,natural_rollout,stocks,natural-v6-20261005/stocks/07,1,initial,frequency,exact_readable_content,True,False,"{""periods"":1,""unit"":""day""}","[""{\""periods\"":1,\""unit\"":\""day\""}""]",Could you forecast daily log share return in percent? There is one observation per day. Predict 12 days ahead but refresh the forecast every 3 days.
constrained,natural_rollout,stocks,natural-v6-20261005/stocks/07,1,initial,prediction_frequency,absent_from_readable_emissions,True,False,"{""periods"":3,""unit"":""day""}",[],Could you forecast daily log share return in percent? There is one observation per day. Predict 12 days ahead but refresh the forecast every 3 days.
constrained,natural_rollout,stocks,natural-v6-20261005/stocks/07,1,initial,target_description,different_value_or_type_not_adjudicated_semantically,True,False,"""daily log share return""","[""\""daily log share return in percent\""""]",Could you forecast daily log share return in percent? There is one observation per day. Predict 12 days ahead but refresh the forecast every 3 days.
constrained,natural_rollout,stocks,natural-v6-20261005/stocks/07,1,initial,target_unit,absent_from_readable_emissions,True,False,"""percent""",[],Could you forecast daily log share return in percent? There is one observation per day. Predict 12 days ahead but refresh the forecast every 3 days.
constrained,natural_rollout,stocks,natural-v6-20261005/stocks/07,2,correction,forecast_horizon,exact_readable_content,True,True,"{""periods"":15,""unit"":""day""}","[""{\""periods\"":15,\""unit\"":\""day\""}""]",One correction to my specification: the forecast horizon is now 15 days.
constrained,natural_rollout,stocks,natural-v6-20261005/stocks/07,2,correction,target_unit,new_unmentioned_slot,True,True,,"[""\""days\""""]",One correction to my specification: the forecast horizon is now 15 days.
constrained,natural_rollout,stocks,natural-v6-20261005/stocks/08,1,initial,file_format,absent_from_readable_emissions,True,False,"""xlsx""",[],I want to forecast ETF trading volume in shares. I have weekly data and need the next 6 weeks. I will upload the spreadsheet in xlsx format.
constrained,natural_rollout,stocks,natural-v6-20261005/stocks/08,1,initial,forecast_horizon,absent_from_readable_emissions,True,False,"{""periods"":6,""unit"":""week""}",[],I want to forecast ETF trading volume in shares. I have weekly data and need the next 6 weeks. I will upload the spreadsheet in xlsx format.
constrained,natural_rollout,stocks,natural-v6-20261005/stocks/08,1,initial,frequency,exact_readable_content,True,False,"{""periods"":1,""unit"":""week""}","[""{\""periods\"":1,\""unit\"":\""week\""}""]",I want to forecast ETF trading volume in shares. I have weekly data and need the next 6 weeks. I will upload the spreadsheet in xlsx format.
constrained,natural_rollout,stocks,natural-v6-20261005/stocks/08,1,initial,source_mode,exact_readable_content,True,False,"""upload""","[""\""upload\""""]",I want to forecast ETF trading volume in shares. I have weekly data and need the next 6 weeks. I will upload the spreadsheet in xlsx format.
constrained,natural_rollout,stocks,natural-v6-20261005/stocks/08,1,initial,target_description,different_value_or_type_not_adjudicated_semantically,True,False,"""ETF trading volume""","[""\""ETF trading volume in shares\""""]",I want to forecast ETF trading volume in shares. I have weekly data and need the next 6 weeks. I will upload the spreadsheet in xlsx format.
constrained,natural_rollout,stocks,natural-v6-20261005/stocks/08,1,initial,target_unit,absent_from_readable_emissions,True,False,"""shares""",[],I want to forecast ETF trading volume in shares. I have weekly data and need the next 6 weeks. I will upload the spreadsheet in xlsx format.
constrained,natural_rollout,stocks,natural-v6-20261005/stocks/08,2,correction,forecast_horizon,exact_readable_content,True,False,"{""periods"":9,""unit"":""week""}","[""{\""periods\"":9,\""unit\"":\""week\""}""]",Replace the horizon I gave you with 9 weeks.
constrained,natural_rollout,crypto,natural-v6-20261005/crypto/01,1,initial,forecast_horizon,exact_readable_content,True,True,"{""periods"":20,""unit"":""hour""}","[""{\""periods\"":20,\""unit\"":\""hour\""}""]","Can you forecast BTC/USD spot price in USD per BTC? My observations are hourly and I want 20 hours ahead, not a futures price."
constrained,natural_rollout,crypto,natural-v6-20261005/crypto/01,1,initial,frequency,exact_readable_content,True,True,"{""periods"":1,""unit"":""hour""}","[""{\""periods\"":1,\""unit\"":\""hour\""}""]","Can you forecast BTC/USD spot price in USD per BTC? My observations are hourly and I want 20 hours ahead, not a futures price."
constrained,natural_rollout,crypto,natural-v6-20261005/crypto/01,1,initial,target_description,different_value_or_type_not_adjudicated_semantically,True,True,"""BTC/USD spot price""","[""\""BTC/USD spot price in USD per BTC\""""]","Can you forecast BTC/USD spot price in USD per BTC? My observations are hourly and I want 20 hours ahead, not a futures price."
constrained,natural_rollout,crypto,natural-v6-20261005/crypto/01,1,initial,target_unit,exact_readable_content,True,True,"""USD per BTC""","[""\""USD per BTC\""""]","Can you forecast BTC/USD spot price in USD per BTC? My observations are hourly and I want 20 hours ahead, not a futures price."
constrained,natural_rollout,crypto,natural-v6-20261005/crypto/01,2,correction,forecast_horizon,normalization_only,True,True,"{""periods"":23,""unit"":""hour""}","[""{\""periods\"":23.0,\""unit\"":\""hour\""}""]","Actually, change the forecast horizon to 23 hours instead. Leave the other requirements alone."
constrained,natural_rollout,crypto,natural-v6-20261005/crypto/01,2,correction,target_column,new_unmentioned_slot,True,True,,"[""\""BTC/USD spot price in USD per BTC\""""]","Actually, change the forecast horizon to 23 hours instead. Leave the other requirements alone."
constrained,natural_rollout,crypto,natural-v6-20261005/crypto/02,1,initial,forecast_horizon,exact_readable_content,True,True,"{""periods"":14,""unit"":""hour""}","[""{\""periods\"":14,\""unit\"":\""hour\""}""]","Please predict ETH trading volume, in ETH, using observations every 2 hours. I need the next 14 hours."
constrained,natural_rollout,crypto,natural-v6-20261005/crypto/02,1,initial,frequency,exact_readable_content,True,True,"{""periods"":2,""unit"":""hour""}","[""{\""periods\"":2,\""unit\"":\""hour\""}""]","Please predict ETH trading volume, in ETH, using observations every 2 hours. I need the next 14 hours."
constrained,natural_rollout,crypto,natural-v6-20261005/crypto/02,1,initial,target_description,different_value_or_type_not_adjudicated_semantically,True,True,"""ETH trading volume""","[""\""ETH trading volume, in ETH\""""]","Please predict ETH trading volume, in ETH, using observations every 2 hours. I need the next 14 hours."
constrained,natural_rollout,crypto,natural-v6-20261005/crypto/02,1,initial,target_unit,absent_from_readable_emissions,True,True,"""ETH""",[],"Please predict ETH trading volume, in ETH, using observations every 2 hours. I need the next 14 hours."
constrained,natural_rollout,crypto,natural-v6-20261005/crypto/02,2,correction,forecast_horizon,exact_readable_content,True,True,"{""periods"":17,""unit"":""hour""}","[""{\""periods\"":17,\""unit\"":\""hour\""}""]","Correction: I need 17 hours ahead, replacing the earlier horizon."
constrained,natural_rollout,crypto,natural-v6-20261005/crypto/02,2,correction,forecast_start,new_unmentioned_slot,True,True,,"[""\""2024-01-01T00:00:00Z\""""]","Correction: I need 17 hours ahead, replacing the earlier horizon."
constrained,natural_rollout,crypto,natural-v6-20261005/crypto/02,2,correction,frequency,new_unmentioned_slot,True,True,,"[""{\""periods\"":1,\""unit\"":\""hour\""}""]","Correction: I need 17 hours ahead, replacing the earlier horizon."
constrained,natural_rollout,crypto,natural-v6-20261005/crypto/03,1,initial,file_format,absent_from_readable_emissions,True,False,"""csv""",[],Help me forecast perpetual-swap funding rate. Units are percent per 8 hours and observations come every 8 hours. Look ahead 48 hours. I will upload CSV data.
constrained,natural_rollout,crypto,natural-v6-20261005/crypto/03,1,initial,forecast_horizon,exact_readable_content,True,False,"{""periods"":48,""unit"":""hour""}","[""{\""periods\"":48,\""unit\"":\""hour\""}""]",Help me forecast perpetual-swap funding rate. Units are percent per 8 hours and observations come every 8 hours. Look ahead 48 hours. I will upload CSV data.
constrained,natural_rollout,crypto,natural-v6-20261005/crypto/03,1,initial,frequency,absent_from_readable_emissions,True,False,"{""periods"":8,""unit"":""hour""}",[],Help me forecast perpetual-swap funding rate. Units are percent per 8 hours and observations come every 8 hours. Look ahead 48 hours. I will upload CSV data.
constrained,natural_rollout,crypto,natural-v6-20261005/crypto/03,1,initial,source_mode,exact_readable_content,True,False,"""upload""","[""\""upload\""""]",Help me forecast perpetual-swap funding rate. Units are percent per 8 hours and observations come every 8 hours. Look ahead 48 hours. I will upload CSV data.
constrained,natural_rollout,crypto,natural-v6-20261005/crypto/03,1,initial,target_description,exact_readable_content,True,False,"""perpetual-swap funding rate""","[""\""perpetual-swap funding rate\""""]",Help me forecast perpetual-swap funding rate. Units are percent per 8 hours and observations come every 8 hours. Look ahead 48 hours. I will upload CSV data.
constrained,natural_rollout,crypto,natural-v6-20261005/crypto/03,1,initial,target_unit,exact_readable_content,True,False,"""percent per 8 hours""","[""\""percent per 8 hours\""""]",Help me forecast perpetual-swap funding rate. Units are percent per 8 hours and observations come every 8 hours. Look ahead 48 hours. I will upload CSV data.
constrained,natural_rollout,crypto,natural-v6-20261005/crypto/03,2,correction,forecast_horizon,exact_readable_content,True,True,"{""periods"":51,""unit"":""hour""}","[""{\""periods\"":51,\""unit\"":\""hour\""}""]","I changed my mind about the horizon. Forecast the next 51 hours, please."
constrained,natural_rollout,crypto,natural-v6-20261005/crypto/04,1,initial,forecast_horizon,absent_from_readable_emissions,True,False,"{""periods"":30,""unit"":""hour""}",[],I need a forecast of futures open interest in contracts. This is hourly data and the horizon is 30 hours. Read open_contracts as the target and event_time as the timestamp.
constrained,natural_rollout,crypto,natural-v6-20261005/crypto/04,1,initial,frequency,exact_readable_content,True,False,"{""periods"":1,""unit"":""hour""}","[""{\""periods\"":1,\""unit\"":\""hour\""}""]",I need a forecast of futures open interest in contracts. This is hourly data and the horizon is 30 hours. Read open_contracts as the target and event_time as the timestamp.
constrained,natural_rollout,crypto,natural-v6-20261005/crypto/04,1,initial,target_column,exact_readable_content,True,False,"""open_contracts""","[""\""open_contracts\""""]",I need a forecast of futures open interest in contracts. This is hourly data and the horizon is 30 hours. Read open_contracts as the target and event_time as the timestamp.
constrained,natural_rollout,crypto,natural-v6-20261005/crypto/04,1,initial,target_description,different_value_or_type_not_adjudicated_semantically,True,False,"""futures open interest""","[""\""futures open interest in contracts\""""]",I need a forecast of futures open interest in contracts. This is hourly data and the horizon is 30 hours. Read open_contracts as the target and event_time as the timestamp.
constrained,natural_rollout,crypto,natural-v6-20261005/crypto/04,1,initial,target_unit,absent_from_readable_emissions,True,False,"""contracts""",[],I need a forecast of futures open interest in contracts. This is hourly data and the horizon is 30 hours. Read open_contracts as the target and event_time as the timestamp.
constrained,natural_rollout,crypto,natural-v6-20261005/crypto/04,1,initial,time_column,absent_from_readable_emissions,True,False,"""event_time""",[],I need a forecast of futures open interest in contracts. This is hourly data and the horizon is 30 hours. Read open_contracts as the target and event_time as the timestamp.
constrained,natural_rollout,crypto,natural-v6-20261005/crypto/04,2,correction,forecast_horizon,exact_readable_content,True,True,"{""periods"":33,""unit"":""hour""}","[""{\""periods\"":33,\""unit\"":\""hour\""}""]",That previous forecast horizon is wrong: make it 33 hours.
constrained,natural_rollout,crypto,natural-v6-20261005/crypto/05,1,initial,forecast_horizon,exact_readable_content,True,False,"{""periods"":7,""unit"":""day""}","[""{\""periods\"":7,\""unit\"":\""day\""}""]","Please forecast realized volatility, in percent per year, from daily observations for the next 7 days."
constrained,natural_rollout,crypto,natural-v6-20261005/crypto/05,1,initial,frequency,exact_readable_content,True,False,"{""periods"":1,""unit"":""day""}","[""{\""periods\"":1,\""unit\"":\""day\""}""]","Please forecast realized volatility, in percent per year, from daily observations for the next 7 days."
constrained,natural_rollout,crypto,natural-v6-20261005/crypto/05,1,initial,target_description,different_value_or_type_not_adjudicated_semantically,True,False,"""realized volatility""","[""\""realized volatility, in percent per year\""""]","Please forecast realized volatility, in percent per year, from daily observations for the next 7 days."
constrained,natural_rollout,crypto,natural-v6-20261005/crypto/05,1,initial,target_unit,absent_from_readable_emissions,True,False,"""percent per year""",[],"Please forecast realized volatility, in percent per year, from daily observations for the next 7 days."
constrained,natural_rollout,crypto,natural-v6-20261005/crypto/05,2,correction,allow_negative_values,new_unmentioned_slot,True,True,,"[""false""]",Please revise the forecast horizon to 10 days. Everything else stays the same.
constrained,natural_rollout,crypto,natural-v6-20261005/crypto/05,2,correction,forecast_horizon,exact_readable_content,True,True,"{""periods"":10,""unit"":""day""}","[""{\""periods\"":10,\""unit\"":\""day\""}""]",Please revise the forecast horizon to 10 days. Everything else stays the same.
constrained,natural_rollout,crypto,natural-v6-20261005/crypto/06,1,initial,file_format,exact_readable_content,True,True,"""parquet""","[""\""parquet\""""]","Predict futures-minus-spot basis, measured in basis points. Each observation is 1 hour apart; I need a 2 day horizon. The file will be parquet."
constrained,natural_rollout,crypto,natural-v6-20261005/crypto/06,1,initial,forecast_horizon,exact_readable_content,True,True,"{""periods"":2,""unit"":""day""}","[""{\""periods\"":2,\""unit\"":\""day\""}""]","Predict futures-minus-spot basis, measured in basis points. Each observation is 1 hour apart; I need a 2 day horizon. The file will be parquet."
constrained,natural_rollout,crypto,natural-v6-20261005/crypto/06,1,initial,frequency,exact_readable_content,True,True,"{""periods"":1,""unit"":""hour""}","[""{\""periods\"":1,\""unit\"":\""hour\""}""]","Predict futures-minus-spot basis, measured in basis points. Each observation is 1 hour apart; I need a 2 day horizon. The file will be parquet."
constrained,natural_rollout,crypto,natural-v6-20261005/crypto/06,1,initial,target_description,different_value_or_type_not_adjudicated_semantically,True,True,"""futures-minus-spot basis""","[""\""futures-minus-spot basis, measured in basis points\""""]","Predict futures-minus-spot basis, measured in basis points. Each observation is 1 hour apart; I need a 2 day horizon. The file will be parquet."
constrained,natural_rollout,crypto,natural-v6-20261005/crypto/06,1,initial,target_unit,absent_from_readable_emissions,True,True,"""basis points""",[],"Predict futures-minus-spot basis, measured in basis points. Each observation is 1 hour apart; I need a 2 day horizon. The file will be parquet."
constrained,natural_rollout,crypto,natural-v6-20261005/crypto/06,2,correction,forecast_horizon,normalization_only,True,True,"{""periods"":5,""unit"":""day""}","[""{\""periods\"":5.0,\""unit\"":\""day\""}""]",Use 5 days for the forecast horizon instead of my earlier request.
constrained,natural_rollout,crypto,natural-v6-20261005/crypto/06,2,correction,target_column,new_unmentioned_slot,True,True,,"[""\""futures-minus-spot basis, measured in basis points\""""]",Use 5 days for the forecast horizon instead of my earlier request.
constrained,natural_rollout,crypto,natural-v6-20261005/crypto/06,3,unknown,prediction_interval_levels,new_unmentioned_slot,True,True,,"[""[90,95,99]""]","I need your questions about timezone, seasonal periods and prediction interval levels because I don't know them."
constrained,natural_rollout,crypto,natural-v6-20261005/crypto/06,3,unknown,seasonal_periods,new_unmentioned_slot,True,True,,"[""[1,2,3,4,5]""]","I need your questions about timezone, seasonal periods and prediction interval levels because I don't know them."
constrained,natural_rollout,crypto,natural-v6-20261005/crypto/06,3,unknown,timezone,new_unmentioned_slot,True,True,,"[""\""UTC\""""]","I need your questions about timezone, seasonal periods and prediction interval levels because I don't know them."
constrained,natural_rollout,crypto,natural-v6-20261005/crypto/07,1,initial,forecast_horizon,exact_readable_content,True,True,"{""periods"":18,""unit"":""hour""}","[""{\""periods\"":18,\""unit\"":\""hour\""}""]","Can you forecast BTC log return in percent? I have one observation every hour. Predict 18 hours ahead, but make a fresh forecast every 6 hours."
constrained,natural_rollout,crypto,natural-v6-20261005/crypto/07,1,initial,frequency,exact_readable_content,True,True,"{""periods"":1,""unit"":""hour""}","[""{\""periods\"":1,\""unit\"":\""hour\""}""]","Can you forecast BTC log return in percent? I have one observation every hour. Predict 18 hours ahead, but make a fresh forecast every 6 hours."
constrained,natural_rollout,crypto,natural-v6-20261005/crypto/07,1,initial,prediction_frequency,absent_from_readable_emissions,True,True,"{""periods"":6,""unit"":""hour""}",[],"Can you forecast BTC log return in percent? I have one observation every hour. Predict 18 hours ahead, but make a fresh forecast every 6 hours."
constrained,natural_rollout,crypto,natural-v6-20261005/crypto/07,1,initial,target_description,different_value_or_type_not_adjudicated_semantically,True,True,"""BTC log return""","[""\""BTC log return in percent\""""]","Can you forecast BTC log return in percent? I have one observation every hour. Predict 18 hours ahead, but make a fresh forecast every 6 hours."
constrained,natural_rollout,crypto,natural-v6-20261005/crypto/07,1,initial,target_unit,absent_from_readable_emissions,True,True,"""percent""",[],"Can you forecast BTC log return in percent? I have one observation every hour. Predict 18 hours ahead, but make a fresh forecast every 6 hours."
constrained,natural_rollout,crypto,natural-v6-20261005/crypto/07,2,correction,forecast_horizon,normalization_only,True,True,"{""periods"":21,""unit"":""hour""}","[""{\""periods\"":21.0,\""unit\"":\""hour\""}""]",One correction to my specification: the forecast horizon is now 21 hours.
constrained,natural_rollout,crypto,natural-v6-20261005/crypto/08,1,initial,file_format,absent_from_readable_emissions,True,True,"""json""",[],I want a forecast of digital-asset market capitalization in millions of USD. We observe it daily and need 15 days ahead. I will upload JSON data.
constrained,natural_rollout,crypto,natural-v6-20261005/crypto/08,1,initial,forecast_horizon,absent_from_readable_emissions,True,True,"{""periods"":15,""unit"":""day""}",[],I want a forecast of digital-asset market capitalization in millions of USD. We observe it daily and need 15 days ahead. I will upload JSON data.
constrained,natural_rollout,crypto,natural-v6-20261005/crypto/08,1,initial,frequency,exact_readable_content,True,True,"{""periods"":1,""unit"":""day""}","[""{\""periods\"":1,\""unit\"":\""day\""}""]",I want a forecast of digital-asset market capitalization in millions of USD. We observe it daily and need 15 days ahead. I will upload JSON data.
constrained,natural_rollout,crypto,natural-v6-20261005/crypto/08,1,initial,source_mode,exact_readable_content,True,True,"""upload""","[""\""upload\""""]",I want a forecast of digital-asset market capitalization in millions of USD. We observe it daily and need 15 days ahead. I will upload JSON data.
constrained,natural_rollout,crypto,natural-v6-20261005/crypto/08,1,initial,target_description,different_value_or_type_not_adjudicated_semantically,True,True,"""digital-asset market capitalization""","[""\""digital-asset market capitalization in millions of USD\""""]",I want a forecast of digital-asset market capitalization in millions of USD. We observe it daily and need 15 days ahead. I will upload JSON data.
constrained,natural_rollout,crypto,natural-v6-20261005/crypto/08,1,initial,target_unit,absent_from_readable_emissions,True,True,"""millions of USD""",[],I want a forecast of digital-asset market capitalization in millions of USD. We observe it daily and need 15 days ahead. I will upload JSON data.
constrained,natural_rollout,crypto,natural-v6-20261005/crypto/08,2,correction,forecast_horizon,exact_readable_content,True,True,"{""periods"":18,""unit"":""day""}","[""{\""periods\"":18,\""unit\"":\""day\""}""]",Replace the horizon I gave you with 18 days.
constrained,natural_rollout,crypto,natural-v6-20261005/crypto/08,2,correction,target_column,new_unmentioned_slot,True,True,,"[""\""digital-asset market capitalization in millions of USD\""""]",Replace the horizon I gave you with 18 days.
original,natural_component,weather,natural-v6-20261005/weather/01,1,initial,file_format,normalization_only,True,True,"""csv""","[""\""CSV\""""]","Could you forecast afternoon air temperature? My readings are daily, in degrees Celsius, and I need the next 5 days. The file is CSV."
original,natural_component,weather,natural-v6-20261005/weather/01,1,initial,forecast_horizon,absent_from_readable_emissions,True,True,"{""periods"":5,""unit"":""day""}",[],"Could you forecast afternoon air temperature? My readings are daily, in degrees Celsius, and I need the next 5 days. The file is CSV."
original,natural_component,weather,natural-v6-20261005/weather/01,1,initial,frequency,exact_readable_content,True,True,"{""periods"":1,""unit"":""day""}","[""{\""periods\"":1,\""unit\"":\""day\""}""]","Could you forecast afternoon air temperature? My readings are daily, in degrees Celsius, and I need the next 5 days. The file is CSV."
original,natural_component,weather,natural-v6-20261005/weather/01,1,initial,target_description,exact_readable_content,True,True,"""afternoon air temperature""","[""\""afternoon air temperature\""""]","Could you forecast afternoon air temperature? My readings are daily, in degrees Celsius, and I need the next 5 days. The file is CSV."
original,natural_component,weather,natural-v6-20261005/weather/01,1,initial,target_unit,absent_from_readable_emissions,True,True,"""degrees Celsius""",[],"Could you forecast afternoon air temperature? My readings are daily, in degrees Celsius, and I need the next 5 days. The file is CSV."
original,natural_component,weather,natural-v6-20261005/weather/01,2,correction,forecast_horizon,exact_readable_content,True,True,"{""periods"":8,""unit"":""day""}","[""{\""periods\"":8,\""unit\"":\""day\""}""]","Actually, change the forecast horizon to 8 days instead. Leave the other requirements alone."
original,natural_component,weather,natural-v6-20261005/weather/02,1,initial,forecast_horizon,exact_readable_content,True,False,"{""periods"":36,""unit"":""hour""}","[""{\""periods\"":36,\""unit\"":\""hour\""}""]","Rain is what I care about: please predict accumulated rainfall, measured in millimetres. I have hourly readings and want 36 hours ahead."
original,natural_component,weather,natural-v6-20261005/weather/02,1,initial,frequency,exact_readable_content,True,False,"{""periods"":1,""unit"":""hour""}","[""{\""periods\"":1,\""unit\"":\""hour\""}""]","Rain is what I care about: please predict accumulated rainfall, measured in millimetres. I have hourly readings and want 36 hours ahead."
original,natural_component,weather,natural-v6-20261005/weather/02,1,initial,target_description,duplicate_slot_emissions,True,False,"""accumulated rainfall""","[""\""rain\"""", ""\""accumulated rainfall, measured in millimetres\""""]","Rain is what I care about: please predict accumulated rainfall, measured in millimetres. I have hourly readings and want 36 hours ahead."
original,natural_component,weather,natural-v6-20261005/weather/02,1,initial,target_unit,absent_from_readable_emissions,True,False,"""millimetres""",[],"Rain is what I care about: please predict accumulated rainfall, measured in millimetres. I have hourly readings and want 36 hours ahead."
original,natural_component,weather,natural-v6-20261005/weather/02,2,correction,forecast_horizon,exact_readable_content,True,True,"{""periods"":39,""unit"":""hour""}","[""{\""periods\"":39,\""unit\"":\""hour\""}""]","Correction: I need 39 hours ahead, replacing the earlier horizon."
original,natural_component,weather,natural-v6-20261005/weather/03,1,initial,file_format,exact_readable_content,True,True,"""parquet""","[""\""parquet\""""]","I need a forecast of peak wind speed in metres per second, every hour, out to 12 hours. I will upload the data as parquet."
original,natural_component,weather,natural-v6-20261005/weather/03,1,initial,forecast_horizon,exact_readable_content,True,True,"{""periods"":12,""unit"":""hour""}","[""{\""periods\"":12,\""unit\"":\""hour\""}""]","I need a forecast of peak wind speed in metres per second, every hour, out to 12 hours. I will upload the data as parquet."
original,natural_component,weather,natural-v6-20261005/weather/03,1,initial,frequency,exact_readable_content,True,True,"{""periods"":1,""unit"":""hour""}","[""{\""periods\"":1,\""unit\"":\""hour\""}""]","I need a forecast of peak wind speed in metres per second, every hour, out to 12 hours. I will upload the data as parquet."
original,natural_component,weather,natural-v6-20261005/weather/03,1,initial,source_mode,absent_from_readable_emissions,True,True,"""upload""",[],"I need a forecast of peak wind speed in metres per second, every hour, out to 12 hours. I will upload the data as parquet."
original,natural_component,weather,natural-v6-20261005/weather/03,1,initial,target_description,different_value_or_type_not_adjudicated_semantically,True,True,"""peak wind speed""","[""\""peak wind speed in metres per second, every hour, out to 12 hours\""""]","I need a forecast of peak wind speed in metres per second, every hour, out to 12 hours. I will upload the data as parquet."
original,natural_component,weather,natural-v6-20261005/weather/03,1,initial,target_unit,absent_from_readable_emissions,True,True,"""metres per second""",[],"I need a forecast of peak wind speed in metres per second, every hour, out to 12 hours. I will upload the data as parquet."
original,natural_component,weather,natural-v6-20261005/weather/03,2,correction,forecast_horizon,exact_readable_content,True,True,"{""periods"":15,""unit"":""hour""}","[""{\""periods\"":15,\""unit\"":\""hour\""}""]","I changed my mind about the horizon. Forecast the next 15 hours, please."
original,natural_component,weather,natural-v6-20261005/weather/04,1,initial,forecast_horizon,exact_readable_content,True,True,"{""periods"":9,""unit"":""day""}","[""{\""periods\"":9,\""unit\"":\""day\""}""]","Help me predict relative humidity. It is in percent, observed daily; look ahead 9 days. Read humidity_pct as the target and observation_date as the timestamp."
original,natural_component,weather,natural-v6-20261005/weather/04,1,initial,frequency,absent_from_readable_emissions,True,True,"{""periods"":1,""unit"":""day""}",[],"Help me predict relative humidity. It is in percent, observed daily; look ahead 9 days. Read humidity_pct as the target and observation_date as the timestamp."
original,natural_component,weather,natural-v6-20261005/weather/04,1,initial,target_column,exact_readable_content,True,True,"""humidity_pct""","[""\""humidity_pct\""""]","Help me predict relative humidity. It is in percent, observed daily; look ahead 9 days. Read humidity_pct as the target and observation_date as the timestamp."
original,natural_component,weather,natural-v6-20261005/weather/04,1,initial,target_description,exact_readable_content,True,True,"""relative humidity""","[""\""relative humidity\""""]","Help me predict relative humidity. It is in percent, observed daily; look ahead 9 days. Read humidity_pct as the target and observation_date as the timestamp."
original,natural_component,weather,natural-v6-20261005/weather/04,1,initial,target_unit,exact_readable_content,True,True,"""percent""","[""\""percent\""""]","Help me predict relative humidity. It is in percent, observed daily; look ahead 9 days. Read humidity_pct as the target and observation_date as the timestamp."
original,natural_component,weather,natural-v6-20261005/weather/04,1,initial,time_column,exact_readable_content,True,True,"""observation_date""","[""\""observation_date\""""]","Help me predict relative humidity. It is in percent, observed daily; look ahead 9 days. Read humidity_pct as the target and observation_date as the timestamp."
original,natural_component,weather,natural-v6-20261005/weather/04,2,correction,forecast_horizon,exact_readable_content,True,True,"{""periods"":12,""unit"":""day""}","[""{\""periods\"":12,\""unit\"":\""day\""}""]",That previous forecast horizon is wrong: make it 12 days.
original,natural_component,weather,natural-v6-20261005/weather/05,1,initial,forecast_horizon,exact_readable_content,True,True,"{""periods"":18,""unit"":""hour""}","[""{\""periods\"":18,\""unit\"":\""hour\""}""]","What I want forecast is cloud cover, in percent. We record it every 3 hours. Please look 18 hours into the future."
original,natural_component,weather,natural-v6-20261005/weather/05,1,initial,frequency,exact_readable_content,True,True,"{""periods"":3,""unit"":""hour""}","[""{\""periods\"":3,\""unit\"":\""hour\""}""]","What I want forecast is cloud cover, in percent. We record it every 3 hours. Please look 18 hours into the future."
original,natural_component,weather,natural-v6-20261005/weather/05,1,initial,target_description,different_value_or_type_not_adjudicated_semantically,True,True,"""cloud cover""","[""\""cloud cover, in percent\""""]","What I want forecast is cloud cover, in percent. We record it every 3 hours. Please look 18 hours into the future."
original,natural_component,weather,natural-v6-20261005/weather/05,1,initial,target_unit,absent_from_readable_emissions,True,True,"""percent""",[],"What I want forecast is cloud cover, in percent. We record it every 3 hours. Please look 18 hours into the future."
original,natural_component,weather,natural-v6-20261005/weather/05,2,correction,forecast_horizon,normalization_only,True,True,"{""periods"":21,""unit"":""hour""}","[""{\""periods\"":21.0,\""unit\"":\""hour\""}""]",Please revise the forecast horizon to 21 hours. Everything else stays the same.
original,natural_component,weather,natural-v6-20261005/weather/06,1,initial,forecast_horizon,exact_readable_content,True,True,"{""periods"":2,""unit"":""day""}","[""{\""periods\"":2,\""unit\"":\""day\""}""]",Can we forecast sea-level pressure? Values are in hectopascals and arrive every 6 hours. I need a 2 day horizon.
original,natural_component,weather,natural-v6-20261005/weather/06,1,initial,frequency,exact_readable_content,True,True,"{""periods"":6,""unit"":""hour""}","[""{\""periods\"":6,\""unit\"":\""hour\""}""]",Can we forecast sea-level pressure? Values are in hectopascals and arrive every 6 hours. I need a 2 day horizon.
original,natural_component,weather,natural-v6-20261005/weather/06,1,initial,target_description,exact_readable_content,True,True,"""sea-level pressure""","[""\""sea-level pressure\""""]",Can we forecast sea-level pressure? Values are in hectopascals and arrive every 6 hours. I need a 2 day horizon.
original,natural_component,weather,natural-v6-20261005/weather/06,1,initial,target_unit,exact_readable_content,True,True,"""hectopascals""","[""\""hectopascals\""""]",Can we forecast sea-level pressure? Values are in hectopascals and arrive every 6 hours. I need a 2 day horizon.
original,natural_component,weather,natural-v6-20261005/weather/06,2,correction,forecast_horizon,normalization_only,True,True,"{""periods"":5,""unit"":""day""}","[""{\""periods\"":5.0,\""unit\"":\""day\""}""]",Use 5 days for the forecast horizon instead of my earlier request.
original,natural_component,weather,natural-v6-20261005/weather/06,3,unknown,prediction_interval_levels,new_unmentioned_slot,True,True,,"[""[10,90]""]","I need your questions about timezone, seasonal periods and prediction interval levels because I don't know them."
original,natural_component,weather,natural-v6-20261005/weather/06,3,unknown,seasonal_periods,new_unmentioned_slot,True,True,,"[""[{\""periods\"":2,\""unit\"":\""day\""},{\""periods\"":3,\""unit\"":\""day\""},{\""periods\"":4,\""unit\"":\""day\""},{\""periods\"":5,\""unit\"":\""day\""},{\""periods\"":6,\""unit\"":\""day\""}]""]","I need your questions about timezone, seasonal periods and prediction interval levels because I don't know them."
original,natural_component,weather,natural-v6-20261005/weather/06,3,unknown,timezone,new_unmentioned_slot,True,True,,"[""\""timezone\""""]","I need your questions about timezone, seasonal periods and prediction interval levels because I don't know them."
original,natural_component,weather,natural-v6-20261005/weather/07,1,initial,forecast_horizon,exact_readable_content,True,True,"{""periods"":8,""unit"":""day""}","[""{\""periods\"":8,\""unit\"":\""day\""}""]","Please predict overnight minimum temperature in degrees Fahrenheit. Observations are daily. Forecast 8 days ahead, and generate a fresh forecast every 2 days."
original,natural_component,weather,natural-v6-20261005/weather/07,1,initial,frequency,exact_readable_content,True,True,"{""periods"":1,""unit"":""day""}","[""{\""periods\"":1,\""unit\"":\""day\""}""]","Please predict overnight minimum temperature in degrees Fahrenheit. Observations are daily. Forecast 8 days ahead, and generate a fresh forecast every 2 days."
original,natural_component,weather,natural-v6-20261005/weather/07,1,initial,prediction_frequency,exact_readable_content,True,True,"{""periods"":2,""unit"":""day""}","[""{\""periods\"":2,\""unit\"":\""day\""}""]","Please predict overnight minimum temperature in degrees Fahrenheit. Observations are daily. Forecast 8 days ahead, and generate a fresh forecast every 2 days."
original,natural_component,weather,natural-v6-20261005/weather/07,1,initial,target_description,different_value_or_type_not_adjudicated_semantically,True,True,"""overnight minimum temperature""","[""\""overnight minimum temperature in degrees Fahrenheit\""""]","Please predict overnight minimum temperature in degrees Fahrenheit. Observations are daily. Forecast 8 days ahead, and generate a fresh forecast every 2 days."
original,natural_component,weather,natural-v6-20261005/weather/07,1,initial,target_unit,absent_from_readable_emissions,True,True,"""degrees Fahrenheit""",[],"Please predict overnight minimum temperature in degrees Fahrenheit. Observations are daily. Forecast 8 days ahead, and generate a fresh forecast every 2 days."
original,natural_component,weather,natural-v6-20261005/weather/07,2,correction,forecast_horizon,exact_readable_content,True,True,"{""periods"":11,""unit"":""day""}","[""{\""periods\"":11,\""unit\"":\""day\""}""]",One correction to my specification: the forecast horizon is now 11 days.
original,natural_component,weather,natural-v6-20261005/weather/08,1,initial,file_format,exact_readable_content,True,True,"""xlsx""","[""\""xlsx\""""]","Build a forecast for sunshine duration, measured in hours, with one observation every week. I need the next 4 weeks. The uploaded file is xlsx."
original,natural_component,weather,natural-v6-20261005/weather/08,1,initial,forecast_horizon,exact_readable_content,True,True,"{""periods"":4,""unit"":""week""}","[""{\""periods\"":4,\""unit\"":\""week\""}""]","Build a forecast for sunshine duration, measured in hours, with one observation every week. I need the next 4 weeks. The uploaded file is xlsx."
original,natural_component,weather,natural-v6-20261005/weather/08,1,initial,frequency,exact_readable_content,True,True,"{""periods"":1,""unit"":""week""}","[""{\""periods\"":1,\""unit\"":\""week\""}""]","Build a forecast for sunshine duration, measured in hours, with one observation every week. I need the next 4 weeks. The uploaded file is xlsx."
original,natural_component,weather,natural-v6-20261005/weather/08,1,initial,source_mode,absent_from_readable_emissions,True,True,"""upload""",[],"Build a forecast for sunshine duration, measured in hours, with one observation every week. I need the next 4 weeks. The uploaded file is xlsx."
original,natural_component,weather,natural-v6-20261005/weather/08,1,initial,target_description,different_value_or_type_not_adjudicated_semantically,True,True,"""sunshine duration""","[""\""sunshine duration, measured in hours, with one observation every week\""""]","Build a forecast for sunshine duration, measured in hours, with one observation every week. I need the next 4 weeks. The uploaded file is xlsx."
original,natural_component,weather,natural-v6-20261005/weather/08,1,initial,target_unit,absent_from_readable_emissions,True,True,"""hours""",[],"Build a forecast for sunshine duration, measured in hours, with one observation every week. I need the next 4 weeks. The uploaded file is xlsx."
original,natural_component,weather,natural-v6-20261005/weather/08,2,correction,forecast_horizon,exact_readable_content,True,True,"{""periods"":7,""unit"":""week""}","[""{\""periods\"":7,\""unit\"":\""week\""}""]",Replace the horizon I gave you with 7 weeks.
original,natural_component,inflation,natural-v6-20261005/inflation/01,1,initial,forecast_horizon,exact_readable_content,True,True,"{""periods"":5,""unit"":""month""}","[""{\""periods\"":5,\""unit\"":\""month\""}""]","Please forecast year-over-year CPI inflation, in percent, from monthly observations. I need the coming 5 months, not a forecast of the CPI index."
original,natural_component,inflation,natural-v6-20261005/inflation/01,1,initial,frequency,absent_from_readable_emissions,True,True,"{""periods"":1,""unit"":""month""}",[],"Please forecast year-over-year CPI inflation, in percent, from monthly observations. I need the coming 5 months, not a forecast of the CPI index."
original,natural_component,inflation,natural-v6-20261005/inflation/01,1,initial,target_description,different_value_or_type_not_adjudicated_semantically,True,True,"""year-over-year CPI inflation""","[""\""year-over-year CPI inflation, in percent\""""]","Please forecast year-over-year CPI inflation, in percent, from monthly observations. I need the coming 5 months, not a forecast of the CPI index."
original,natural_component,inflation,natural-v6-20261005/inflation/01,1,initial,target_unit,absent_from_readable_emissions,True,True,"""percent""",[],"Please forecast year-over-year CPI inflation, in percent, from monthly observations. I need the coming 5 months, not a forecast of the CPI index."
original,natural_component,inflation,natural-v6-20261005/inflation/01,2,correction,forecast_horizon,exact_readable_content,True,True,"{""periods"":8,""unit"":""month""}","[""{\""periods\"":8,\""unit\"":\""month\""}""]","Actually, change the forecast horizon to 8 months instead. Leave the other requirements alone."
original,natural_component,inflation,natural-v6-20261005/inflation/02,1,initial,forecast_horizon,exact_readable_content,True,True,"{""periods"":8,""unit"":""month""}","[""{\""periods\"":8,\""unit\"":\""month\""}""]","Can you predict the headline CPI index level? Units are index points, base 2015=100. It is monthly and I want 8 months ahead."
original,natural_component,inflation,natural-v6-20261005/inflation/02,1,initial,frequency,exact_readable_content,True,True,"{""periods"":1,""unit"":""month""}","[""{\""periods\"":1,\""unit\"":\""month\""}""]","Can you predict the headline CPI index level? Units are index points, base 2015=100. It is monthly and I want 8 months ahead."
original,natural_component,inflation,natural-v6-20261005/inflation/02,1,initial,target_description,exact_readable_content,True,True,"""headline CPI index level""","[""\""headline CPI index level\""""]","Can you predict the headline CPI index level? Units are index points, base 2015=100. It is monthly and I want 8 months ahead."
original,natural_component,inflation,natural-v6-20261005/inflation/02,1,initial,target_unit,exact_readable_content,True,True,"""index points, base 2015=100""","[""\""index points, base 2015=100\""""]","Can you predict the headline CPI index level? Units are index points, base 2015=100. It is monthly and I want 8 months ahead."
original,natural_component,inflation,natural-v6-20261005/inflation/02,2,correction,forecast_horizon,exact_readable_content,True,True,"{""periods"":11,""unit"":""month""}","[""{\""periods\"":11,\""unit\"":\""month\""}""]","Correction: I need 11 months ahead, replacing the earlier horizon."
original,natural_component,inflation,natural-v6-20261005/inflation/03,1,initial,file_format,exact_readable_content,True,True,"""csv""","[""\""csv\""""]",I need a forecast of month-over-month core inflation. The unit is percent. Observations arrive monthly; forecast the next 3 months. The file is csv.
original,natural_component,inflation,natural-v6-20261005/inflation/03,1,initial,forecast_horizon,absent_from_readable_emissions,True,True,"{""periods"":3,""unit"":""month""}",[],I need a forecast of month-over-month core inflation. The unit is percent. Observations arrive monthly; forecast the next 3 months. The file is csv.
original,natural_component,inflation,natural-v6-20261005/inflation/03,1,initial,frequency,exact_readable_content,True,True,"{""periods"":1,""unit"":""month""}","[""{\""periods\"":1,\""unit\"":\""month\""}""]",I need a forecast of month-over-month core inflation. The unit is percent. Observations arrive monthly; forecast the next 3 months. The file is csv.
original,natural_component,inflation,natural-v6-20261005/inflation/03,1,initial,target_description,exact_readable_content,True,True,"""month-over-month core inflation""","[""\""month-over-month core inflation\""""]",I need a forecast of month-over-month core inflation. The unit is percent. Observations arrive monthly; forecast the next 3 months. The file is csv.
original,natural_component,inflation,natural-v6-20261005/inflation/03,1,initial,target_unit,exact_readable_content,True,True,"""percent""","[""\""percent\""""]",I need a forecast of month-over-month core inflation. The unit is percent. Observations arrive monthly; forecast the next 3 months. The file is csv.
original,natural_component,inflation,natural-v6-20261005/inflation/03,2,correction,forecast_horizon,normalization_only,True,True,"{""periods"":6,""unit"":""month""}","[""{\""periods\"":6.0,\""unit\"":\""month\""}""]","I changed my mind about the horizon. Forecast the next 6 months, please."
original,natural_component,inflation,natural-v6-20261005/inflation/04,1,initial,forecast_horizon,unassessable_strict_json_failure,False,False,"{""periods"":11,""unit"":""month""}",[],Help me predict food-price inflation in percent. There is one observation each month. Look 11 months ahead. The target column is food_inflation and the date column is month_end.
original,natural_component,inflation,natural-v6-20261005/inflation/04,1,initial,frequency,unassessable_strict_json_failure,False,False,"{""periods"":1,""unit"":""month""}",[],Help me predict food-price inflation in percent. There is one observation each month. Look 11 months ahead. The target column is food_inflation and the date column is month_end.
original,natural_component,inflation,natural-v6-20261005/inflation/04,1,initial,target_column,unassessable_strict_json_failure,False,False,"""food_inflation""",[],Help me predict food-price inflation in percent. There is one observation each month. Look 11 months ahead. The target column is food_inflation and the date column is month_end.
original,natural_component,inflation,natural-v6-20261005/inflation/04,1,initial,target_description,unassessable_strict_json_failure,False,False,"""food-price inflation""",[],Help me predict food-price inflation in percent. There is one observation each month. Look 11 months ahead. The target column is food_inflation and the date column is month_end.
original,natural_component,inflation,natural-v6-20261005/inflation/04,1,initial,target_unit,unassessable_strict_json_failure,False,False,"""percent""",[],Help me predict food-price inflation in percent. There is one observation each month. Look 11 months ahead. The target column is food_inflation and the date column is month_end.
original,natural_component,inflation,natural-v6-20261005/inflation/04,1,initial,time_column,unassessable_strict_json_failure,False,False,"""month_end""",[],Help me predict food-price inflation in percent. There is one observation each month. Look 11 months ahead. The target column is food_inflation and the date column is month_end.
original,natural_component,inflation,natural-v6-20261005/inflation/04,2,correction,forecast_horizon,exact_readable_content,True,True,"{""periods"":14,""unit"":""month""}","[""{\""periods\"":14,\""unit\"":\""month\""}""]",That previous forecast horizon is wrong: make it 14 months.
original,natural_component,inflation,natural-v6-20261005/inflation/05,1,initial,forecast_horizon,exact_readable_content,True,True,"{""periods"":2,""unit"":""quarter""}","[""{\""periods\"":2,\""unit\"":\""quarter\""}""]","Please forecast producer price inflation, measured in percent, using quarterly observations. I want the next 2 quarters."
original,natural_component,inflation,natural-v6-20261005/inflation/05,1,initial,frequency,absent_from_readable_emissions,True,True,"{""periods"":1,""unit"":""quarter""}",[],"Please forecast producer price inflation, measured in percent, using quarterly observations. I want the next 2 quarters."
original,natural_component,inflation,natural-v6-20261005/inflation/05,1,initial,target_description,different_value_or_type_not_adjudicated_semantically,True,True,"""producer price inflation""","[""\""producer price inflation, measured in percent, using quarterly observations\""""]","Please forecast producer price inflation, measured in percent, using quarterly observations. I want the next 2 quarters."
original,natural_component,inflation,natural-v6-20261005/inflation/05,1,initial,target_unit,absent_from_readable_emissions,True,True,"""percent""",[],"Please forecast producer price inflation, measured in percent, using quarterly observations. I want the next 2 quarters."
original,natural_component,inflation,natural-v6-20261005/inflation/05,2,correction,forecast_horizon,exact_readable_content,True,True,"{""periods"":5,""unit"":""quarter""}","[""{\""periods\"":5,\""unit\"":\""quarter\""}""]",Please revise the forecast horizon to 5 quarters. Everything else stays the same.
original,natural_component,inflation,natural-v6-20261005/inflation/06,1,initial,file_format,exact_readable_content,True,True,"""parquet""","[""\""parquet\""""]",Forecast the consumer price index level in index points. The series has a monthly observation and I need a 1 year horizon. I will upload a parquet file.
original,natural_component,inflation,natural-v6-20261005/inflation/06,1,initial,forecast_horizon,absent_from_readable_emissions,True,True,"{""periods"":1,""unit"":""year""}",[],Forecast the consumer price index level in index points. The series has a monthly observation and I need a 1 year horizon. I will upload a parquet file.
original,natural_component,inflation,natural-v6-20261005/inflation/06,1,initial,frequency,exact_readable_content,True,True,"{""periods"":1,""unit"":""month""}","[""{\""periods\"":1,\""unit\"":\""month\""}""]",Forecast the consumer price index level in index points. The series has a monthly observation and I need a 1 year horizon. I will upload a parquet file.
original,natural_component,inflation,natural-v6-20261005/inflation/06,1,initial,source_mode,absent_from_readable_emissions,True,True,"""upload""",[],Forecast the consumer price index level in index points. The series has a monthly observation and I need a 1 year horizon. I will upload a parquet file.
original,natural_component,inflation,natural-v6-20261005/inflation/06,1,initial,target_description,different_value_or_type_not_adjudicated_semantically,True,True,"""consumer price index level""","[""\""consumer price index level in index points\""""]",Forecast the consumer price index level in index points. The series has a monthly observation and I need a 1 year horizon. I will upload a parquet file.
original,natural_component,inflation,natural-v6-20261005/inflation/06,1,initial,target_unit,absent_from_readable_emissions,True,True,"""index points""",[],Forecast the consumer price index level in index points. The series has a monthly observation and I need a 1 year horizon. I will upload a parquet file.
original,natural_component,inflation,natural-v6-20261005/inflation/06,2,correction,forecast_horizon,normalization_only,True,True,"{""periods"":4,""unit"":""year""}","[""{\""periods\"":4.0,\""unit\"":\""year\""}""]",Use 4 years for the forecast horizon instead of my earlier request.
original,natural_component,inflation,natural-v6-20261005/inflation/06,3,unknown,prediction_interval_levels,new_unmentioned_slot,True,True,,"[""[{\""periods\"":0.01,\""unit\"":\""percent\""}]""]","I need your questions about timezone, seasonal periods and prediction interval levels because I don't know them."
original,natural_component,inflation,natural-v6-20261005/inflation/06,3,unknown,seasonal_periods,new_unmentioned_slot,True,True,,"[""[{\""periods\"":0,\""unit\"":\""year\""}]""]","I need your questions about timezone, seasonal periods and prediction interval levels because I don't know them."
original,natural_component,inflation,natural-v6-20261005/inflation/06,3,unknown,timezone,new_unmentioned_slot,True,True,,"[""\""timezone\""""]","I need your questions about timezone, seasonal periods and prediction interval levels because I don't know them."
original,natural_component,inflation,natural-v6-20261005/inflation/07,1,initial,forecast_horizon,different_value_or_type_not_adjudicated_semantically,True,True,"{""periods"":3,""unit"":""year""}","[""{\""periods\"":1,\""unit\"":\""year\""}""]",I want to forecast annual average inflation in percent. One observation per year; look ahead 3 years. Generate a new forecast every 1 year.
original,natural_component,inflation,natural-v6-20261005/inflation/07,1,initial,frequency,absent_from_readable_emissions,True,True,"{""periods"":1,""unit"":""year""}",[],I want to forecast annual average inflation in percent. One observation per year; look ahead 3 years. Generate a new forecast every 1 year.
original,natural_component,inflation,natural-v6-20261005/inflation/07,1,initial,prediction_frequency,exact_readable_content,True,True,"{""periods"":1,""unit"":""year""}","[""{\""periods\"":1,\""unit\"":\""year\""}""]",I want to forecast annual average inflation in percent. One observation per year; look ahead 3 years. Generate a new forecast every 1 year.
original,natural_component,inflation,natural-v6-20261005/inflation/07,1,initial,target_description,different_value_or_type_not_adjudicated_semantically,True,True,"""annual average inflation""","[""\""annual average inflation in percent\""""]",I want to forecast annual average inflation in percent. One observation per year; look ahead 3 years. Generate a new forecast every 1 year.
original,natural_component,inflation,natural-v6-20261005/inflation/07,1,initial,target_unit,absent_from_readable_emissions,True,True,"""percent""",[],I want to forecast annual average inflation in percent. One observation per year; look ahead 3 years. Generate a new forecast every 1 year.
original,natural_component,inflation,natural-v6-20261005/inflation/07,2,correction,forecast_horizon,exact_readable_content,True,True,"{""periods"":6,""unit"":""year""}","[""{\""periods\"":6,\""unit\"":\""year\""}""]",One correction to my specification: the forecast horizon is now 6 years.
original,natural_component,inflation,natural-v6-20261005/inflation/08,1,initial,file_format,exact_readable_content,True,True,"""xlsx""","[""\""xlsx\""""]","Could you predict trimmed-mean inflation? It is monthly, expressed in percent. We need 7 months into the future; the uploaded data will be in xlsx format."
original,natural_component,inflation,natural-v6-20261005/inflation/08,1,initial,forecast_horizon,exact_readable_content,True,True,"{""periods"":7,""unit"":""month""}","[""{\""periods\"":7,\""unit\"":\""month\""}""]","Could you predict trimmed-mean inflation? It is monthly, expressed in percent. We need 7 months into the future; the uploaded data will be in xlsx format."
original,natural_component,inflation,natural-v6-20261005/inflation/08,1,initial,frequency,absent_from_readable_emissions,True,True,"{""periods"":1,""unit"":""month""}",[],"Could you predict trimmed-mean inflation? It is monthly, expressed in percent. We need 7 months into the future; the uploaded data will be in xlsx format."
original,natural_component,inflation,natural-v6-20261005/inflation/08,1,initial,source_mode,absent_from_readable_emissions,True,True,"""upload""",[],"Could you predict trimmed-mean inflation? It is monthly, expressed in percent. We need 7 months into the future; the uploaded data will be in xlsx format."
original,natural_component,inflation,natural-v6-20261005/inflation/08,1,initial,target_description,exact_readable_content,True,True,"""trimmed-mean inflation""","[""\""trimmed-mean inflation\""""]","Could you predict trimmed-mean inflation? It is monthly, expressed in percent. We need 7 months into the future; the uploaded data will be in xlsx format."
original,natural_component,inflation,natural-v6-20261005/inflation/08,1,initial,target_unit,different_value_or_type_not_adjudicated_semantically,True,True,"""percent""","[""\""monthly, expressed in percent\""""]","Could you predict trimmed-mean inflation? It is monthly, expressed in percent. We need 7 months into the future; the uploaded data will be in xlsx format."
original,natural_component,inflation,natural-v6-20261005/inflation/08,2,correction,forecast_horizon,exact_readable_content,True,True,"{""periods"":10,""unit"":""month""}","[""{\""periods\"":10,\""unit\"":\""month\""}""]",Replace the horizon I gave you with 10 months.
original,natural_component,stocks,natural-v6-20261005/stocks/01,1,initial,forecast_horizon,exact_readable_content,True,True,"{""periods"":10,""unit"":""day""}","[""{\""periods\"":10,\""unit\"":\""day\""}""]","Can you forecast NOVA's adjusted closing price, in USD per share? I have daily observations and need the next 10 days."
original,natural_component,stocks,natural-v6-20261005/stocks/01,1,initial,frequency,exact_readable_content,True,True,"{""periods"":1,""unit"":""day""}","[""{\""periods\"":1,\""unit\"":\""day\""}""]","Can you forecast NOVA's adjusted closing price, in USD per share? I have daily observations and need the next 10 days."
original,natural_component,stocks,natural-v6-20261005/stocks/01,1,initial,target_description,different_value_or_type_not_adjudicated_semantically,True,True,"""NOVA's adjusted closing price""","[""\""NOVA's adjusted closing price, in USD per share\""""]","Can you forecast NOVA's adjusted closing price, in USD per share? I have daily observations and need the next 10 days."
original,natural_component,stocks,natural-v6-20261005/stocks/01,1,initial,target_unit,absent_from_readable_emissions,True,True,"""USD per share""",[],"Can you forecast NOVA's adjusted closing price, in USD per share? I have daily observations and need the next 10 days."
original,natural_component,stocks,natural-v6-20261005/stocks/01,2,correction,forecast_horizon,exact_readable_content,True,True,"{""periods"":13,""unit"":""day""}","[""{\""periods\"":13,\""unit\"":\""day\""}""]","Actually, change the forecast horizon to 13 days instead. Leave the other requirements alone."
original,natural_component,stocks,natural-v6-20261005/stocks/02,1,initial,forecast_horizon,exact_readable_content,True,True,"{""periods"":6,""unit"":""day""}","[""{\""periods\"":6,\""unit\"":\""day\""}""]","Please predict raw closing share price, without adjusting corporate actions. Prices are in GBP per share, observed every day. Look ahead 6 days."
original,natural_component,stocks,natural-v6-20261005/stocks/02,1,initial,frequency,absent_from_readable_emissions,True,True,"{""periods"":1,""unit"":""day""}",[],"Please predict raw closing share price, without adjusting corporate actions. Prices are in GBP per share, observed every day. Look ahead 6 days."
original,natural_component,stocks,natural-v6-20261005/stocks/02,1,initial,target_description,exact_readable_content,True,True,"""raw closing share price, without adjusting corporate actions""","[""\""raw closing share price, without adjusting corporate actions\""""]","Please predict raw closing share price, without adjusting corporate actions. Prices are in GBP per share, observed every day. Look ahead 6 days."
original,natural_component,stocks,natural-v6-20261005/stocks/02,1,initial,target_unit,different_value_or_type_not_adjudicated_semantically,True,True,"""GBP per share""","[""\""GBP per share, observed every day\""""]","Please predict raw closing share price, without adjusting corporate actions. Prices are in GBP per share, observed every day. Look ahead 6 days."
original,natural_component,stocks,natural-v6-20261005/stocks/02,2,correction,forecast_horizon,exact_readable_content,True,True,"{""periods"":9,""unit"":""day""}","[""{\""periods\"":9,\""unit\"":\""day\""}""]","Correction: I need 9 days ahead, replacing the earlier horizon."
original,natural_component,stocks,natural-v6-20261005/stocks/03,1,initial,file_format,absent_from_readable_emissions,True,True,"""csv""",[],"Help me forecast total share return including dividends, measured in percent. Observations are weekly; I need 5 weeks ahead. I will upload CSV data."
original,natural_component,stocks,natural-v6-20261005/stocks/03,1,initial,forecast_horizon,different_value_or_type_not_adjudicated_semantically,True,True,"{""periods"":5,""unit"":""week""}","[""{\""periods\"":7,\""unit\"":\""week\""}""]","Help me forecast total share return including dividends, measured in percent. Observations are weekly; I need 5 weeks ahead. I will upload CSV data."
original,natural_component,stocks,natural-v6-20261005/stocks/03,1,initial,frequency,absent_from_readable_emissions,True,True,"{""periods"":1,""unit"":""week""}",[],"Help me forecast total share return including dividends, measured in percent. Observations are weekly; I need 5 weeks ahead. I will upload CSV data."
original,natural_component,stocks,natural-v6-20261005/stocks/03,1,initial,source_mode,normalization_only,True,True,"""upload""","[""\""csv\""""]","Help me forecast total share return including dividends, measured in percent. Observations are weekly; I need 5 weeks ahead. I will upload CSV data."
original,natural_component,stocks,natural-v6-20261005/stocks/03,1,initial,target_description,different_value_or_type_not_adjudicated_semantically,True,True,"""total share return including dividends""","[""\""total share return including dividends, measured in percent\""""]","Help me forecast total share return including dividends, measured in percent. Observations are weekly; I need 5 weeks ahead. I will upload CSV data."
original,natural_component,stocks,natural-v6-20261005/stocks/03,1,initial,target_unit,absent_from_readable_emissions,True,True,"""percent""",[],"Help me forecast total share return including dividends, measured in percent. Observations are weekly; I need 5 weeks ahead. I will upload CSV data."
original,natural_component,stocks,natural-v6-20261005/stocks/03,2,correction,forecast_horizon,exact_readable_content,True,True,"{""periods"":8,""unit"":""week""}","[""{\""periods\"":8,\""unit\"":\""week\""}""]","I changed my mind about the horizon. Forecast the next 8 weeks, please."
original,natural_component,stocks,natural-v6-20261005/stocks/04,1,initial,forecast_horizon,absent_from_readable_emissions,True,True,"{""periods"":9,""unit"":""day""}",[],"Forecast trading volume, measured in shares, from daily observations for the next 9 days. Read the target from volume_shares and the timestamp from trade_date."
original,natural_component,stocks,natural-v6-20261005/stocks/04,1,initial,frequency,absent_from_readable_emissions,True,True,"{""periods"":1,""unit"":""day""}",[],"Forecast trading volume, measured in shares, from daily observations for the next 9 days. Read the target from volume_shares and the timestamp from trade_date."
original,natural_component,stocks,natural-v6-20261005/stocks/04,1,initial,target_column,exact_readable_content,True,True,"""volume_shares""","[""\""volume_shares\""""]","Forecast trading volume, measured in shares, from daily observations for the next 9 days. Read the target from volume_shares and the timestamp from trade_date."
original,natural_component,stocks,natural-v6-20261005/stocks/04,1,initial,target_description,different_value_or_type_not_adjudicated_semantically,True,True,"""trading volume""","[""\""trading volume, measured in shares, from daily observations for the next 9 days\""""]","Forecast trading volume, measured in shares, from daily observations for the next 9 days. Read the target from volume_shares and the timestamp from trade_date."
original,natural_component,stocks,natural-v6-20261005/stocks/04,1,initial,target_unit,absent_from_readable_emissions,True,True,"""shares""",[],"Forecast trading volume, measured in shares, from daily observations for the next 9 days. Read the target from volume_shares and the timestamp from trade_date."
original,natural_component,stocks,natural-v6-20261005/stocks/04,1,initial,time_column,exact_readable_content,True,True,"""trade_date""","[""\""trade_date\""""]","Forecast trading volume, measured in shares, from daily observations for the next 9 days. Read the target from volume_shares and the timestamp from trade_date."
original,natural_component,stocks,natural-v6-20261005/stocks/04,2,correction,forecast_horizon,exact_readable_content,True,True,"{""periods"":12,""unit"":""day""}","[""{\""periods\"":12,\""unit\"":\""day\""}""]",That previous forecast horizon is wrong: make it 12 days.
original,natural_component,stocks,natural-v6-20261005/stocks/05,1,initial,forecast_horizon,exact_readable_content,True,True,"{""periods"":4,""unit"":""month""}","[""{\""periods\"":4,\""unit\"":\""month\""}""]","Please predict the dividend yield in percent. This series is monthly, and the horizon should be 4 months."
original,natural_component,stocks,natural-v6-20261005/stocks/05,1,initial,frequency,exact_readable_content,True,True,"{""periods"":1,""unit"":""month""}","[""{\""periods\"":1,\""unit\"":\""month\""}""]","Please predict the dividend yield in percent. This series is monthly, and the horizon should be 4 months."
original,natural_component,stocks,natural-v6-20261005/stocks/05,1,initial,target_description,different_value_or_type_not_adjudicated_semantically,True,True,"""dividend yield""","[""\""dividend yield in percent\""""]","Please predict the dividend yield in percent. This series is monthly, and the horizon should be 4 months."
original,natural_component,stocks,natural-v6-20261005/stocks/05,1,initial,target_unit,absent_from_readable_emissions,True,True,"""percent""",[],"Please predict the dividend yield in percent. This series is monthly, and the horizon should be 4 months."
original,natural_component,stocks,natural-v6-20261005/stocks/05,2,correction,forecast_horizon,exact_readable_content,True,True,"{""periods"":7,""unit"":""month""}","[""{\""periods\"":7,\""unit\"":\""month\""}""]",Please revise the forecast horizon to 7 months. Everything else stays the same.
original,natural_component,stocks,natural-v6-20261005/stocks/06,1,initial,file_format,unassessable_strict_json_failure,False,False,"""parquet""",[],"I need a forecast of adjusted closing share price. It is in EUR per share, sampled hourly, and I want 16 hours ahead. The file format is parquet."
original,natural_component,stocks,natural-v6-20261005/stocks/06,1,initial,forecast_horizon,unassessable_strict_json_failure,False,False,"{""periods"":16,""unit"":""hour""}",[],"I need a forecast of adjusted closing share price. It is in EUR per share, sampled hourly, and I want 16 hours ahead. The file format is parquet."
original,natural_component,stocks,natural-v6-20261005/stocks/06,1,initial,frequency,unassessable_strict_json_failure,False,False,"{""periods"":1,""unit"":""hour""}",[],"I need a forecast of adjusted closing share price. It is in EUR per share, sampled hourly, and I want 16 hours ahead. The file format is parquet."
original,natural_component,stocks,natural-v6-20261005/stocks/06,1,initial,target_description,unassessable_strict_json_failure,False,False,"""adjusted closing share price""",[],"I need a forecast of adjusted closing share price. It is in EUR per share, sampled hourly, and I want 16 hours ahead. The file format is parquet."
original,natural_component,stocks,natural-v6-20261005/stocks/06,1,initial,target_unit,unassessable_strict_json_failure,False,False,"""EUR per share""",[],"I need a forecast of adjusted closing share price. It is in EUR per share, sampled hourly, and I want 16 hours ahead. The file format is parquet."
original,natural_component,stocks,natural-v6-20261005/stocks/06,2,correction,forecast_horizon,exact_readable_content,True,True,"{""periods"":19,""unit"":""hour""}","[""{\""periods\"":19,\""unit\"":\""hour\""}""]",Use 19 hours for the forecast horizon instead of my earlier request.
original,natural_component,stocks,natural-v6-20261005/stocks/06,3,unknown,prediction_interval_levels,new_unmentioned_slot,True,True,,"[""[0,100,95,90,85,80,75,70,65,60,55,50,45,40,35,30,25,20,15,10,5,0]""]","I need your questions about timezone, seasonal periods and prediction interval levels because I don't know them."
original,natural_component,stocks,natural-v6-20261005/stocks/06,3,unknown,seasonal_periods,new_unmentioned_slot,True,True,,"[""[{\""periods\"":0,\""unit\"":\""year\""},{\""periods\"":0,\""unit\"":\""month\""},{\""periods\"":0,\""unit\"":\""day\""}]""]","I need your questions about timezone, seasonal periods and prediction interval levels because I don't know them."
original,natural_component,stocks,natural-v6-20261005/stocks/06,3,unknown,timezone,new_unmentioned_slot,True,True,,"[""\""timezone\""""]","I need your questions about timezone, seasonal periods and prediction interval levels because I don't know them."
original,natural_component,stocks,natural-v6-20261005/stocks/07,1,initial,forecast_horizon,exact_readable_content,True,True,"{""periods"":12,""unit"":""day""}","[""{\""periods\"":12,\""unit\"":\""day\""}""]",Could you forecast daily log share return in percent? There is one observation per day. Predict 12 days ahead but refresh the forecast every 3 days.
original,natural_component,stocks,natural-v6-20261005/stocks/07,1,initial,frequency,exact_readable_content,True,True,"{""periods"":1,""unit"":""day""}","[""{\""periods\"":1,\""unit\"":\""day\""}""]",Could you forecast daily log share return in percent? There is one observation per day. Predict 12 days ahead but refresh the forecast every 3 days.
original,natural_component,stocks,natural-v6-20261005/stocks/07,1,initial,prediction_frequency,absent_from_readable_emissions,True,True,"{""periods"":3,""unit"":""day""}",[],Could you forecast daily log share return in percent? There is one observation per day. Predict 12 days ahead but refresh the forecast every 3 days.
original,natural_component,stocks,natural-v6-20261005/stocks/07,1,initial,refresh_frequency,new_unmentioned_slot,True,True,,"[""{\""periods\"":3,\""unit\"":\""day\""}""]",Could you forecast daily log share return in percent? There is one observation per day. Predict 12 days ahead but refresh the forecast every 3 days.
original,natural_component,stocks,natural-v6-20261005/stocks/07,1,initial,target_description,different_value_or_type_not_adjudicated_semantically,True,True,"""daily log share return""","[""\""daily log share return in percent\""""]",Could you forecast daily log share return in percent? There is one observation per day. Predict 12 days ahead but refresh the forecast every 3 days.
original,natural_component,stocks,natural-v6-20261005/stocks/07,1,initial,target_unit,absent_from_readable_emissions,True,True,"""percent""",[],Could you forecast daily log share return in percent? There is one observation per day. Predict 12 days ahead but refresh the forecast every 3 days.
original,natural_component,stocks,natural-v6-20261005/stocks/07,2,correction,forecast_horizon,normalization_only,True,True,"{""periods"":15,""unit"":""day""}","[""{\""periods\"":15.0,\""unit\"":\""day\""}""]",One correction to my specification: the forecast horizon is now 15 days.
original,natural_component,stocks,natural-v6-20261005/stocks/08,1,initial,file_format,exact_readable_content,True,True,"""xlsx""","[""\""xlsx\""""]",I want to forecast ETF trading volume in shares. I have weekly data and need the next 6 weeks. I will upload the spreadsheet in xlsx format.
original,natural_component,stocks,natural-v6-20261005/stocks/08,1,initial,forecast_horizon,different_value_or_type_not_adjudicated_semantically,True,True,"{""periods"":6,""unit"":""week""}","[""{\""periods\"":1,\""unit\"":\""week\""}""]",I want to forecast ETF trading volume in shares. I have weekly data and need the next 6 weeks. I will upload the spreadsheet in xlsx format.
original,natural_component,stocks,natural-v6-20261005/stocks/08,1,initial,frequency,absent_from_readable_emissions,True,True,"{""periods"":1,""unit"":""week""}",[],I want to forecast ETF trading volume in shares. I have weekly data and need the next 6 weeks. I will upload the spreadsheet in xlsx format.
original,natural_component,stocks,natural-v6-20261005/stocks/08,1,initial,source_mode,absent_from_readable_emissions,True,True,"""upload""",[],I want to forecast ETF trading volume in shares. I have weekly data and need the next 6 weeks. I will upload the spreadsheet in xlsx format.
original,natural_component,stocks,natural-v6-20261005/stocks/08,1,initial,target_description,different_value_or_type_not_adjudicated_semantically,True,True,"""ETF trading volume""","[""\""ETF trading volume in shares\""""]",I want to forecast ETF trading volume in shares. I have weekly data and need the next 6 weeks. I will upload the spreadsheet in xlsx format.
original,natural_component,stocks,natural-v6-20261005/stocks/08,1,initial,target_unit,absent_from_readable_emissions,True,True,"""shares""",[],I want to forecast ETF trading volume in shares. I have weekly data and need the next 6 weeks. I will upload the spreadsheet in xlsx format.
original,natural_component,stocks,natural-v6-20261005/stocks/08,2,correction,forecast_horizon,exact_readable_content,True,True,"{""periods"":9,""unit"":""week""}","[""{\""periods\"":9,\""unit\"":\""week\""}""]",Replace the horizon I gave you with 9 weeks.
original,natural_component,crypto,natural-v6-20261005/crypto/01,1,initial,forecast_horizon,exact_readable_content,True,True,"{""periods"":20,""unit"":""hour""}","[""{\""periods\"":20,\""unit\"":\""hour\""}""]","Can you forecast BTC/USD spot price in USD per BTC? My observations are hourly and I want 20 hours ahead, not a futures price."
original,natural_component,crypto,natural-v6-20261005/crypto/01,1,initial,frequency,exact_readable_content,True,True,"{""periods"":1,""unit"":""hour""}","[""{\""periods\"":1,\""unit\"":\""hour\""}""]","Can you forecast BTC/USD spot price in USD per BTC? My observations are hourly and I want 20 hours ahead, not a futures price."
original,natural_component,crypto,natural-v6-20261005/crypto/01,1,initial,target_description,different_value_or_type_not_adjudicated_semantically,True,True,"""BTC/USD spot price""","[""\""BTC/USD spot price in USD per BTC\""""]","Can you forecast BTC/USD spot price in USD per BTC? My observations are hourly and I want 20 hours ahead, not a futures price."
original,natural_component,crypto,natural-v6-20261005/crypto/01,1,initial,target_unit,different_value_or_type_not_adjudicated_semantically,True,True,"""USD per BTC""","[""\""not a futures price\""""]","Can you forecast BTC/USD spot price in USD per BTC? My observations are hourly and I want 20 hours ahead, not a futures price."
original,natural_component,crypto,natural-v6-20261005/crypto/01,2,correction,forecast_horizon,normalization_only,True,True,"{""periods"":23,""unit"":""hour""}","[""{\""periods\"":23.0,\""unit\"":\""hour\""}""]","Actually, change the forecast horizon to 23 hours instead. Leave the other requirements alone."
original,natural_component,crypto,natural-v6-20261005/crypto/02,1,initial,forecast_horizon,exact_readable_content,True,True,"{""periods"":14,""unit"":""hour""}","[""{\""periods\"":14,\""unit\"":\""hour\""}""]","Please predict ETH trading volume, in ETH, using observations every 2 hours. I need the next 14 hours."
original,natural_component,crypto,natural-v6-20261005/crypto/02,1,initial,frequency,exact_readable_content,True,True,"{""periods"":2,""unit"":""hour""}","[""{\""periods\"":2,\""unit\"":\""hour\""}""]","Please predict ETH trading volume, in ETH, using observations every 2 hours. I need the next 14 hours."
original,natural_component,crypto,natural-v6-20261005/crypto/02,1,initial,target_description,different_value_or_type_not_adjudicated_semantically,True,True,"""ETH trading volume""","[""\""ETH trading volume, in ETH\""""]","Please predict ETH trading volume, in ETH, using observations every 2 hours. I need the next 14 hours."
original,natural_component,crypto,natural-v6-20261005/crypto/02,1,initial,target_unit,absent_from_readable_emissions,True,True,"""ETH""",[],"Please predict ETH trading volume, in ETH, using observations every 2 hours. I need the next 14 hours."
original,natural_component,crypto,natural-v6-20261005/crypto/02,2,correction,forecast_horizon,exact_readable_content,True,True,"{""periods"":17,""unit"":""hour""}","[""{\""periods\"":17,\""unit\"":\""hour\""}""]","Correction: I need 17 hours ahead, replacing the earlier horizon."
original,natural_component,crypto,natural-v6-20261005/crypto/03,1,initial,file_format,absent_from_readable_emissions,True,True,"""csv""",[],Help me forecast perpetual-swap funding rate. Units are percent per 8 hours and observations come every 8 hours. Look ahead 48 hours. I will upload CSV data.
original,natural_component,crypto,natural-v6-20261005/crypto/03,1,initial,forecast_horizon,exact_readable_content,True,True,"{""periods"":48,""unit"":""hour""}","[""{\""periods\"":48,\""unit\"":\""hour\""}""]",Help me forecast perpetual-swap funding rate. Units are percent per 8 hours and observations come every 8 hours. Look ahead 48 hours. I will upload CSV data.
original,natural_component,crypto,natural-v6-20261005/crypto/03,1,initial,frequency,absent_from_readable_emissions,True,True,"{""periods"":8,""unit"":""hour""}",[],Help me forecast perpetual-swap funding rate. Units are percent per 8 hours and observations come every 8 hours. Look ahead 48 hours. I will upload CSV data.
original,natural_component,crypto,natural-v6-20261005/crypto/03,1,initial,source_mode,normalization_only,True,True,"""upload""","[""\""csv\""""]",Help me forecast perpetual-swap funding rate. Units are percent per 8 hours and observations come every 8 hours. Look ahead 48 hours. I will upload CSV data.
original,natural_component,crypto,natural-v6-20261005/crypto/03,1,initial,target_description,exact_readable_content,True,True,"""perpetual-swap funding rate""","[""\""perpetual-swap funding rate\""""]",Help me forecast perpetual-swap funding rate. Units are percent per 8 hours and observations come every 8 hours. Look ahead 48 hours. I will upload CSV data.
original,natural_component,crypto,natural-v6-20261005/crypto/03,1,initial,target_unit,exact_readable_content,True,True,"""percent per 8 hours""","[""\""percent per 8 hours\""""]",Help me forecast perpetual-swap funding rate. Units are percent per 8 hours and observations come every 8 hours. Look ahead 48 hours. I will upload CSV data.
original,natural_component,crypto,natural-v6-20261005/crypto/03,2,correction,forecast_horizon,exact_readable_content,True,True,"{""periods"":51,""unit"":""hour""}","[""{\""periods\"":51,\""unit\"":\""hour\""}""]","I changed my mind about the horizon. Forecast the next 51 hours, please."
original,natural_component,crypto,natural-v6-20261005/crypto/04,1,initial,forecast_horizon,absent_from_readable_emissions,True,True,"{""periods"":30,""unit"":""hour""}",[],I need a forecast of futures open interest in contracts. This is hourly data and the horizon is 30 hours. Read open_contracts as the target and event_time as the timestamp.
original,natural_component,crypto,natural-v6-20261005/crypto/04,1,initial,frequency,exact_readable_content,True,True,"{""periods"":1,""unit"":""hour""}","[""{\""periods\"":1,\""unit\"":\""hour\""}""]",I need a forecast of futures open interest in contracts. This is hourly data and the horizon is 30 hours. Read open_contracts as the target and event_time as the timestamp.
original,natural_component,crypto,natural-v6-20261005/crypto/04,1,initial,target_column,exact_readable_content,True,True,"""open_contracts""","[""\""open_contracts\""""]",I need a forecast of futures open interest in contracts. This is hourly data and the horizon is 30 hours. Read open_contracts as the target and event_time as the timestamp.
original,natural_component,crypto,natural-v6-20261005/crypto/04,1,initial,target_description,different_value_or_type_not_adjudicated_semantically,True,True,"""futures open interest""","[""\""futures open interest in contracts\""""]",I need a forecast of futures open interest in contracts. This is hourly data and the horizon is 30 hours. Read open_contracts as the target and event_time as the timestamp.
original,natural_component,crypto,natural-v6-20261005/crypto/04,1,initial,target_unit,absent_from_readable_emissions,True,True,"""contracts""",[],I need a forecast of futures open interest in contracts. This is hourly data and the horizon is 30 hours. Read open_contracts as the target and event_time as the timestamp.
original,natural_component,crypto,natural-v6-20261005/crypto/04,1,initial,time_column,exact_readable_content,True,True,"""event_time""","[""\""event_time\""""]",I need a forecast of futures open interest in contracts. This is hourly data and the horizon is 30 hours. Read open_contracts as the target and event_time as the timestamp.
original,natural_component,crypto,natural-v6-20261005/crypto/04,2,correction,forecast_horizon,exact_readable_content,True,True,"{""periods"":33,""unit"":""hour""}","[""{\""periods\"":33,\""unit\"":\""hour\""}""]",That previous forecast horizon is wrong: make it 33 hours.
original,natural_component,crypto,natural-v6-20261005/crypto/05,1,initial,forecast_horizon,exact_readable_content,True,True,"{""periods"":7,""unit"":""day""}","[""{\""periods\"":7,\""unit\"":\""day\""}""]","Please forecast realized volatility, in percent per year, from daily observations for the next 7 days."
original,natural_component,crypto,natural-v6-20261005/crypto/05,1,initial,frequency,absent_from_readable_emissions,True,True,"{""periods"":1,""unit"":""day""}",[],"Please forecast realized volatility, in percent per year, from daily observations for the next 7 days."
original,natural_component,crypto,natural-v6-20261005/crypto/05,1,initial,target_description,different_value_or_type_not_adjudicated_semantically,True,True,"""realized volatility""","[""\""realized volatility, in percent per year\""""]","Please forecast realized volatility, in percent per year, from daily observations for the next 7 days."
original,natural_component,crypto,natural-v6-20261005/crypto/05,1,initial,target_unit,absent_from_readable_emissions,True,True,"""percent per year""",[],"Please forecast realized volatility, in percent per year, from daily observations for the next 7 days."
original,natural_component,crypto,natural-v6-20261005/crypto/05,2,correction,forecast_horizon,normalization_only,True,True,"{""periods"":10,""unit"":""day""}","[""{\""periods\"":10.0,\""unit\"":\""day\""}""]",Please revise the forecast horizon to 10 days. Everything else stays the same.
original,natural_component,crypto,natural-v6-20261005/crypto/06,1,initial,file_format,exact_readable_content,True,True,"""parquet""","[""\""parquet\""""]","Predict futures-minus-spot basis, measured in basis points. Each observation is 1 hour apart; I need a 2 day horizon. The file will be parquet."
original,natural_component,crypto,natural-v6-20261005/crypto/06,1,initial,forecast_horizon,exact_readable_content,True,True,"{""periods"":2,""unit"":""day""}","[""{\""periods\"":2,\""unit\"":\""day\""}""]","Predict futures-minus-spot basis, measured in basis points. Each observation is 1 hour apart; I need a 2 day horizon. The file will be parquet."
original,natural_component,crypto,natural-v6-20261005/crypto/06,1,initial,frequency,exact_readable_content,True,True,"{""periods"":1,""unit"":""hour""}","[""{\""periods\"":1,\""unit\"":\""hour\""}""]","Predict futures-minus-spot basis, measured in basis points. Each observation is 1 hour apart; I need a 2 day horizon. The file will be parquet."
original,natural_component,crypto,natural-v6-20261005/crypto/06,1,initial,target_description,different_value_or_type_not_adjudicated_semantically,True,True,"""futures-minus-spot basis""","[""\""basis points\""""]","Predict futures-minus-spot basis, measured in basis points. Each observation is 1 hour apart; I need a 2 day horizon. The file will be parquet."
original,natural_component,crypto,natural-v6-20261005/crypto/06,1,initial,target_unit,absent_from_readable_emissions,True,True,"""basis points""",[],"Predict futures-minus-spot basis, measured in basis points. Each observation is 1 hour apart; I need a 2 day horizon. The file will be parquet."
original,natural_component,crypto,natural-v6-20261005/crypto/06,2,correction,forecast_horizon,normalization_only,True,True,"{""periods"":5,""unit"":""day""}","[""{\""periods\"":5.0,\""unit\"":\""day\""}""]",Use 5 days for the forecast horizon instead of my earlier request.
original,natural_component,crypto,natural-v6-20261005/crypto/06,3,unknown,prediction_interval_levels,new_unmentioned_slot,True,True,,"[""[0.01,0.02,0.03,0.04,0.05]""]","I need your questions about timezone, seasonal periods and prediction interval levels because I don't know them."
original,natural_component,crypto,natural-v6-20261005/crypto/06,3,unknown,seasonal_periods,new_unmentioned_slot,True,True,,"[""[{\""periods\"":1,\""unit\"":\""day\""},{\""periods\"":1,\""unit\"":\""day\""},{\""periods\"":1,\""unit\"":\""day\""}]""]","I need your questions about timezone, seasonal periods and prediction interval levels because I don't know them."
original,natural_component,crypto,natural-v6-20261005/crypto/06,3,unknown,timezone,new_unmentioned_slot,True,True,,"[""\""timezone\""""]","I need your questions about timezone, seasonal periods and prediction interval levels because I don't know them."
original,natural_component,crypto,natural-v6-20261005/crypto/07,1,initial,forecast_horizon,exact_readable_content,True,True,"{""periods"":18,""unit"":""hour""}","[""{\""periods\"":18,\""unit\"":\""hour\""}""]","Can you forecast BTC log return in percent? I have one observation every hour. Predict 18 hours ahead, but make a fresh forecast every 6 hours."
original,natural_component,crypto,natural-v6-20261005/crypto/07,1,initial,frequency,exact_readable_content,True,True,"{""periods"":1,""unit"":""hour""}","[""{\""periods\"":1,\""unit\"":\""hour\""}""]","Can you forecast BTC log return in percent? I have one observation every hour. Predict 18 hours ahead, but make a fresh forecast every 6 hours."
original,natural_component,crypto,natural-v6-20261005/crypto/07,1,initial,prediction_frequency,absent_from_readable_emissions,True,True,"{""periods"":6,""unit"":""hour""}",[],"Can you forecast BTC log return in percent? I have one observation every hour. Predict 18 hours ahead, but make a fresh forecast every 6 hours."
original,natural_component,crypto,natural-v6-20261005/crypto/07,1,initial,target_description,different_value_or_type_not_adjudicated_semantically,True,True,"""BTC log return""","[""\""BTC log return in percent\""""]","Can you forecast BTC log return in percent? I have one observation every hour. Predict 18 hours ahead, but make a fresh forecast every 6 hours."
original,natural_component,crypto,natural-v6-20261005/crypto/07,1,initial,target_unit,absent_from_readable_emissions,True,True,"""percent""",[],"Can you forecast BTC log return in percent? I have one observation every hour. Predict 18 hours ahead, but make a fresh forecast every 6 hours."
original,natural_component,crypto,natural-v6-20261005/crypto/07,2,correction,forecast_horizon,normalization_only,True,True,"{""periods"":21,""unit"":""hour""}","[""{\""periods\"":21.0,\""unit\"":\""hour\""}""]",One correction to my specification: the forecast horizon is now 21 hours.
original,natural_component,crypto,natural-v6-20261005/crypto/08,1,initial,file_format,exact_readable_content,True,True,"""json""","[""\""json\""""]",I want a forecast of digital-asset market capitalization in millions of USD. We observe it daily and need 15 days ahead. I will upload JSON data.
original,natural_component,crypto,natural-v6-20261005/crypto/08,1,initial,forecast_horizon,absent_from_readable_emissions,True,True,"{""periods"":15,""unit"":""day""}",[],I want a forecast of digital-asset market capitalization in millions of USD. We observe it daily and need 15 days ahead. I will upload JSON data.
original,natural_component,crypto,natural-v6-20261005/crypto/08,1,initial,frequency,exact_readable_content,True,True,"{""periods"":1,""unit"":""day""}","[""{\""periods\"":1,\""unit\"":\""day\""}""]",I want a forecast of digital-asset market capitalization in millions of USD. We observe it daily and need 15 days ahead. I will upload JSON data.
original,natural_component,crypto,natural-v6-20261005/crypto/08,1,initial,source_mode,absent_from_readable_emissions,True,True,"""upload""",[],I want a forecast of digital-asset market capitalization in millions of USD. We observe it daily and need 15 days ahead. I will upload JSON data.
original,natural_component,crypto,natural-v6-20261005/crypto/08,1,initial,target_description,different_value_or_type_not_adjudicated_semantically,True,True,"""digital-asset market capitalization""","[""\""digital-asset market capitalization in millions of USD\""""]",I want a forecast of digital-asset market capitalization in millions of USD. We observe it daily and need 15 days ahead. I will upload JSON data.
original,natural_component,crypto,natural-v6-20261005/crypto/08,1,initial,target_unit,absent_from_readable_emissions,True,True,"""millions of USD""",[],I want a forecast of digital-asset market capitalization in millions of USD. We observe it daily and need 15 days ahead. I will upload JSON data.
original,natural_component,crypto,natural-v6-20261005/crypto/08,2,correction,forecast_horizon,exact_readable_content,True,True,"{""periods"":18,""unit"":""day""}","[""{\""periods\"":18,\""unit\"":\""day\""}""]",Replace the horizon I gave you with 18 days.
original,natural_rollout,weather,natural-v6-20261005/weather/01,1,initial,file_format,normalization_only,True,True,"""csv""","[""\""CSV\""""]","Could you forecast afternoon air temperature? My readings are daily, in degrees Celsius, and I need the next 5 days. The file is CSV."
original,natural_rollout,weather,natural-v6-20261005/weather/01,1,initial,forecast_horizon,absent_from_readable_emissions,True,True,"{""periods"":5,""unit"":""day""}",[],"Could you forecast afternoon air temperature? My readings are daily, in degrees Celsius, and I need the next 5 days. The file is CSV."
original,natural_rollout,weather,natural-v6-20261005/weather/01,1,initial,frequency,exact_readable_content,True,True,"{""periods"":1,""unit"":""day""}","[""{\""periods\"":1,\""unit\"":\""day\""}""]","Could you forecast afternoon air temperature? My readings are daily, in degrees Celsius, and I need the next 5 days. The file is CSV."
original,natural_rollout,weather,natural-v6-20261005/weather/01,1,initial,target_description,exact_readable_content,True,True,"""afternoon air temperature""","[""\""afternoon air temperature\""""]","Could you forecast afternoon air temperature? My readings are daily, in degrees Celsius, and I need the next 5 days. The file is CSV."
original,natural_rollout,weather,natural-v6-20261005/weather/01,1,initial,target_unit,absent_from_readable_emissions,True,True,"""degrees Celsius""",[],"Could you forecast afternoon air temperature? My readings are daily, in degrees Celsius, and I need the next 5 days. The file is CSV."
original,natural_rollout,weather,natural-v6-20261005/weather/01,2,correction,forecast_horizon,exact_readable_content,True,True,"{""periods"":8,""unit"":""day""}","[""{\""periods\"":8,\""unit\"":\""day\""}""]","Actually, change the forecast horizon to 8 days instead. Leave the other requirements alone."
original,natural_rollout,weather,natural-v6-20261005/weather/02,1,initial,forecast_horizon,exact_readable_content,True,False,"{""periods"":36,""unit"":""hour""}","[""{\""periods\"":36,\""unit\"":\""hour\""}""]","Rain is what I care about: please predict accumulated rainfall, measured in millimetres. I have hourly readings and want 36 hours ahead."
original,natural_rollout,weather,natural-v6-20261005/weather/02,1,initial,frequency,exact_readable_content,True,False,"{""periods"":1,""unit"":""hour""}","[""{\""periods\"":1,\""unit\"":\""hour\""}""]","Rain is what I care about: please predict accumulated rainfall, measured in millimetres. I have hourly readings and want 36 hours ahead."
original,natural_rollout,weather,natural-v6-20261005/weather/02,1,initial,target_description,duplicate_slot_emissions,True,False,"""accumulated rainfall""","[""\""rain\"""", ""\""accumulated rainfall, measured in millimetres\""""]","Rain is what I care about: please predict accumulated rainfall, measured in millimetres. I have hourly readings and want 36 hours ahead."
original,natural_rollout,weather,natural-v6-20261005/weather/02,1,initial,target_unit,absent_from_readable_emissions,True,False,"""millimetres""",[],"Rain is what I care about: please predict accumulated rainfall, measured in millimetres. I have hourly readings and want 36 hours ahead."
original,natural_rollout,weather,natural-v6-20261005/weather/02,2,correction,forecast_horizon,exact_readable_content,True,True,"{""periods"":39,""unit"":""hour""}","[""{\""periods\"":39,\""unit\"":\""hour\""}""]","Correction: I need 39 hours ahead, replacing the earlier horizon."
original,natural_rollout,weather,natural-v6-20261005/weather/03,1,initial,file_format,exact_readable_content,True,True,"""parquet""","[""\""parquet\""""]","I need a forecast of peak wind speed in metres per second, every hour, out to 12 hours. I will upload the data as parquet."
original,natural_rollout,weather,natural-v6-20261005/weather/03,1,initial,forecast_horizon,exact_readable_content,True,True,"{""periods"":12,""unit"":""hour""}","[""{\""periods\"":12,\""unit\"":\""hour\""}""]","I need a forecast of peak wind speed in metres per second, every hour, out to 12 hours. I will upload the data as parquet."
original,natural_rollout,weather,natural-v6-20261005/weather/03,1,initial,frequency,exact_readable_content,True,True,"{""periods"":1,""unit"":""hour""}","[""{\""periods\"":1,\""unit\"":\""hour\""}""]","I need a forecast of peak wind speed in metres per second, every hour, out to 12 hours. I will upload the data as parquet."
original,natural_rollout,weather,natural-v6-20261005/weather/03,1,initial,source_mode,absent_from_readable_emissions,True,True,"""upload""",[],"I need a forecast of peak wind speed in metres per second, every hour, out to 12 hours. I will upload the data as parquet."
original,natural_rollout,weather,natural-v6-20261005/weather/03,1,initial,target_description,different_value_or_type_not_adjudicated_semantically,True,True,"""peak wind speed""","[""\""peak wind speed in metres per second, every hour, out to 12 hours\""""]","I need a forecast of peak wind speed in metres per second, every hour, out to 12 hours. I will upload the data as parquet."
original,natural_rollout,weather,natural-v6-20261005/weather/03,1,initial,target_unit,absent_from_readable_emissions,True,True,"""metres per second""",[],"I need a forecast of peak wind speed in metres per second, every hour, out to 12 hours. I will upload the data as parquet."
original,natural_rollout,weather,natural-v6-20261005/weather/03,2,correction,forecast_horizon,exact_readable_content,True,True,"{""periods"":15,""unit"":""hour""}","[""{\""periods\"":15,\""unit\"":\""hour\""}""]","I changed my mind about the horizon. Forecast the next 15 hours, please."
original,natural_rollout,weather,natural-v6-20261005/weather/04,1,initial,forecast_horizon,exact_readable_content,True,True,"{""periods"":9,""unit"":""day""}","[""{\""periods\"":9,\""unit\"":\""day\""}""]","Help me predict relative humidity. It is in percent, observed daily; look ahead 9 days. Read humidity_pct as the target and observation_date as the timestamp."
original,natural_rollout,weather,natural-v6-20261005/weather/04,1,initial,frequency,absent_from_readable_emissions,True,True,"{""periods"":1,""unit"":""day""}",[],"Help me predict relative humidity. It is in percent, observed daily; look ahead 9 days. Read humidity_pct as the target and observation_date as the timestamp."
original,natural_rollout,weather,natural-v6-20261005/weather/04,1,initial,target_column,exact_readable_content,True,True,"""humidity_pct""","[""\""humidity_pct\""""]","Help me predict relative humidity. It is in percent, observed daily; look ahead 9 days. Read humidity_pct as the target and observation_date as the timestamp."
original,natural_rollout,weather,natural-v6-20261005/weather/04,1,initial,target_description,exact_readable_content,True,True,"""relative humidity""","[""\""relative humidity\""""]","Help me predict relative humidity. It is in percent, observed daily; look ahead 9 days. Read humidity_pct as the target and observation_date as the timestamp."
original,natural_rollout,weather,natural-v6-20261005/weather/04,1,initial,target_unit,exact_readable_content,True,True,"""percent""","[""\""percent\""""]","Help me predict relative humidity. It is in percent, observed daily; look ahead 9 days. Read humidity_pct as the target and observation_date as the timestamp."
original,natural_rollout,weather,natural-v6-20261005/weather/04,1,initial,time_column,exact_readable_content,True,True,"""observation_date""","[""\""observation_date\""""]","Help me predict relative humidity. It is in percent, observed daily; look ahead 9 days. Read humidity_pct as the target and observation_date as the timestamp."
original,natural_rollout,weather,natural-v6-20261005/weather/04,2,correction,forecast_horizon,exact_readable_content,True,True,"{""periods"":12,""unit"":""day""}","[""{\""periods\"":12,\""unit\"":\""day\""}""]",That previous forecast horizon is wrong: make it 12 days.
original,natural_rollout,weather,natural-v6-20261005/weather/05,1,initial,forecast_horizon,exact_readable_content,True,True,"{""periods"":18,""unit"":""hour""}","[""{\""periods\"":18,\""unit\"":\""hour\""}""]","What I want forecast is cloud cover, in percent. We record it every 3 hours. Please look 18 hours into the future."
original,natural_rollout,weather,natural-v6-20261005/weather/05,1,initial,frequency,exact_readable_content,True,True,"{""periods"":3,""unit"":""hour""}","[""{\""periods\"":3,\""unit\"":\""hour\""}""]","What I want forecast is cloud cover, in percent. We record it every 3 hours. Please look 18 hours into the future."
original,natural_rollout,weather,natural-v6-20261005/weather/05,1,initial,target_description,different_value_or_type_not_adjudicated_semantically,True,True,"""cloud cover""","[""\""cloud cover, in percent\""""]","What I want forecast is cloud cover, in percent. We record it every 3 hours. Please look 18 hours into the future."
original,natural_rollout,weather,natural-v6-20261005/weather/05,1,initial,target_unit,absent_from_readable_emissions,True,True,"""percent""",[],"What I want forecast is cloud cover, in percent. We record it every 3 hours. Please look 18 hours into the future."
original,natural_rollout,weather,natural-v6-20261005/weather/05,2,correction,forecast_horizon,normalization_only,True,True,"{""periods"":21,""unit"":""hour""}","[""{\""periods\"":21.0,\""unit\"":\""hour\""}""]",Please revise the forecast horizon to 21 hours. Everything else stays the same.
original,natural_rollout,weather,natural-v6-20261005/weather/06,1,initial,forecast_horizon,exact_readable_content,True,True,"{""periods"":2,""unit"":""day""}","[""{\""periods\"":2,\""unit\"":\""day\""}""]",Can we forecast sea-level pressure? Values are in hectopascals and arrive every 6 hours. I need a 2 day horizon.
original,natural_rollout,weather,natural-v6-20261005/weather/06,1,initial,frequency,exact_readable_content,True,True,"{""periods"":6,""unit"":""hour""}","[""{\""periods\"":6,\""unit\"":\""hour\""}""]",Can we forecast sea-level pressure? Values are in hectopascals and arrive every 6 hours. I need a 2 day horizon.
original,natural_rollout,weather,natural-v6-20261005/weather/06,1,initial,target_description,exact_readable_content,True,True,"""sea-level pressure""","[""\""sea-level pressure\""""]",Can we forecast sea-level pressure? Values are in hectopascals and arrive every 6 hours. I need a 2 day horizon.
original,natural_rollout,weather,natural-v6-20261005/weather/06,1,initial,target_unit,exact_readable_content,True,True,"""hectopascals""","[""\""hectopascals\""""]",Can we forecast sea-level pressure? Values are in hectopascals and arrive every 6 hours. I need a 2 day horizon.
original,natural_rollout,weather,natural-v6-20261005/weather/06,2,correction,forecast_horizon,normalization_only,True,True,"{""periods"":5,""unit"":""day""}","[""{\""periods\"":5.0,\""unit\"":\""day\""}""]",Use 5 days for the forecast horizon instead of my earlier request.
original,natural_rollout,weather,natural-v6-20261005/weather/06,3,unknown,prediction_interval_levels,new_unmentioned_slot,True,True,,"[""[10,90]""]","I need your questions about timezone, seasonal periods and prediction interval levels because I don't know them."
original,natural_rollout,weather,natural-v6-20261005/weather/06,3,unknown,seasonal_periods,new_unmentioned_slot,True,True,,"[""[{\""periods\"":2,\""unit\"":\""day\""},{\""periods\"":3,\""unit\"":\""day\""},{\""periods\"":4,\""unit\"":\""day\""},{\""periods\"":5,\""unit\"":\""day\""},{\""periods\"":6,\""unit\"":\""day\""}]""]","I need your questions about timezone, seasonal periods and prediction interval levels because I don't know them."
original,natural_rollout,weather,natural-v6-20261005/weather/06,3,unknown,timezone,new_unmentioned_slot,True,True,,"[""\""timezone\""""]","I need your questions about timezone, seasonal periods and prediction interval levels because I don't know them."
original,natural_rollout,weather,natural-v6-20261005/weather/07,1,initial,forecast_horizon,exact_readable_content,True,True,"{""periods"":8,""unit"":""day""}","[""{\""periods\"":8,\""unit\"":\""day\""}""]","Please predict overnight minimum temperature in degrees Fahrenheit. Observations are daily. Forecast 8 days ahead, and generate a fresh forecast every 2 days."
original,natural_rollout,weather,natural-v6-20261005/weather/07,1,initial,frequency,exact_readable_content,True,True,"{""periods"":1,""unit"":""day""}","[""{\""periods\"":1,\""unit\"":\""day\""}""]","Please predict overnight minimum temperature in degrees Fahrenheit. Observations are daily. Forecast 8 days ahead, and generate a fresh forecast every 2 days."
original,natural_rollout,weather,natural-v6-20261005/weather/07,1,initial,prediction_frequency,exact_readable_content,True,True,"{""periods"":2,""unit"":""day""}","[""{\""periods\"":2,\""unit\"":\""day\""}""]","Please predict overnight minimum temperature in degrees Fahrenheit. Observations are daily. Forecast 8 days ahead, and generate a fresh forecast every 2 days."
original,natural_rollout,weather,natural-v6-20261005/weather/07,1,initial,target_description,different_value_or_type_not_adjudicated_semantically,True,True,"""overnight minimum temperature""","[""\""overnight minimum temperature in degrees Fahrenheit\""""]","Please predict overnight minimum temperature in degrees Fahrenheit. Observations are daily. Forecast 8 days ahead, and generate a fresh forecast every 2 days."
original,natural_rollout,weather,natural-v6-20261005/weather/07,1,initial,target_unit,absent_from_readable_emissions,True,True,"""degrees Fahrenheit""",[],"Please predict overnight minimum temperature in degrees Fahrenheit. Observations are daily. Forecast 8 days ahead, and generate a fresh forecast every 2 days."
original,natural_rollout,weather,natural-v6-20261005/weather/07,2,correction,forecast_horizon,exact_readable_content,True,True,"{""periods"":11,""unit"":""day""}","[""{\""periods\"":11,\""unit\"":\""day\""}""]",One correction to my specification: the forecast horizon is now 11 days.
original,natural_rollout,weather,natural-v6-20261005/weather/08,1,initial,file_format,exact_readable_content,True,True,"""xlsx""","[""\""xlsx\""""]","Build a forecast for sunshine duration, measured in hours, with one observation every week. I need the next 4 weeks. The uploaded file is xlsx."
original,natural_rollout,weather,natural-v6-20261005/weather/08,1,initial,forecast_horizon,exact_readable_content,True,True,"{""periods"":4,""unit"":""week""}","[""{\""periods\"":4,\""unit\"":\""week\""}""]","Build a forecast for sunshine duration, measured in hours, with one observation every week. I need the next 4 weeks. The uploaded file is xlsx."
original,natural_rollout,weather,natural-v6-20261005/weather/08,1,initial,frequency,exact_readable_content,True,True,"{""periods"":1,""unit"":""week""}","[""{\""periods\"":1,\""unit\"":\""week\""}""]","Build a forecast for sunshine duration, measured in hours, with one observation every week. I need the next 4 weeks. The uploaded file is xlsx."
original,natural_rollout,weather,natural-v6-20261005/weather/08,1,initial,source_mode,absent_from_readable_emissions,True,True,"""upload""",[],"Build a forecast for sunshine duration, measured in hours, with one observation every week. I need the next 4 weeks. The uploaded file is xlsx."
original,natural_rollout,weather,natural-v6-20261005/weather/08,1,initial,target_description,different_value_or_type_not_adjudicated_semantically,True,True,"""sunshine duration""","[""\""sunshine duration, measured in hours, with one observation every week\""""]","Build a forecast for sunshine duration, measured in hours, with one observation every week. I need the next 4 weeks. The uploaded file is xlsx."
original,natural_rollout,weather,natural-v6-20261005/weather/08,1,initial,target_unit,absent_from_readable_emissions,True,True,"""hours""",[],"Build a forecast for sunshine duration, measured in hours, with one observation every week. I need the next 4 weeks. The uploaded file is xlsx."
original,natural_rollout,weather,natural-v6-20261005/weather/08,2,correction,forecast_horizon,exact_readable_content,True,True,"{""periods"":7,""unit"":""week""}","[""{\""periods\"":7,\""unit\"":\""week\""}""]",Replace the horizon I gave you with 7 weeks.
original,natural_rollout,inflation,natural-v6-20261005/inflation/01,1,initial,forecast_horizon,exact_readable_content,True,True,"{""periods"":5,""unit"":""month""}","[""{\""periods\"":5,\""unit\"":\""month\""}""]","Please forecast year-over-year CPI inflation, in percent, from monthly observations. I need the coming 5 months, not a forecast of the CPI index."
original,natural_rollout,inflation,natural-v6-20261005/inflation/01,1,initial,frequency,absent_from_readable_emissions,True,True,"{""periods"":1,""unit"":""month""}",[],"Please forecast year-over-year CPI inflation, in percent, from monthly observations. I need the coming 5 months, not a forecast of the CPI index."
original,natural_rollout,inflation,natural-v6-20261005/inflation/01,1,initial,target_description,different_value_or_type_not_adjudicated_semantically,True,True,"""year-over-year CPI inflation""","[""\""year-over-year CPI inflation, in percent\""""]","Please forecast year-over-year CPI inflation, in percent, from monthly observations. I need the coming 5 months, not a forecast of the CPI index."
original,natural_rollout,inflation,natural-v6-20261005/inflation/01,1,initial,target_unit,absent_from_readable_emissions,True,True,"""percent""",[],"Please forecast year-over-year CPI inflation, in percent, from monthly observations. I need the coming 5 months, not a forecast of the CPI index."
original,natural_rollout,inflation,natural-v6-20261005/inflation/01,2,correction,forecast_horizon,exact_readable_content,True,True,"{""periods"":8,""unit"":""month""}","[""{\""periods\"":8,\""unit\"":\""month\""}""]","Actually, change the forecast horizon to 8 months instead. Leave the other requirements alone."
original,natural_rollout,inflation,natural-v6-20261005/inflation/02,1,initial,forecast_horizon,exact_readable_content,True,True,"{""periods"":8,""unit"":""month""}","[""{\""periods\"":8,\""unit\"":\""month\""}""]","Can you predict the headline CPI index level? Units are index points, base 2015=100. It is monthly and I want 8 months ahead."
original,natural_rollout,inflation,natural-v6-20261005/inflation/02,1,initial,frequency,exact_readable_content,True,True,"{""periods"":1,""unit"":""month""}","[""{\""periods\"":1,\""unit\"":\""month\""}""]","Can you predict the headline CPI index level? Units are index points, base 2015=100. It is monthly and I want 8 months ahead."
original,natural_rollout,inflation,natural-v6-20261005/inflation/02,1,initial,target_description,exact_readable_content,True,True,"""headline CPI index level""","[""\""headline CPI index level\""""]","Can you predict the headline CPI index level? Units are index points, base 2015=100. It is monthly and I want 8 months ahead."
original,natural_rollout,inflation,natural-v6-20261005/inflation/02,1,initial,target_unit,exact_readable_content,True,True,"""index points, base 2015=100""","[""\""index points, base 2015=100\""""]","Can you predict the headline CPI index level? Units are index points, base 2015=100. It is monthly and I want 8 months ahead."
original,natural_rollout,inflation,natural-v6-20261005/inflation/02,2,correction,forecast_horizon,exact_readable_content,True,True,"{""periods"":11,""unit"":""month""}","[""{\""periods\"":11,\""unit\"":\""month\""}""]","Correction: I need 11 months ahead, replacing the earlier horizon."
original,natural_rollout,inflation,natural-v6-20261005/inflation/03,1,initial,file_format,exact_readable_content,True,True,"""csv""","[""\""csv\""""]",I need a forecast of month-over-month core inflation. The unit is percent. Observations arrive monthly; forecast the next 3 months. The file is csv.
original,natural_rollout,inflation,natural-v6-20261005/inflation/03,1,initial,forecast_horizon,absent_from_readable_emissions,True,True,"{""periods"":3,""unit"":""month""}",[],I need a forecast of month-over-month core inflation. The unit is percent. Observations arrive monthly; forecast the next 3 months. The file is csv.
original,natural_rollout,inflation,natural-v6-20261005/inflation/03,1,initial,frequency,exact_readable_content,True,True,"{""periods"":1,""unit"":""month""}","[""{\""periods\"":1,\""unit\"":\""month\""}""]",I need a forecast of month-over-month core inflation. The unit is percent. Observations arrive monthly; forecast the next 3 months. The file is csv.
original,natural_rollout,inflation,natural-v6-20261005/inflation/03,1,initial,target_description,exact_readable_content,True,True,"""month-over-month core inflation""","[""\""month-over-month core inflation\""""]",I need a forecast of month-over-month core inflation. The unit is percent. Observations arrive monthly; forecast the next 3 months. The file is csv.
original,natural_rollout,inflation,natural-v6-20261005/inflation/03,1,initial,target_unit,exact_readable_content,True,True,"""percent""","[""\""percent\""""]",I need a forecast of month-over-month core inflation. The unit is percent. Observations arrive monthly; forecast the next 3 months. The file is csv.
original,natural_rollout,inflation,natural-v6-20261005/inflation/03,2,correction,forecast_horizon,exact_readable_content,True,True,"{""periods"":6,""unit"":""month""}","[""{\""periods\"":6,\""unit\"":\""month\""}""]","I changed my mind about the horizon. Forecast the next 6 months, please."
original,natural_rollout,inflation,natural-v6-20261005/inflation/04,1,initial,forecast_horizon,unassessable_strict_json_failure,False,False,"{""periods"":11,""unit"":""month""}",[],Help me predict food-price inflation in percent. There is one observation each month. Look 11 months ahead. The target column is food_inflation and the date column is month_end.
original,natural_rollout,inflation,natural-v6-20261005/inflation/04,1,initial,frequency,unassessable_strict_json_failure,False,False,"{""periods"":1,""unit"":""month""}",[],Help me predict food-price inflation in percent. There is one observation each month. Look 11 months ahead. The target column is food_inflation and the date column is month_end.
original,natural_rollout,inflation,natural-v6-20261005/inflation/04,1,initial,target_column,unassessable_strict_json_failure,False,False,"""food_inflation""",[],Help me predict food-price inflation in percent. There is one observation each month. Look 11 months ahead. The target column is food_inflation and the date column is month_end.
original,natural_rollout,inflation,natural-v6-20261005/inflation/04,1,initial,target_description,unassessable_strict_json_failure,False,False,"""food-price inflation""",[],Help me predict food-price inflation in percent. There is one observation each month. Look 11 months ahead. The target column is food_inflation and the date column is month_end.
original,natural_rollout,inflation,natural-v6-20261005/inflation/04,1,initial,target_unit,unassessable_strict_json_failure,False,False,"""percent""",[],Help me predict food-price inflation in percent. There is one observation each month. Look 11 months ahead. The target column is food_inflation and the date column is month_end.
original,natural_rollout,inflation,natural-v6-20261005/inflation/04,1,initial,time_column,unassessable_strict_json_failure,False,False,"""month_end""",[],Help me predict food-price inflation in percent. There is one observation each month. Look 11 months ahead. The target column is food_inflation and the date column is month_end.
original,natural_rollout,inflation,natural-v6-20261005/inflation/04,2,correction,forecast_horizon,exact_readable_content,True,True,"{""periods"":14,""unit"":""month""}","[""{\""periods\"":14,\""unit\"":\""month\""}""]",That previous forecast horizon is wrong: make it 14 months.
original,natural_rollout,inflation,natural-v6-20261005/inflation/05,1,initial,forecast_horizon,exact_readable_content,True,True,"{""periods"":2,""unit"":""quarter""}","[""{\""periods\"":2,\""unit\"":\""quarter\""}""]","Please forecast producer price inflation, measured in percent, using quarterly observations. I want the next 2 quarters."
original,natural_rollout,inflation,natural-v6-20261005/inflation/05,1,initial,frequency,absent_from_readable_emissions,True,True,"{""periods"":1,""unit"":""quarter""}",[],"Please forecast producer price inflation, measured in percent, using quarterly observations. I want the next 2 quarters."
original,natural_rollout,inflation,natural-v6-20261005/inflation/05,1,initial,target_description,different_value_or_type_not_adjudicated_semantically,True,True,"""producer price inflation""","[""\""producer price inflation, measured in percent, using quarterly observations\""""]","Please forecast producer price inflation, measured in percent, using quarterly observations. I want the next 2 quarters."
original,natural_rollout,inflation,natural-v6-20261005/inflation/05,1,initial,target_unit,absent_from_readable_emissions,True,True,"""percent""",[],"Please forecast producer price inflation, measured in percent, using quarterly observations. I want the next 2 quarters."
original,natural_rollout,inflation,natural-v6-20261005/inflation/05,2,correction,forecast_horizon,exact_readable_content,True,True,"{""periods"":5,""unit"":""quarter""}","[""{\""periods\"":5,\""unit\"":\""quarter\""}""]",Please revise the forecast horizon to 5 quarters. Everything else stays the same.
original,natural_rollout,inflation,natural-v6-20261005/inflation/06,1,initial,file_format,exact_readable_content,True,True,"""parquet""","[""\""parquet\""""]",Forecast the consumer price index level in index points. The series has a monthly observation and I need a 1 year horizon. I will upload a parquet file.
original,natural_rollout,inflation,natural-v6-20261005/inflation/06,1,initial,forecast_horizon,absent_from_readable_emissions,True,True,"{""periods"":1,""unit"":""year""}",[],Forecast the consumer price index level in index points. The series has a monthly observation and I need a 1 year horizon. I will upload a parquet file.
original,natural_rollout,inflation,natural-v6-20261005/inflation/06,1,initial,frequency,exact_readable_content,True,True,"{""periods"":1,""unit"":""month""}","[""{\""periods\"":1,\""unit\"":\""month\""}""]",Forecast the consumer price index level in index points. The series has a monthly observation and I need a 1 year horizon. I will upload a parquet file.
original,natural_rollout,inflation,natural-v6-20261005/inflation/06,1,initial,source_mode,absent_from_readable_emissions,True,True,"""upload""",[],Forecast the consumer price index level in index points. The series has a monthly observation and I need a 1 year horizon. I will upload a parquet file.
original,natural_rollout,inflation,natural-v6-20261005/inflation/06,1,initial,target_description,different_value_or_type_not_adjudicated_semantically,True,True,"""consumer price index level""","[""\""consumer price index level in index points\""""]",Forecast the consumer price index level in index points. The series has a monthly observation and I need a 1 year horizon. I will upload a parquet file.
original,natural_rollout,inflation,natural-v6-20261005/inflation/06,1,initial,target_unit,absent_from_readable_emissions,True,True,"""index points""",[],Forecast the consumer price index level in index points. The series has a monthly observation and I need a 1 year horizon. I will upload a parquet file.
original,natural_rollout,inflation,natural-v6-20261005/inflation/06,2,correction,forecast_horizon,exact_readable_content,True,True,"{""periods"":4,""unit"":""year""}","[""{\""periods\"":4,\""unit\"":\""year\""}""]",Use 4 years for the forecast horizon instead of my earlier request.
original,natural_rollout,inflation,natural-v6-20261005/inflation/06,3,unknown,prediction_interval_levels,new_unmentioned_slot,True,True,,"[""[0.9,0.99]""]","I need your questions about timezone, seasonal periods and prediction interval levels because I don't know them."
original,natural_rollout,inflation,natural-v6-20261005/inflation/06,3,unknown,seasonal_periods,new_unmentioned_slot,True,True,,"[""{\""periods\"":2.0,\""unit\"":\""month\""}""]","I need your questions about timezone, seasonal periods and prediction interval levels because I don't know them."
original,natural_rollout,inflation,natural-v6-20261005/inflation/06,3,unknown,timezone,new_unmentioned_slot,True,True,,"[""\""timezone\""""]","I need your questions about timezone, seasonal periods and prediction interval levels because I don't know them."
original,natural_rollout,inflation,natural-v6-20261005/inflation/07,1,initial,forecast_horizon,different_value_or_type_not_adjudicated_semantically,True,True,"{""periods"":3,""unit"":""year""}","[""{\""periods\"":1,\""unit\"":\""year\""}""]",I want to forecast annual average inflation in percent. One observation per year; look ahead 3 years. Generate a new forecast every 1 year.
original,natural_rollout,inflation,natural-v6-20261005/inflation/07,1,initial,frequency,absent_from_readable_emissions,True,True,"{""periods"":1,""unit"":""year""}",[],I want to forecast annual average inflation in percent. One observation per year; look ahead 3 years. Generate a new forecast every 1 year.
original,natural_rollout,inflation,natural-v6-20261005/inflation/07,1,initial,prediction_frequency,exact_readable_content,True,True,"{""periods"":1,""unit"":""year""}","[""{\""periods\"":1,\""unit\"":\""year\""}""]",I want to forecast annual average inflation in percent. One observation per year; look ahead 3 years. Generate a new forecast every 1 year.
original,natural_rollout,inflation,natural-v6-20261005/inflation/07,1,initial,target_description,different_value_or_type_not_adjudicated_semantically,True,True,"""annual average inflation""","[""\""annual average inflation in percent\""""]",I want to forecast annual average inflation in percent. One observation per year; look ahead 3 years. Generate a new forecast every 1 year.
original,natural_rollout,inflation,natural-v6-20261005/inflation/07,1,initial,target_unit,absent_from_readable_emissions,True,True,"""percent""",[],I want to forecast annual average inflation in percent. One observation per year; look ahead 3 years. Generate a new forecast every 1 year.
original,natural_rollout,inflation,natural-v6-20261005/inflation/07,2,correction,forecast_horizon,exact_readable_content,True,True,"{""periods"":6,""unit"":""year""}","[""{\""periods\"":6,\""unit\"":\""year\""}""]",One correction to my specification: the forecast horizon is now 6 years.
original,natural_rollout,inflation,natural-v6-20261005/inflation/08,1,initial,file_format,exact_readable_content,True,True,"""xlsx""","[""\""xlsx\""""]","Could you predict trimmed-mean inflation? It is monthly, expressed in percent. We need 7 months into the future; the uploaded data will be in xlsx format."
original,natural_rollout,inflation,natural-v6-20261005/inflation/08,1,initial,forecast_horizon,exact_readable_content,True,True,"{""periods"":7,""unit"":""month""}","[""{\""periods\"":7,\""unit\"":\""month\""}""]","Could you predict trimmed-mean inflation? It is monthly, expressed in percent. We need 7 months into the future; the uploaded data will be in xlsx format."
original,natural_rollout,inflation,natural-v6-20261005/inflation/08,1,initial,frequency,absent_from_readable_emissions,True,True,"{""periods"":1,""unit"":""month""}",[],"Could you predict trimmed-mean inflation? It is monthly, expressed in percent. We need 7 months into the future; the uploaded data will be in xlsx format."
original,natural_rollout,inflation,natural-v6-20261005/inflation/08,1,initial,source_mode,absent_from_readable_emissions,True,True,"""upload""",[],"Could you predict trimmed-mean inflation? It is monthly, expressed in percent. We need 7 months into the future; the uploaded data will be in xlsx format."
original,natural_rollout,inflation,natural-v6-20261005/inflation/08,1,initial,target_description,exact_readable_content,True,True,"""trimmed-mean inflation""","[""\""trimmed-mean inflation\""""]","Could you predict trimmed-mean inflation? It is monthly, expressed in percent. We need 7 months into the future; the uploaded data will be in xlsx format."
original,natural_rollout,inflation,natural-v6-20261005/inflation/08,1,initial,target_unit,different_value_or_type_not_adjudicated_semantically,True,True,"""percent""","[""\""monthly, expressed in percent\""""]","Could you predict trimmed-mean inflation? It is monthly, expressed in percent. We need 7 months into the future; the uploaded data will be in xlsx format."
original,natural_rollout,inflation,natural-v6-20261005/inflation/08,2,correction,forecast_horizon,exact_readable_content,True,True,"{""periods"":10,""unit"":""month""}","[""{\""periods\"":10,\""unit\"":\""month\""}""]",Replace the horizon I gave you with 10 months.
original,natural_rollout,stocks,natural-v6-20261005/stocks/01,1,initial,forecast_horizon,exact_readable_content,True,True,"{""periods"":10,""unit"":""day""}","[""{\""periods\"":10,\""unit\"":\""day\""}""]","Can you forecast NOVA's adjusted closing price, in USD per share? I have daily observations and need the next 10 days."
original,natural_rollout,stocks,natural-v6-20261005/stocks/01,1,initial,frequency,exact_readable_content,True,True,"{""periods"":1,""unit"":""day""}","[""{\""periods\"":1,\""unit\"":\""day\""}""]","Can you forecast NOVA's adjusted closing price, in USD per share? I have daily observations and need the next 10 days."
original,natural_rollout,stocks,natural-v6-20261005/stocks/01,1,initial,target_description,different_value_or_type_not_adjudicated_semantically,True,True,"""NOVA's adjusted closing price""","[""\""NOVA's adjusted closing price, in USD per share\""""]","Can you forecast NOVA's adjusted closing price, in USD per share? I have daily observations and need the next 10 days."
original,natural_rollout,stocks,natural-v6-20261005/stocks/01,1,initial,target_unit,absent_from_readable_emissions,True,True,"""USD per share""",[],"Can you forecast NOVA's adjusted closing price, in USD per share? I have daily observations and need the next 10 days."
original,natural_rollout,stocks,natural-v6-20261005/stocks/01,2,correction,forecast_horizon,normalization_only,True,True,"{""periods"":13,""unit"":""day""}","[""{\""periods\"":13.0,\""unit\"":\""day\""}""]","Actually, change the forecast horizon to 13 days instead. Leave the other requirements alone."
original,natural_rollout,stocks,natural-v6-20261005/stocks/02,1,initial,forecast_horizon,exact_readable_content,True,True,"{""periods"":6,""unit"":""day""}","[""{\""periods\"":6,\""unit\"":\""day\""}""]","Please predict raw closing share price, without adjusting corporate actions. Prices are in GBP per share, observed every day. Look ahead 6 days."
original,natural_rollout,stocks,natural-v6-20261005/stocks/02,1,initial,frequency,absent_from_readable_emissions,True,True,"{""periods"":1,""unit"":""day""}",[],"Please predict raw closing share price, without adjusting corporate actions. Prices are in GBP per share, observed every day. Look ahead 6 days."
original,natural_rollout,stocks,natural-v6-20261005/stocks/02,1,initial,target_description,exact_readable_content,True,True,"""raw closing share price, without adjusting corporate actions""","[""\""raw closing share price, without adjusting corporate actions\""""]","Please predict raw closing share price, without adjusting corporate actions. Prices are in GBP per share, observed every day. Look ahead 6 days."
original,natural_rollout,stocks,natural-v6-20261005/stocks/02,1,initial,target_unit,different_value_or_type_not_adjudicated_semantically,True,True,"""GBP per share""","[""\""GBP per share, observed every day\""""]","Please predict raw closing share price, without adjusting corporate actions. Prices are in GBP per share, observed every day. Look ahead 6 days."
original,natural_rollout,stocks,natural-v6-20261005/stocks/02,2,correction,forecast_horizon,exact_readable_content,True,True,"{""periods"":9,""unit"":""day""}","[""{\""periods\"":9,\""unit\"":\""day\""}""]","Correction: I need 9 days ahead, replacing the earlier horizon."
original,natural_rollout,stocks,natural-v6-20261005/stocks/03,1,initial,file_format,absent_from_readable_emissions,True,True,"""csv""",[],"Help me forecast total share return including dividends, measured in percent. Observations are weekly; I need 5 weeks ahead. I will upload CSV data."
original,natural_rollout,stocks,natural-v6-20261005/stocks/03,1,initial,forecast_horizon,different_value_or_type_not_adjudicated_semantically,True,True,"{""periods"":5,""unit"":""week""}","[""{\""periods\"":7,\""unit\"":\""week\""}""]","Help me forecast total share return including dividends, measured in percent. Observations are weekly; I need 5 weeks ahead. I will upload CSV data."
original,natural_rollout,stocks,natural-v6-20261005/stocks/03,1,initial,frequency,absent_from_readable_emissions,True,True,"{""periods"":1,""unit"":""week""}",[],"Help me forecast total share return including dividends, measured in percent. Observations are weekly; I need 5 weeks ahead. I will upload CSV data."
original,natural_rollout,stocks,natural-v6-20261005/stocks/03,1,initial,source_mode,normalization_only,True,True,"""upload""","[""\""csv\""""]","Help me forecast total share return including dividends, measured in percent. Observations are weekly; I need 5 weeks ahead. I will upload CSV data."
original,natural_rollout,stocks,natural-v6-20261005/stocks/03,1,initial,target_description,different_value_or_type_not_adjudicated_semantically,True,True,"""total share return including dividends""","[""\""total share return including dividends, measured in percent\""""]","Help me forecast total share return including dividends, measured in percent. Observations are weekly; I need 5 weeks ahead. I will upload CSV data."
original,natural_rollout,stocks,natural-v6-20261005/stocks/03,1,initial,target_unit,absent_from_readable_emissions,True,True,"""percent""",[],"Help me forecast total share return including dividends, measured in percent. Observations are weekly; I need 5 weeks ahead. I will upload CSV data."
original,natural_rollout,stocks,natural-v6-20261005/stocks/03,2,correction,forecast_horizon,exact_readable_content,True,True,"{""periods"":8,""unit"":""week""}","[""{\""periods\"":8,\""unit\"":\""week\""}""]","I changed my mind about the horizon. Forecast the next 8 weeks, please."
original,natural_rollout,stocks,natural-v6-20261005/stocks/04,1,initial,forecast_horizon,absent_from_readable_emissions,True,True,"{""periods"":9,""unit"":""day""}",[],"Forecast trading volume, measured in shares, from daily observations for the next 9 days. Read the target from volume_shares and the timestamp from trade_date."
original,natural_rollout,stocks,natural-v6-20261005/stocks/04,1,initial,frequency,absent_from_readable_emissions,True,True,"{""periods"":1,""unit"":""day""}",[],"Forecast trading volume, measured in shares, from daily observations for the next 9 days. Read the target from volume_shares and the timestamp from trade_date."
original,natural_rollout,stocks,natural-v6-20261005/stocks/04,1,initial,target_column,exact_readable_content,True,True,"""volume_shares""","[""\""volume_shares\""""]","Forecast trading volume, measured in shares, from daily observations for the next 9 days. Read the target from volume_shares and the timestamp from trade_date."
original,natural_rollout,stocks,natural-v6-20261005/stocks/04,1,initial,target_description,different_value_or_type_not_adjudicated_semantically,True,True,"""trading volume""","[""\""trading volume, measured in shares, from daily observations for the next 9 days\""""]","Forecast trading volume, measured in shares, from daily observations for the next 9 days. Read the target from volume_shares and the timestamp from trade_date."
original,natural_rollout,stocks,natural-v6-20261005/stocks/04,1,initial,target_unit,absent_from_readable_emissions,True,True,"""shares""",[],"Forecast trading volume, measured in shares, from daily observations for the next 9 days. Read the target from volume_shares and the timestamp from trade_date."
original,natural_rollout,stocks,natural-v6-20261005/stocks/04,1,initial,time_column,exact_readable_content,True,True,"""trade_date""","[""\""trade_date\""""]","Forecast trading volume, measured in shares, from daily observations for the next 9 days. Read the target from volume_shares and the timestamp from trade_date."
original,natural_rollout,stocks,natural-v6-20261005/stocks/04,2,correction,forecast_horizon,exact_readable_content,True,True,"{""periods"":12,""unit"":""day""}","[""{\""periods\"":12,\""unit\"":\""day\""}""]",That previous forecast horizon is wrong: make it 12 days.
original,natural_rollout,stocks,natural-v6-20261005/stocks/05,1,initial,forecast_horizon,exact_readable_content,True,True,"{""periods"":4,""unit"":""month""}","[""{\""periods\"":4,\""unit\"":\""month\""}""]","Please predict the dividend yield in percent. This series is monthly, and the horizon should be 4 months."
original,natural_rollout,stocks,natural-v6-20261005/stocks/05,1,initial,frequency,exact_readable_content,True,True,"{""periods"":1,""unit"":""month""}","[""{\""periods\"":1,\""unit\"":\""month\""}""]","Please predict the dividend yield in percent. This series is monthly, and the horizon should be 4 months."
original,natural_rollout,stocks,natural-v6-20261005/stocks/05,1,initial,target_description,different_value_or_type_not_adjudicated_semantically,True,True,"""dividend yield""","[""\""dividend yield in percent\""""]","Please predict the dividend yield in percent. This series is monthly, and the horizon should be 4 months."
original,natural_rollout,stocks,natural-v6-20261005/stocks/05,1,initial,target_unit,absent_from_readable_emissions,True,True,"""percent""",[],"Please predict the dividend yield in percent. This series is monthly, and the horizon should be 4 months."
original,natural_rollout,stocks,natural-v6-20261005/stocks/05,2,correction,forecast_horizon,exact_readable_content,True,True,"{""periods"":7,""unit"":""month""}","[""{\""periods\"":7,\""unit\"":\""month\""}""]",Please revise the forecast horizon to 7 months. Everything else stays the same.
original,natural_rollout,stocks,natural-v6-20261005/stocks/06,1,initial,file_format,unassessable_strict_json_failure,False,False,"""parquet""",[],"I need a forecast of adjusted closing share price. It is in EUR per share, sampled hourly, and I want 16 hours ahead. The file format is parquet."
original,natural_rollout,stocks,natural-v6-20261005/stocks/06,1,initial,forecast_horizon,unassessable_strict_json_failure,False,False,"{""periods"":16,""unit"":""hour""}",[],"I need a forecast of adjusted closing share price. It is in EUR per share, sampled hourly, and I want 16 hours ahead. The file format is parquet."
original,natural_rollout,stocks,natural-v6-20261005/stocks/06,1,initial,frequency,unassessable_strict_json_failure,False,False,"{""periods"":1,""unit"":""hour""}",[],"I need a forecast of adjusted closing share price. It is in EUR per share, sampled hourly, and I want 16 hours ahead. The file format is parquet."
original,natural_rollout,stocks,natural-v6-20261005/stocks/06,1,initial,target_description,unassessable_strict_json_failure,False,False,"""adjusted closing share price""",[],"I need a forecast of adjusted closing share price. It is in EUR per share, sampled hourly, and I want 16 hours ahead. The file format is parquet."
original,natural_rollout,stocks,natural-v6-20261005/stocks/06,1,initial,target_unit,unassessable_strict_json_failure,False,False,"""EUR per share""",[],"I need a forecast of adjusted closing share price. It is in EUR per share, sampled hourly, and I want 16 hours ahead. The file format is parquet."
original,natural_rollout,stocks,natural-v6-20261005/stocks/06,2,correction,forecast_horizon,exact_readable_content,True,True,"{""periods"":19,""unit"":""hour""}","[""{\""periods\"":19,\""unit\"":\""hour\""}""]",Use 19 hours for the forecast horizon instead of my earlier request.
original,natural_rollout,stocks,natural-v6-20261005/stocks/06,3,unknown,prediction_interval_levels,new_unmentioned_slot,True,True,,"[""\""prediction_interval_levels\""""]","I need your questions about timezone, seasonal periods and prediction interval levels because I don't know them."
original,natural_rollout,stocks,natural-v6-20261005/stocks/06,3,unknown,seasonal_periods,new_unmentioned_slot,True,True,,"[""\""seasonal periods and prediction interval levels\""""]","I need your questions about timezone, seasonal periods and prediction interval levels because I don't know them."
original,natural_rollout,stocks,natural-v6-20261005/stocks/06,3,unknown,timezone,new_unmentioned_slot,True,True,,"[""\""timezone\""""]","I need your questions about timezone, seasonal periods and prediction interval levels because I don't know them."
original,natural_rollout,stocks,natural-v6-20261005/stocks/07,1,initial,forecast_horizon,exact_readable_content,True,True,"{""periods"":12,""unit"":""day""}","[""{\""periods\"":12,\""unit\"":\""day\""}""]",Could you forecast daily log share return in percent? There is one observation per day. Predict 12 days ahead but refresh the forecast every 3 days.
original,natural_rollout,stocks,natural-v6-20261005/stocks/07,1,initial,frequency,exact_readable_content,True,True,"{""periods"":1,""unit"":""day""}","[""{\""periods\"":1,\""unit\"":\""day\""}""]",Could you forecast daily log share return in percent? There is one observation per day. Predict 12 days ahead but refresh the forecast every 3 days.
original,natural_rollout,stocks,natural-v6-20261005/stocks/07,1,initial,prediction_frequency,absent_from_readable_emissions,True,True,"{""periods"":3,""unit"":""day""}",[],Could you forecast daily log share return in percent? There is one observation per day. Predict 12 days ahead but refresh the forecast every 3 days.
original,natural_rollout,stocks,natural-v6-20261005/stocks/07,1,initial,refresh_frequency,new_unmentioned_slot,True,True,,"[""{\""periods\"":3,\""unit\"":\""day\""}""]",Could you forecast daily log share return in percent? There is one observation per day. Predict 12 days ahead but refresh the forecast every 3 days.
original,natural_rollout,stocks,natural-v6-20261005/stocks/07,1,initial,target_description,different_value_or_type_not_adjudicated_semantically,True,True,"""daily log share return""","[""\""daily log share return in percent\""""]",Could you forecast daily log share return in percent? There is one observation per day. Predict 12 days ahead but refresh the forecast every 3 days.
original,natural_rollout,stocks,natural-v6-20261005/stocks/07,1,initial,target_unit,absent_from_readable_emissions,True,True,"""percent""",[],Could you forecast daily log share return in percent? There is one observation per day. Predict 12 days ahead but refresh the forecast every 3 days.
original,natural_rollout,stocks,natural-v6-20261005/stocks/07,2,correction,forecast_horizon,normalization_only,True,True,"{""periods"":15,""unit"":""day""}","[""{\""periods\"":15.0,\""unit\"":\""day\""}""]",One correction to my specification: the forecast horizon is now 15 days.
original,natural_rollout,stocks,natural-v6-20261005/stocks/08,1,initial,file_format,exact_readable_content,True,True,"""xlsx""","[""\""xlsx\""""]",I want to forecast ETF trading volume in shares. I have weekly data and need the next 6 weeks. I will upload the spreadsheet in xlsx format.
original,natural_rollout,stocks,natural-v6-20261005/stocks/08,1,initial,forecast_horizon,different_value_or_type_not_adjudicated_semantically,True,True,"{""periods"":6,""unit"":""week""}","[""{\""periods\"":1,\""unit\"":\""week\""}""]",I want to forecast ETF trading volume in shares. I have weekly data and need the next 6 weeks. I will upload the spreadsheet in xlsx format.
original,natural_rollout,stocks,natural-v6-20261005/stocks/08,1,initial,frequency,absent_from_readable_emissions,True,True,"{""periods"":1,""unit"":""week""}",[],I want to forecast ETF trading volume in shares. I have weekly data and need the next 6 weeks. I will upload the spreadsheet in xlsx format.
original,natural_rollout,stocks,natural-v6-20261005/stocks/08,1,initial,source_mode,absent_from_readable_emissions,True,True,"""upload""",[],I want to forecast ETF trading volume in shares. I have weekly data and need the next 6 weeks. I will upload the spreadsheet in xlsx format.
original,natural_rollout,stocks,natural-v6-20261005/stocks/08,1,initial,target_description,different_value_or_type_not_adjudicated_semantically,True,True,"""ETF trading volume""","[""\""ETF trading volume in shares\""""]",I want to forecast ETF trading volume in shares. I have weekly data and need the next 6 weeks. I will upload the spreadsheet in xlsx format.
original,natural_rollout,stocks,natural-v6-20261005/stocks/08,1,initial,target_unit,absent_from_readable_emissions,True,True,"""shares""",[],I want to forecast ETF trading volume in shares. I have weekly data and need the next 6 weeks. I will upload the spreadsheet in xlsx format.
original,natural_rollout,stocks,natural-v6-20261005/stocks/08,2,correction,forecast_horizon,exact_readable_content,True,True,"{""periods"":9,""unit"":""week""}","[""{\""periods\"":9,\""unit\"":\""week\""}""]",Replace the horizon I gave you with 9 weeks.
original,natural_rollout,crypto,natural-v6-20261005/crypto/01,1,initial,forecast_horizon,exact_readable_content,True,True,"{""periods"":20,""unit"":""hour""}","[""{\""periods\"":20,\""unit\"":\""hour\""}""]","Can you forecast BTC/USD spot price in USD per BTC? My observations are hourly and I want 20 hours ahead, not a futures price."
original,natural_rollout,crypto,natural-v6-20261005/crypto/01,1,initial,frequency,exact_readable_content,True,True,"{""periods"":1,""unit"":""hour""}","[""{\""periods\"":1,\""unit\"":\""hour\""}""]","Can you forecast BTC/USD spot price in USD per BTC? My observations are hourly and I want 20 hours ahead, not a futures price."
original,natural_rollout,crypto,natural-v6-20261005/crypto/01,1,initial,target_description,different_value_or_type_not_adjudicated_semantically,True,True,"""BTC/USD spot price""","[""\""BTC/USD spot price in USD per BTC\""""]","Can you forecast BTC/USD spot price in USD per BTC? My observations are hourly and I want 20 hours ahead, not a futures price."
original,natural_rollout,crypto,natural-v6-20261005/crypto/01,1,initial,target_unit,different_value_or_type_not_adjudicated_semantically,True,True,"""USD per BTC""","[""\""not a futures price\""""]","Can you forecast BTC/USD spot price in USD per BTC? My observations are hourly and I want 20 hours ahead, not a futures price."
original,natural_rollout,crypto,natural-v6-20261005/crypto/01,2,correction,forecast_horizon,normalization_only,True,True,"{""periods"":23,""unit"":""hour""}","[""{\""periods\"":23.0,\""unit\"":\""hour\""}""]","Actually, change the forecast horizon to 23 hours instead. Leave the other requirements alone."
original,natural_rollout,crypto,natural-v6-20261005/crypto/02,1,initial,forecast_horizon,exact_readable_content,True,True,"{""periods"":14,""unit"":""hour""}","[""{\""periods\"":14,\""unit\"":\""hour\""}""]","Please predict ETH trading volume, in ETH, using observations every 2 hours. I need the next 14 hours."
original,natural_rollout,crypto,natural-v6-20261005/crypto/02,1,initial,frequency,exact_readable_content,True,True,"{""periods"":2,""unit"":""hour""}","[""{\""periods\"":2,\""unit\"":\""hour\""}""]","Please predict ETH trading volume, in ETH, using observations every 2 hours. I need the next 14 hours."
original,natural_rollout,crypto,natural-v6-20261005/crypto/02,1,initial,target_description,different_value_or_type_not_adjudicated_semantically,True,True,"""ETH trading volume""","[""\""ETH trading volume, in ETH\""""]","Please predict ETH trading volume, in ETH, using observations every 2 hours. I need the next 14 hours."
original,natural_rollout,crypto,natural-v6-20261005/crypto/02,1,initial,target_unit,absent_from_readable_emissions,True,True,"""ETH""",[],"Please predict ETH trading volume, in ETH, using observations every 2 hours. I need the next 14 hours."
original,natural_rollout,crypto,natural-v6-20261005/crypto/02,2,correction,forecast_horizon,exact_readable_content,True,True,"{""periods"":17,""unit"":""hour""}","[""{\""periods\"":17,\""unit\"":\""hour\""}""]","Correction: I need 17 hours ahead, replacing the earlier horizon."
original,natural_rollout,crypto,natural-v6-20261005/crypto/03,1,initial,file_format,absent_from_readable_emissions,True,True,"""csv""",[],Help me forecast perpetual-swap funding rate. Units are percent per 8 hours and observations come every 8 hours. Look ahead 48 hours. I will upload CSV data.
original,natural_rollout,crypto,natural-v6-20261005/crypto/03,1,initial,forecast_horizon,exact_readable_content,True,True,"{""periods"":48,""unit"":""hour""}","[""{\""periods\"":48,\""unit\"":\""hour\""}""]",Help me forecast perpetual-swap funding rate. Units are percent per 8 hours and observations come every 8 hours. Look ahead 48 hours. I will upload CSV data.
original,natural_rollout,crypto,natural-v6-20261005/crypto/03,1,initial,frequency,absent_from_readable_emissions,True,True,"{""periods"":8,""unit"":""hour""}",[],Help me forecast perpetual-swap funding rate. Units are percent per 8 hours and observations come every 8 hours. Look ahead 48 hours. I will upload CSV data.
original,natural_rollout,crypto,natural-v6-20261005/crypto/03,1,initial,source_mode,normalization_only,True,True,"""upload""","[""\""csv\""""]",Help me forecast perpetual-swap funding rate. Units are percent per 8 hours and observations come every 8 hours. Look ahead 48 hours. I will upload CSV data.
original,natural_rollout,crypto,natural-v6-20261005/crypto/03,1,initial,target_description,exact_readable_content,True,True,"""perpetual-swap funding rate""","[""\""perpetual-swap funding rate\""""]",Help me forecast perpetual-swap funding rate. Units are percent per 8 hours and observations come every 8 hours. Look ahead 48 hours. I will upload CSV data.
original,natural_rollout,crypto,natural-v6-20261005/crypto/03,1,initial,target_unit,exact_readable_content,True,True,"""percent per 8 hours""","[""\""percent per 8 hours\""""]",Help me forecast perpetual-swap funding rate. Units are percent per 8 hours and observations come every 8 hours. Look ahead 48 hours. I will upload CSV data.
original,natural_rollout,crypto,natural-v6-20261005/crypto/03,2,correction,forecast_horizon,exact_readable_content,True,True,"{""periods"":51,""unit"":""hour""}","[""{\""periods\"":51,\""unit\"":\""hour\""}""]","I changed my mind about the horizon. Forecast the next 51 hours, please."
original,natural_rollout,crypto,natural-v6-20261005/crypto/04,1,initial,forecast_horizon,absent_from_readable_emissions,True,True,"{""periods"":30,""unit"":""hour""}",[],I need a forecast of futures open interest in contracts. This is hourly data and the horizon is 30 hours. Read open_contracts as the target and event_time as the timestamp.
original,natural_rollout,crypto,natural-v6-20261005/crypto/04,1,initial,frequency,exact_readable_content,True,True,"{""periods"":1,""unit"":""hour""}","[""{\""periods\"":1,\""unit\"":\""hour\""}""]",I need a forecast of futures open interest in contracts. This is hourly data and the horizon is 30 hours. Read open_contracts as the target and event_time as the timestamp.
original,natural_rollout,crypto,natural-v6-20261005/crypto/04,1,initial,target_column,exact_readable_content,True,True,"""open_contracts""","[""\""open_contracts\""""]",I need a forecast of futures open interest in contracts. This is hourly data and the horizon is 30 hours. Read open_contracts as the target and event_time as the timestamp.
original,natural_rollout,crypto,natural-v6-20261005/crypto/04,1,initial,target_description,different_value_or_type_not_adjudicated_semantically,True,True,"""futures open interest""","[""\""futures open interest in contracts\""""]",I need a forecast of futures open interest in contracts. This is hourly data and the horizon is 30 hours. Read open_contracts as the target and event_time as the timestamp.
original,natural_rollout,crypto,natural-v6-20261005/crypto/04,1,initial,target_unit,absent_from_readable_emissions,True,True,"""contracts""",[],I need a forecast of futures open interest in contracts. This is hourly data and the horizon is 30 hours. Read open_contracts as the target and event_time as the timestamp.
original,natural_rollout,crypto,natural-v6-20261005/crypto/04,1,initial,time_column,exact_readable_content,True,True,"""event_time""","[""\""event_time\""""]",I need a forecast of futures open interest in contracts. This is hourly data and the horizon is 30 hours. Read open_contracts as the target and event_time as the timestamp.
original,natural_rollout,crypto,natural-v6-20261005/crypto/04,2,correction,forecast_horizon,exact_readable_content,True,True,"{""periods"":33,""unit"":""hour""}","[""{\""periods\"":33,\""unit\"":\""hour\""}""]",That previous forecast horizon is wrong: make it 33 hours.
original,natural_rollout,crypto,natural-v6-20261005/crypto/05,1,initial,forecast_horizon,exact_readable_content,True,True,"{""periods"":7,""unit"":""day""}","[""{\""periods\"":7,\""unit\"":\""day\""}""]","Please forecast realized volatility, in percent per year, from daily observations for the next 7 days."
original,natural_rollout,crypto,natural-v6-20261005/crypto/05,1,initial,frequency,absent_from_readable_emissions,True,True,"{""periods"":1,""unit"":""day""}",[],"Please forecast realized volatility, in percent per year, from daily observations for the next 7 days."
original,natural_rollout,crypto,natural-v6-20261005/crypto/05,1,initial,target_description,different_value_or_type_not_adjudicated_semantically,True,True,"""realized volatility""","[""\""realized volatility, in percent per year\""""]","Please forecast realized volatility, in percent per year, from daily observations for the next 7 days."
original,natural_rollout,crypto,natural-v6-20261005/crypto/05,1,initial,target_unit,absent_from_readable_emissions,True,True,"""percent per year""",[],"Please forecast realized volatility, in percent per year, from daily observations for the next 7 days."
original,natural_rollout,crypto,natural-v6-20261005/crypto/05,2,correction,forecast_horizon,exact_readable_content,True,True,"{""periods"":10,""unit"":""day""}","[""{\""periods\"":10,\""unit\"":\""day\""}""]",Please revise the forecast horizon to 10 days. Everything else stays the same.
original,natural_rollout,crypto,natural-v6-20261005/crypto/06,1,initial,file_format,exact_readable_content,True,True,"""parquet""","[""\""parquet\""""]","Predict futures-minus-spot basis, measured in basis points. Each observation is 1 hour apart; I need a 2 day horizon. The file will be parquet."
original,natural_rollout,crypto,natural-v6-20261005/crypto/06,1,initial,forecast_horizon,exact_readable_content,True,True,"{""periods"":2,""unit"":""day""}","[""{\""periods\"":2,\""unit\"":\""day\""}""]","Predict futures-minus-spot basis, measured in basis points. Each observation is 1 hour apart; I need a 2 day horizon. The file will be parquet."
original,natural_rollout,crypto,natural-v6-20261005/crypto/06,1,initial,frequency,exact_readable_content,True,True,"{""periods"":1,""unit"":""hour""}","[""{\""periods\"":1,\""unit\"":\""hour\""}""]","Predict futures-minus-spot basis, measured in basis points. Each observation is 1 hour apart; I need a 2 day horizon. The file will be parquet."
original,natural_rollout,crypto,natural-v6-20261005/crypto/06,1,initial,target_description,different_value_or_type_not_adjudicated_semantically,True,True,"""futures-minus-spot basis""","[""\""basis points\""""]","Predict futures-minus-spot basis, measured in basis points. Each observation is 1 hour apart; I need a 2 day horizon. The file will be parquet."
original,natural_rollout,crypto,natural-v6-20261005/crypto/06,1,initial,target_unit,absent_from_readable_emissions,True,True,"""basis points""",[],"Predict futures-minus-spot basis, measured in basis points. Each observation is 1 hour apart; I need a 2 day horizon. The file will be parquet."
original,natural_rollout,crypto,natural-v6-20261005/crypto/06,2,correction,forecast_horizon,normalization_only,True,True,"{""periods"":5,""unit"":""day""}","[""{\""periods\"":5.0,\""unit\"":\""day\""}""]",Use 5 days for the forecast horizon instead of my earlier request.
original,natural_rollout,crypto,natural-v6-20261005/crypto/06,3,unknown,prediction_interval_levels,new_unmentioned_slot,True,True,,"[""{\""periods\"":0.01,\""unit\"":\""percent\""}""]","I need your questions about timezone, seasonal periods and prediction interval levels because I don't know them."
original,natural_rollout,crypto,natural-v6-20261005/crypto/06,3,unknown,seasonal_periods,new_unmentioned_slot,True,True,,"[""{\""periods\"":2,\""unit\"":\""period\""}""]","I need your questions about timezone, seasonal periods and prediction interval levels because I don't know them."
original,natural_rollout,crypto,natural-v6-20261005/crypto/06,3,unknown,timezone,new_unmentioned_slot,True,True,,"[""\""timezone\""""]","I need your questions about timezone, seasonal periods and prediction interval levels because I don't know them."
original,natural_rollout,crypto,natural-v6-20261005/crypto/07,1,initial,forecast_horizon,exact_readable_content,True,True,"{""periods"":18,""unit"":""hour""}","[""{\""periods\"":18,\""unit\"":\""hour\""}""]","Can you forecast BTC log return in percent? I have one observation every hour. Predict 18 hours ahead, but make a fresh forecast every 6 hours."
original,natural_rollout,crypto,natural-v6-20261005/crypto/07,1,initial,frequency,exact_readable_content,True,True,"{""periods"":1,""unit"":""hour""}","[""{\""periods\"":1,\""unit\"":\""hour\""}""]","Can you forecast BTC log return in percent? I have one observation every hour. Predict 18 hours ahead, but make a fresh forecast every 6 hours."
original,natural_rollout,crypto,natural-v6-20261005/crypto/07,1,initial,prediction_frequency,absent_from_readable_emissions,True,True,"{""periods"":6,""unit"":""hour""}",[],"Can you forecast BTC log return in percent? I have one observation every hour. Predict 18 hours ahead, but make a fresh forecast every 6 hours."
original,natural_rollout,crypto,natural-v6-20261005/crypto/07,1,initial,target_description,different_value_or_type_not_adjudicated_semantically,True,True,"""BTC log return""","[""\""BTC log return in percent\""""]","Can you forecast BTC log return in percent? I have one observation every hour. Predict 18 hours ahead, but make a fresh forecast every 6 hours."
original,natural_rollout,crypto,natural-v6-20261005/crypto/07,1,initial,target_unit,absent_from_readable_emissions,True,True,"""percent""",[],"Can you forecast BTC log return in percent? I have one observation every hour. Predict 18 hours ahead, but make a fresh forecast every 6 hours."
original,natural_rollout,crypto,natural-v6-20261005/crypto/07,2,correction,forecast_horizon,exact_readable_content,True,True,"{""periods"":21,""unit"":""hour""}","[""{\""periods\"":21,\""unit\"":\""hour\""}""]",One correction to my specification: the forecast horizon is now 21 hours.
original,natural_rollout,crypto,natural-v6-20261005/crypto/08,1,initial,file_format,exact_readable_content,True,True,"""json""","[""\""json\""""]",I want a forecast of digital-asset market capitalization in millions of USD. We observe it daily and need 15 days ahead. I will upload JSON data.
original,natural_rollout,crypto,natural-v6-20261005/crypto/08,1,initial,forecast_horizon,absent_from_readable_emissions,True,True,"{""periods"":15,""unit"":""day""}",[],I want a forecast of digital-asset market capitalization in millions of USD. We observe it daily and need 15 days ahead. I will upload JSON data.
original,natural_rollout,crypto,natural-v6-20261005/crypto/08,1,initial,frequency,exact_readable_content,True,True,"{""periods"":1,""unit"":""day""}","[""{\""periods\"":1,\""unit\"":\""day\""}""]",I want a forecast of digital-asset market capitalization in millions of USD. We observe it daily and need 15 days ahead. I will upload JSON data.
original,natural_rollout,crypto,natural-v6-20261005/crypto/08,1,initial,source_mode,absent_from_readable_emissions,True,True,"""upload""",[],I want a forecast of digital-asset market capitalization in millions of USD. We observe it daily and need 15 days ahead. I will upload JSON data.
original,natural_rollout,crypto,natural-v6-20261005/crypto/08,1,initial,target_description,different_value_or_type_not_adjudicated_semantically,True,True,"""digital-asset market capitalization""","[""\""digital-asset market capitalization in millions of USD\""""]",I want a forecast of digital-asset market capitalization in millions of USD. We observe it daily and need 15 days ahead. I will upload JSON data.
original,natural_rollout,crypto,natural-v6-20261005/crypto/08,1,initial,target_unit,absent_from_readable_emissions,True,True,"""millions of USD""",[],I want a forecast of digital-asset market capitalization in millions of USD. We observe it daily and need 15 days ahead. I will upload JSON data.
original,natural_rollout,crypto,natural-v6-20261005/crypto/08,2,correction,forecast_horizon,exact_readable_content,True,True,"{""periods"":18,""unit"":""day""}","[""{\""periods\"":18,\""unit\"":\""day\""}""]",Replace the horizon I gave you with 18 days.
