arm,track,domain,scenario_id,turn,kind,slot,category,json_valid,prediction_valid,expected_value,observed_values,message
base,natural_component,weather,natural-v6-20261005/weather/01,1,initial,file_format,wrong_status,True,False,"""csv""","[""\""csv\""""]","Could you forecast afternoon air temperature? My readings are daily, in degrees Celsius, and I need the next 5 days. The file is CSV."
base,natural_component,weather,natural-v6-20261005/weather/01,1,initial,forecast_horizon,absent_from_readable_emissions,True,False,"{""periods"":5,""unit"":""day""}",[],"Could you forecast afternoon air temperature? My readings are daily, in degrees Celsius, and I need the next 5 days. The file is CSV."
base,natural_component,weather,natural-v6-20261005/weather/01,1,initial,frequency,different_value_or_type_not_adjudicated_semantically,True,False,"{""periods"":1,""unit"":""day""}","[""{\""periods\"":5,\""unit\"":\""day\""}""]","Could you forecast afternoon air temperature? My readings are daily, in degrees Celsius, and I need the next 5 days. The file is CSV."
base,natural_component,weather,natural-v6-20261005/weather/01,1,initial,output_format,new_unmentioned_slot,True,False,,"[""\""csv\""""]","Could you forecast afternoon air temperature? My readings are daily, in degrees Celsius, and I need the next 5 days. The file is CSV."
base,natural_component,weather,natural-v6-20261005/weather/01,1,initial,problem_statement,new_unmentioned_slot,True,False,,"[""\""afternoon air temperature\""""]","Could you forecast afternoon air temperature? My readings are daily, in degrees Celsius, and I need the next 5 days. The file is CSV."
base,natural_component,weather,natural-v6-20261005/weather/01,1,initial,source_mode,new_unmentioned_slot,True,False,,"[""\""upload\""""]","Could you forecast afternoon air temperature? My readings are daily, in degrees Celsius, and I need the next 5 days. The file is CSV."
base,natural_component,weather,natural-v6-20261005/weather/01,1,initial,target_description,absent_from_readable_emissions,True,False,"""afternoon air temperature""",[],"Could you forecast afternoon air temperature? My readings are daily, in degrees Celsius, and I need the next 5 days. The file is CSV."
base,natural_component,weather,natural-v6-20261005/weather/01,1,initial,target_unit,wrong_status,True,False,"""degrees Celsius""","[""\""degrees Celsius\""""]","Could you forecast afternoon air temperature? My readings are daily, in degrees Celsius, and I need the next 5 days. The file is CSV."
base,natural_component,weather,natural-v6-20261005/weather/01,2,correction,forecast_horizon,different_value_or_type_not_adjudicated_semantically,True,False,"{""periods"":8,""unit"":""day""}","[""{\""periods\"":8.0,\""unit\"":\""day\""}""]","Actually, change the forecast horizon to 8 days instead. Leave the other requirements alone."
base,natural_component,weather,natural-v6-20261005/weather/01,3,unknown,target_column,new_unmentioned_slot,True,False,,"[""\""afternoon air temperature\""""]","I do not know the timezone, seasonal periods or prediction interval levels yet. Ask me; do not fill them in."
base,natural_component,weather,natural-v6-20261005/weather/01,3,unknown,target_unit,repeated_prior_fact,True,False,,"[""\""degrees Celsius\""""]","I do not know the timezone, seasonal periods or prediction interval levels yet. Ask me; do not fill them in."
base,natural_component,weather,natural-v6-20261005/weather/02,1,initial,forecast_horizon,wrong_status,True,False,"{""periods"":36,""unit"":""hour""}","[""{\""periods\"":36,\""unit\"":\""hour\""}""]","Rain is what I care about: please predict accumulated rainfall, measured in millimetres. I have hourly readings and want 36 hours ahead."
base,natural_component,weather,natural-v6-20261005/weather/02,1,initial,frequency,absent_from_readable_emissions,True,False,"{""periods"":1,""unit"":""hour""}",[],"Rain is what I care about: please predict accumulated rainfall, measured in millimetres. I have hourly readings and want 36 hours ahead."
base,natural_component,weather,natural-v6-20261005/weather/02,1,initial,problem_statement,new_unmentioned_slot,True,False,,"[""\""Rain is what I care about\""""]","Rain is what I care about: please predict accumulated rainfall, measured in millimetres. I have hourly readings and want 36 hours ahead."
base,natural_component,weather,natural-v6-20261005/weather/02,1,initial,target_description,absent_from_readable_emissions,True,False,"""accumulated rainfall""",[],"Rain is what I care about: please predict accumulated rainfall, measured in millimetres. I have hourly readings and want 36 hours ahead."
base,natural_component,weather,natural-v6-20261005/weather/02,1,initial,target_unit,wrong_status,True,False,"""millimetres""","[""\""millimetres\""""]","Rain is what I care about: please predict accumulated rainfall, measured in millimetres. I have hourly readings and want 36 hours ahead."
base,natural_component,weather,natural-v6-20261005/weather/02,2,correction,forecast_horizon,exact_readable_content,True,False,"{""periods"":39,""unit"":""hour""}","[""{\""periods\"":39,\""unit\"":\""hour\""}""]","Correction: I need 39 hours ahead, replacing the earlier horizon."
base,natural_component,weather,natural-v6-20261005/weather/02,2,correction,frequency,repeated_prior_fact,True,False,,"[""{\""periods\"":1.0,\""unit\"":\""hour\""}""]","Correction: I need 39 hours ahead, replacing the earlier horizon."
base,natural_component,weather,natural-v6-20261005/weather/02,2,correction,target_column,new_unmentioned_slot,True,False,,"[""\""accumulated rainfall\""""]","Correction: I need 39 hours ahead, replacing the earlier horizon."
base,natural_component,weather,natural-v6-20261005/weather/02,2,correction,target_unit,repeated_prior_fact,True,False,,"[""\""millimetres\""""]","Correction: I need 39 hours ahead, replacing the earlier horizon."
base,natural_component,weather,natural-v6-20261005/weather/02,3,unknown,authentication_reference,new_unmentioned_slot,True,False,,"[""\""undecided\""""]","Timezone is undecided, and I haven't chosen seasonal periods or prediction interval levels. I don't have credentials to share either."
base,natural_component,weather,natural-v6-20261005/weather/02,3,unknown,prediction_interval_levels,new_unmentioned_slot,True,False,,"[""\""undecided\""""]","Timezone is undecided, and I haven't chosen seasonal periods or prediction interval levels. I don't have credentials to share either."
base,natural_component,weather,natural-v6-20261005/weather/02,3,unknown,seasonal_periods,new_unmentioned_slot,True,False,,"[""\""undecided\""""]","Timezone is undecided, and I haven't chosen seasonal periods or prediction interval levels. I don't have credentials to share either."
base,natural_component,weather,natural-v6-20261005/weather/02,3,unknown,timezone,new_unmentioned_slot,True,False,,"[""\""undecided\""""]","Timezone is undecided, and I haven't chosen seasonal periods or prediction interval levels. I don't have credentials to share either."
base,natural_component,weather,natural-v6-20261005/weather/03,1,initial,file_format,wrong_status,True,False,"""parquet""","[""\""parquet\""""]","I need a forecast of peak wind speed in metres per second, every hour, out to 12 hours. I will upload the data as parquet."
base,natural_component,weather,natural-v6-20261005/weather/03,1,initial,forecast_horizon,different_value_or_type_not_adjudicated_semantically,True,False,"{""periods"":12,""unit"":""hour""}","[""{\""periods\"":12,\""unit\"":\""day\""}""]","I need a forecast of peak wind speed in metres per second, every hour, out to 12 hours. I will upload the data as parquet."
base,natural_component,weather,natural-v6-20261005/weather/03,1,initial,frequency,wrong_status,True,False,"{""periods"":1,""unit"":""hour""}","[""{\""periods\"":1,\""unit\"":\""hour\""}""]","I need a forecast of peak wind speed in metres per second, every hour, out to 12 hours. I will upload the data as parquet."
base,natural_component,weather,natural-v6-20261005/weather/03,1,initial,problem_statement,new_unmentioned_slot,True,False,,"[""\""peak wind speed\""""]","I need a forecast of peak wind speed in metres per second, every hour, out to 12 hours. I will upload the data as parquet."
base,natural_component,weather,natural-v6-20261005/weather/03,1,initial,source_mode,wrong_status,True,False,"""upload""","[""\""upload\""""]","I need a forecast of peak wind speed in metres per second, every hour, out to 12 hours. I will upload the data as parquet."
base,natural_component,weather,natural-v6-20261005/weather/03,1,initial,target_description,absent_from_readable_emissions,True,False,"""peak wind speed""",[],"I need a forecast of peak wind speed in metres per second, every hour, out to 12 hours. I will upload the data as parquet."
base,natural_component,weather,natural-v6-20261005/weather/03,1,initial,target_unit,wrong_status,True,False,"""metres per second""","[""\""metres per second\""""]","I need a forecast of peak wind speed in metres per second, every hour, out to 12 hours. I will upload the data as parquet."
base,natural_component,weather,natural-v6-20261005/weather/03,2,correction,forecast_horizon,unassessable_strict_json_failure,False,False,"{""periods"":15,""unit"":""hour""}",[],"I changed my mind about the horizon. Forecast the next 15 hours, please."
base,natural_component,weather,natural-v6-20261005/weather/03,3,unknown,target_column,new_unmentioned_slot,True,False,,"[""\""peak wind speed\""""]",I cannot tell you the timezone yet. Seasonal periods and prediction interval levels are unknown too.
base,natural_component,weather,natural-v6-20261005/weather/03,3,unknown,target_unit,repeated_prior_fact,True,False,,"[""\""metres per second\""""]",I cannot tell you the timezone yet. Seasonal periods and prediction interval levels are unknown too.
base,natural_component,weather,natural-v6-20261005/weather/04,1,initial,forecast_horizon,wrong_status,True,False,"{""periods"":9,""unit"":""day""}","[""{\""periods\"":9,\""unit\"":\""day\""}""]","Help me predict relative humidity. It is in percent, observed daily; look ahead 9 days. Read humidity_pct as the target and observation_date as the timestamp."
base,natural_component,weather,natural-v6-20261005/weather/04,1,initial,frequency,wrong_status,True,False,"{""periods"":1,""unit"":""day""}","[""{\""periods\"":1,\""unit\"":\""day\""}""]","Help me predict relative humidity. It is in percent, observed daily; look ahead 9 days. Read humidity_pct as the target and observation_date as the timestamp."
base,natural_component,weather,natural-v6-20261005/weather/04,1,initial,problem_statement,new_unmentioned_slot,True,False,,"[""\""relative humidity\""""]","Help me predict relative humidity. It is in percent, observed daily; look ahead 9 days. Read humidity_pct as the target and observation_date as the timestamp."
base,natural_component,weather,natural-v6-20261005/weather/04,1,initial,target_column,absent_from_readable_emissions,True,False,"""humidity_pct""",[],"Help me predict relative humidity. It is in percent, observed daily; look ahead 9 days. Read humidity_pct as the target and observation_date as the timestamp."
base,natural_component,weather,natural-v6-20261005/weather/04,1,initial,target_description,absent_from_readable_emissions,True,False,"""relative humidity""",[],"Help me predict relative humidity. It is in percent, observed daily; look ahead 9 days. Read humidity_pct as the target and observation_date as the timestamp."
base,natural_component,weather,natural-v6-20261005/weather/04,1,initial,target_unit,wrong_status,True,False,"""percent""","[""\""percent\""""]","Help me predict relative humidity. It is in percent, observed daily; look ahead 9 days. Read humidity_pct as the target and observation_date as the timestamp."
base,natural_component,weather,natural-v6-20261005/weather/04,1,initial,time_column,absent_from_readable_emissions,True,False,"""observation_date""",[],"Help me predict relative humidity. It is in percent, observed daily; look ahead 9 days. Read humidity_pct as the target and observation_date as the timestamp."
base,natural_component,weather,natural-v6-20261005/weather/04,2,correction,forecast_horizon,wrong_status,True,False,"{""periods"":12,""unit"":""day""}","[""{\""periods\"":12,\""unit\"":\""day\""}""]",That previous forecast horizon is wrong: make it 12 days.
base,natural_component,weather,natural-v6-20261005/weather/04,2,correction,frequency,repeated_prior_fact,True,False,,"[""{\""periods\"":1.0,\""unit\"":\""day\""}""]",That previous forecast horizon is wrong: make it 12 days.
base,natural_component,weather,natural-v6-20261005/weather/05,1,initial,forecast_horizon,wrong_status,True,False,"{""periods"":18,""unit"":""hour""}","[""{\""periods\"":18,\""unit\"":\""hour\""}""]","What I want forecast is cloud cover, in percent. We record it every 3 hours. Please look 18 hours into the future."
base,natural_component,weather,natural-v6-20261005/weather/05,1,initial,frequency,wrong_status,True,False,"{""periods"":3,""unit"":""hour""}","[""{\""periods\"":3,\""unit\"":\""hour\""}""]","What I want forecast is cloud cover, in percent. We record it every 3 hours. Please look 18 hours into the future."
base,natural_component,weather,natural-v6-20261005/weather/05,1,initial,problem_statement,new_unmentioned_slot,True,False,,"[""\""cloud cover\""""]","What I want forecast is cloud cover, in percent. We record it every 3 hours. Please look 18 hours into the future."
base,natural_component,weather,natural-v6-20261005/weather/05,1,initial,target_description,absent_from_readable_emissions,True,False,"""cloud cover""",[],"What I want forecast is cloud cover, in percent. We record it every 3 hours. Please look 18 hours into the future."
base,natural_component,weather,natural-v6-20261005/weather/05,1,initial,target_unit,absent_from_readable_emissions,True,False,"""percent""",[],"What I want forecast is cloud cover, in percent. We record it every 3 hours. Please look 18 hours into the future."
base,natural_component,weather,natural-v6-20261005/weather/05,2,correction,forecast_horizon,different_value_or_type_not_adjudicated_semantically,True,False,"{""periods"":21,""unit"":""hour""}","[""{\""periods\"":21.0,\""unit\"":\""hour\""}""]",Please revise the forecast horizon to 21 hours. Everything else stays the same.
base,natural_component,weather,natural-v6-20261005/weather/05,2,correction,frequency,new_unmentioned_slot,True,False,,"[""{\""periods\"":21.0,\""unit\"":\""hour\""}""]",Please revise the forecast horizon to 21 hours. Everything else stays the same.
base,natural_component,weather,natural-v6-20261005/weather/05,2,correction,target_column,new_unmentioned_slot,True,False,,"[""\""cloud cover\""""]",Please revise the forecast horizon to 21 hours. Everything else stays the same.
base,natural_component,weather,natural-v6-20261005/weather/05,2,correction,target_unit,repeated_prior_fact,True,False,,"[""\""percent\""""]",Please revise the forecast horizon to 21 hours. Everything else stays the same.
base,natural_component,weather,natural-v6-20261005/weather/05,3,unknown,prediction_interval_levels,new_unmentioned_slot,True,False,,"[""null""]","Please leave timezone, seasonal periods and prediction interval levels unset. I do not know their values."
base,natural_component,weather,natural-v6-20261005/weather/05,3,unknown,seasonal_periods,new_unmentioned_slot,True,False,,"[""null""]","Please leave timezone, seasonal periods and prediction interval levels unset. I do not know their values."
base,natural_component,weather,natural-v6-20261005/weather/05,3,unknown,timezone,new_unmentioned_slot,True,False,,"[""null""]","Please leave timezone, seasonal periods and prediction interval levels unset. I do not know their values."
base,natural_component,weather,natural-v6-20261005/weather/06,1,initial,forecast_horizon,wrong_status,True,False,"{""periods"":2,""unit"":""day""}","[""{\""periods\"":2,\""unit\"":\""day\""}""]",Can we forecast sea-level pressure? Values are in hectopascals and arrive every 6 hours. I need a 2 day horizon.
base,natural_component,weather,natural-v6-20261005/weather/06,1,initial,frequency,wrong_status,True,False,"{""periods"":6,""unit"":""hour""}","[""{\""periods\"":6,\""unit\"":\""hour\""}""]",Can we forecast sea-level pressure? Values are in hectopascals and arrive every 6 hours. I need a 2 day horizon.
base,natural_component,weather,natural-v6-20261005/weather/06,1,initial,problem_statement,new_unmentioned_slot,True,False,,"[""\""sea-level pressure\""""]",Can we forecast sea-level pressure? Values are in hectopascals and arrive every 6 hours. I need a 2 day horizon.
base,natural_component,weather,natural-v6-20261005/weather/06,1,initial,target_description,absent_from_readable_emissions,True,False,"""sea-level pressure""",[],Can we forecast sea-level pressure? Values are in hectopascals and arrive every 6 hours. I need a 2 day horizon.
base,natural_component,weather,natural-v6-20261005/weather/06,1,initial,target_unit,wrong_status,True,False,"""hectopascals""","[""\""hectopascals\""""]",Can we forecast sea-level pressure? Values are in hectopascals and arrive every 6 hours. I need a 2 day horizon.
base,natural_component,weather,natural-v6-20261005/weather/06,2,correction,forecast_horizon,normalization_only,True,False,"{""periods"":5,""unit"":""day""}","[""{\""periods\"":5.0,\""unit\"":\""day\""}""]",Use 5 days for the forecast horizon instead of my earlier request.
base,natural_component,weather,natural-v6-20261005/weather/06,3,unknown,prediction_interval_levels,new_unmentioned_slot,True,False,,"[""95""]","I need your questions about timezone, seasonal periods and prediction interval levels because I don't know them."
base,natural_component,weather,natural-v6-20261005/weather/06,3,unknown,seasonal_periods,new_unmentioned_slot,True,False,,"[""3""]","I need your questions about timezone, seasonal periods and prediction interval levels because I don't know them."
base,natural_component,weather,natural-v6-20261005/weather/06,3,unknown,timezone,new_unmentioned_slot,True,False,,"[""\""UTC\""""]","I need your questions about timezone, seasonal periods and prediction interval levels because I don't know them."
base,natural_component,weather,natural-v6-20261005/weather/07,1,initial,forecast_horizon,absent_from_readable_emissions,True,False,"{""periods"":8,""unit"":""day""}",[],"Please predict overnight minimum temperature in degrees Fahrenheit. Observations are daily. Forecast 8 days ahead, and generate a fresh forecast every 2 days."
base,natural_component,weather,natural-v6-20261005/weather/07,1,initial,frequency,different_value_or_type_not_adjudicated_semantically,True,False,"{""periods"":1,""unit"":""day""}","[""{\""periods\"":8,\""unit\"":\""day\""}""]","Please predict overnight minimum temperature in degrees Fahrenheit. Observations are daily. Forecast 8 days ahead, and generate a fresh forecast every 2 days."
base,natural_component,weather,natural-v6-20261005/weather/07,1,initial,prediction_frequency,wrong_status,True,False,"{""periods"":2,""unit"":""day""}","[""{\""periods\"":2,\""unit\"":\""day\""}""]","Please predict overnight minimum temperature in degrees Fahrenheit. Observations are daily. Forecast 8 days ahead, and generate a fresh forecast every 2 days."
base,natural_component,weather,natural-v6-20261005/weather/07,1,initial,problem_statement,new_unmentioned_slot,True,False,,"[""\""predict overnight minimum temperature\""""]","Please predict overnight minimum temperature in degrees Fahrenheit. Observations are daily. Forecast 8 days ahead, and generate a fresh forecast every 2 days."
base,natural_component,weather,natural-v6-20261005/weather/07,1,initial,target_description,absent_from_readable_emissions,True,False,"""overnight minimum temperature""",[],"Please predict overnight minimum temperature in degrees Fahrenheit. Observations are daily. Forecast 8 days ahead, and generate a fresh forecast every 2 days."
base,natural_component,weather,natural-v6-20261005/weather/07,1,initial,target_unit,wrong_status,True,False,"""degrees Fahrenheit""","[""\""degrees Fahrenheit\""""]","Please predict overnight minimum temperature in degrees Fahrenheit. Observations are daily. Forecast 8 days ahead, and generate a fresh forecast every 2 days."
base,natural_component,weather,natural-v6-20261005/weather/07,2,correction,forecast_horizon,exact_readable_content,True,False,"{""periods"":11,""unit"":""day""}","[""{\""periods\"":11,\""unit\"":\""day\""}""]",One correction to my specification: the forecast horizon is now 11 days.
base,natural_component,weather,natural-v6-20261005/weather/07,3,unknown,forecast_horizon,repeated_prior_fact,True,False,,"[""{\""periods\"":11.0,\""unit\"":\""day\""}""]","No guesswork: I haven't decided the timezone, seasonal periods or prediction interval levels."
base,natural_component,weather,natural-v6-20261005/weather/07,3,unknown,frequency,repeated_prior_fact,True,False,,"[""{\""periods\"":1.0,\""unit\"":\""day\""}""]","No guesswork: I haven't decided the timezone, seasonal periods or prediction interval levels."
base,natural_component,weather,natural-v6-20261005/weather/07,3,unknown,prediction_frequency,repeated_prior_fact,True,False,,"[""{\""periods\"":2.0,\""unit\"":\""day\""}""]","No guesswork: I haven't decided the timezone, seasonal periods or prediction interval levels."
base,natural_component,weather,natural-v6-20261005/weather/07,3,unknown,target_column,new_unmentioned_slot,True,False,,"[""\""overnight minimum temperature\""""]","No guesswork: I haven't decided the timezone, seasonal periods or prediction interval levels."
base,natural_component,weather,natural-v6-20261005/weather/07,3,unknown,target_unit,repeated_prior_fact,True,False,,"[""\""degrees Fahrenheit\""""]","No guesswork: I haven't decided the timezone, seasonal periods or prediction interval levels."
base,natural_component,weather,natural-v6-20261005/weather/08,1,initial,file_format,wrong_status,True,False,"""xlsx""","[""\""xlsx\""""]","Build a forecast for sunshine duration, measured in hours, with one observation every week. I need the next 4 weeks. The uploaded file is xlsx."
base,natural_component,weather,natural-v6-20261005/weather/08,1,initial,forecast_horizon,wrong_status,True,False,"{""periods"":4,""unit"":""week""}","[""{\""periods\"":4,\""unit\"":\""week\""}""]","Build a forecast for sunshine duration, measured in hours, with one observation every week. I need the next 4 weeks. The uploaded file is xlsx."
base,natural_component,weather,natural-v6-20261005/weather/08,1,initial,frequency,wrong_status,True,False,"{""periods"":1,""unit"":""week""}","[""{\""periods\"":1,\""unit\"":\""week\""}""]","Build a forecast for sunshine duration, measured in hours, with one observation every week. I need the next 4 weeks. The uploaded file is xlsx."
base,natural_component,weather,natural-v6-20261005/weather/08,1,initial,problem_statement,new_unmentioned_slot,True,False,,"[""\""sunshine duration\""""]","Build a forecast for sunshine duration, measured in hours, with one observation every week. I need the next 4 weeks. The uploaded file is xlsx."
base,natural_component,weather,natural-v6-20261005/weather/08,1,initial,source_mode,wrong_status,True,False,"""upload""","[""\""upload\""""]","Build a forecast for sunshine duration, measured in hours, with one observation every week. I need the next 4 weeks. The uploaded file is xlsx."
base,natural_component,weather,natural-v6-20261005/weather/08,1,initial,target_description,absent_from_readable_emissions,True,False,"""sunshine duration""",[],"Build a forecast for sunshine duration, measured in hours, with one observation every week. I need the next 4 weeks. The uploaded file is xlsx."
base,natural_component,weather,natural-v6-20261005/weather/08,1,initial,target_unit,wrong_status,True,False,"""hours""","[""\""hours\""""]","Build a forecast for sunshine duration, measured in hours, with one observation every week. I need the next 4 weeks. The uploaded file is xlsx."
base,natural_component,weather,natural-v6-20261005/weather/08,2,correction,forecast_horizon,different_value_or_type_not_adjudicated_semantically,True,False,"{""periods"":7,""unit"":""week""}","[""{\""periods\"":7.0,\""unit\"":\""week\""}""]",Replace the horizon I gave you with 7 weeks.
base,natural_component,weather,natural-v6-20261005/weather/08,2,correction,frequency,repeated_prior_fact,True,False,,"[""{\""periods\"":1.0,\""unit\"":\""week\""}""]",Replace the horizon I gave you with 7 weeks.
base,natural_component,weather,natural-v6-20261005/weather/08,3,unknown,prediction_interval_levels,new_unmentioned_slot,True,False,,"[""\""unknown\""""]","Those details are still unknown: timezone, seasonal periods and prediction interval levels. I cannot give you an authentication reference."
base,natural_component,weather,natural-v6-20261005/weather/08,3,unknown,seasonal_periods,new_unmentioned_slot,True,False,,"[""\""unknown\""""]","Those details are still unknown: timezone, seasonal periods and prediction interval levels. I cannot give you an authentication reference."
base,natural_component,weather,natural-v6-20261005/weather/08,3,unknown,timezone,new_unmentioned_slot,True,False,,"[""\""unknown\""""]","Those details are still unknown: timezone, seasonal periods and prediction interval levels. I cannot give you an authentication reference."
base,natural_component,inflation,natural-v6-20261005/inflation/01,1,initial,aggregation_method,new_unmentioned_slot,True,False,,"[""\""sum\""""]","Please forecast year-over-year CPI inflation, in percent, from monthly observations. I need the coming 5 months, not a forecast of the CPI index."
base,natural_component,inflation,natural-v6-20261005/inflation/01,1,initial,forecast_horizon,different_value_or_type_not_adjudicated_semantically,True,False,"{""periods"":5,""unit"":""month""}","[""\""5 months\""""]","Please forecast year-over-year CPI inflation, in percent, from monthly observations. I need the coming 5 months, not a forecast of the CPI index."
base,natural_component,inflation,natural-v6-20261005/inflation/01,1,initial,frequency,absent_from_readable_emissions,True,False,"{""periods"":1,""unit"":""month""}",[],"Please forecast year-over-year CPI inflation, in percent, from monthly observations. I need the coming 5 months, not a forecast of the CPI index."
base,natural_component,inflation,natural-v6-20261005/inflation/01,1,initial,output_format,new_unmentioned_slot,True,False,,"[""\""json\""""]","Please forecast year-over-year CPI inflation, in percent, from monthly observations. I need the coming 5 months, not a forecast of the CPI index."
base,natural_component,inflation,natural-v6-20261005/inflation/01,1,initial,problem_statement,new_unmentioned_slot,True,False,,"[""\""CPI inflation\""""]","Please forecast year-over-year CPI inflation, in percent, from monthly observations. I need the coming 5 months, not a forecast of the CPI index."
base,natural_component,inflation,natural-v6-20261005/inflation/01,1,initial,target_description,absent_from_readable_emissions,True,False,"""year-over-year CPI inflation""",[],"Please forecast year-over-year CPI inflation, in percent, from monthly observations. I need the coming 5 months, not a forecast of the CPI index."
base,natural_component,inflation,natural-v6-20261005/inflation/01,1,initial,target_unit,wrong_status,True,False,"""percent""","[""\""percent\""""]","Please forecast year-over-year CPI inflation, in percent, from monthly observations. I need the coming 5 months, not a forecast of the CPI index."
base,natural_component,inflation,natural-v6-20261005/inflation/01,2,correction,forecast_horizon,wrong_status,True,False,"{""periods"":8,""unit"":""month""}","[""{\""periods\"":8,\""unit\"":\""month\""}""]","Actually, change the forecast horizon to 8 months instead. Leave the other requirements alone."
base,natural_component,inflation,natural-v6-20261005/inflation/01,3,unknown,target_column,new_unmentioned_slot,True,False,,"[""\""year-over-year CPI inflation\""""]","I do not know the timezone, seasonal periods or prediction interval levels yet. Ask me; do not fill them in."
base,natural_component,inflation,natural-v6-20261005/inflation/01,3,unknown,target_unit,repeated_prior_fact,True,False,,"[""\""percent\""""]","I do not know the timezone, seasonal periods or prediction interval levels yet. Ask me; do not fill them in."
base,natural_component,inflation,natural-v6-20261005/inflation/02,1,initial,forecast_horizon,unassessable_strict_json_failure,False,False,"{""periods"":8,""unit"":""month""}",[],"Can you predict the headline CPI index level? Units are index points, base 2015=100. It is monthly and I want 8 months ahead."
base,natural_component,inflation,natural-v6-20261005/inflation/02,1,initial,frequency,unassessable_strict_json_failure,False,False,"{""periods"":1,""unit"":""month""}",[],"Can you predict the headline CPI index level? Units are index points, base 2015=100. It is monthly and I want 8 months ahead."
base,natural_component,inflation,natural-v6-20261005/inflation/02,1,initial,target_description,unassessable_strict_json_failure,False,False,"""headline CPI index level""",[],"Can you predict the headline CPI index level? Units are index points, base 2015=100. It is monthly and I want 8 months ahead."
base,natural_component,inflation,natural-v6-20261005/inflation/02,1,initial,target_unit,unassessable_strict_json_failure,False,False,"""index points, base 2015=100""",[],"Can you predict the headline CPI index level? Units are index points, base 2015=100. It is monthly and I want 8 months ahead."
base,natural_component,inflation,natural-v6-20261005/inflation/02,2,correction,forecast_horizon,exact_readable_content,True,False,"{""periods"":11,""unit"":""month""}","[""{\""periods\"":11,\""unit\"":\""month\""}""]","Correction: I need 11 months ahead, replacing the earlier horizon."
base,natural_component,inflation,natural-v6-20261005/inflation/02,2,correction,frequency,new_unmentioned_slot,True,False,,"[""{\""periods\"":1,\""unit\"":\""month\""}""]","Correction: I need 11 months ahead, replacing the earlier horizon."
base,natural_component,inflation,natural-v6-20261005/inflation/02,3,unknown,authentication_reference,new_unmentioned_slot,True,False,,"[""\""undecided\""""]","Timezone is undecided, and I haven't chosen seasonal periods or prediction interval levels. I don't have credentials to share either."
base,natural_component,inflation,natural-v6-20261005/inflation/02,3,unknown,prediction_interval_levels,new_unmentioned_slot,True,False,,"[""\""undecided\""""]","Timezone is undecided, and I haven't chosen seasonal periods or prediction interval levels. I don't have credentials to share either."
base,natural_component,inflation,natural-v6-20261005/inflation/02,3,unknown,seasonal_periods,new_unmentioned_slot,True,False,,"[""\""undecided\""""]","Timezone is undecided, and I haven't chosen seasonal periods or prediction interval levels. I don't have credentials to share either."
base,natural_component,inflation,natural-v6-20261005/inflation/02,3,unknown,timezone,new_unmentioned_slot,True,False,,"[""\""undecided\""""]","Timezone is undecided, and I haven't chosen seasonal periods or prediction interval levels. I don't have credentials to share either."
base,natural_component,inflation,natural-v6-20261005/inflation/03,1,initial,file_format,wrong_status,True,False,"""csv""","[""\""csv\""""]",I need a forecast of month-over-month core inflation. The unit is percent. Observations arrive monthly; forecast the next 3 months. The file is csv.
base,natural_component,inflation,natural-v6-20261005/inflation/03,1,initial,forecast_horizon,different_value_or_type_not_adjudicated_semantically,True,False,"{""periods"":3,""unit"":""month""}","[""\""3 months\""""]",I need a forecast of month-over-month core inflation. The unit is percent. Observations arrive monthly; forecast the next 3 months. The file is csv.
base,natural_component,inflation,natural-v6-20261005/inflation/03,1,initial,frequency,absent_from_readable_emissions,True,False,"{""periods"":1,""unit"":""month""}",[],I need a forecast of month-over-month core inflation. The unit is percent. Observations arrive monthly; forecast the next 3 months. The file is csv.
base,natural_component,inflation,natural-v6-20261005/inflation/03,1,initial,output_format,new_unmentioned_slot,True,False,,"[""\""csv\""""]",I need a forecast of month-over-month core inflation. The unit is percent. Observations arrive monthly; forecast the next 3 months. The file is csv.
base,natural_component,inflation,natural-v6-20261005/inflation/03,1,initial,problem_statement,new_unmentioned_slot,True,False,,"[""\""month-over-month core inflation\""""]",I need a forecast of month-over-month core inflation. The unit is percent. Observations arrive monthly; forecast the next 3 months. The file is csv.
base,natural_component,inflation,natural-v6-20261005/inflation/03,1,initial,source_mode,new_unmentioned_slot,True,False,,"[""\""upload\""""]",I need a forecast of month-over-month core inflation. The unit is percent. Observations arrive monthly; forecast the next 3 months. The file is csv.
base,natural_component,inflation,natural-v6-20261005/inflation/03,1,initial,target_description,absent_from_readable_emissions,True,False,"""month-over-month core inflation""",[],I need a forecast of month-over-month core inflation. The unit is percent. Observations arrive monthly; forecast the next 3 months. The file is csv.
base,natural_component,inflation,natural-v6-20261005/inflation/03,1,initial,target_unit,wrong_status,True,False,"""percent""","[""\""percent\""""]",I need a forecast of month-over-month core inflation. The unit is percent. Observations arrive monthly; forecast the next 3 months. The file is csv.
base,natural_component,inflation,natural-v6-20261005/inflation/03,2,correction,forecast_horizon,normalization_only,True,False,"{""periods"":6,""unit"":""month""}","[""{\""periods\"":6.0,\""unit\"":\""month\""}""]","I changed my mind about the horizon. Forecast the next 6 months, please."
base,natural_component,inflation,natural-v6-20261005/inflation/03,2,correction,frequency,repeated_prior_fact,True,False,,"[""{\""periods\"":1.0,\""unit\"":\""month\""}""]","I changed my mind about the horizon. Forecast the next 6 months, please."
base,natural_component,inflation,natural-v6-20261005/inflation/03,2,correction,target_column,new_unmentioned_slot,True,False,,"[""\""month-over-month core inflation\""""]","I changed my mind about the horizon. Forecast the next 6 months, please."
base,natural_component,inflation,natural-v6-20261005/inflation/03,2,correction,target_unit,repeated_prior_fact,True,False,,"[""\""percent\""""]","I changed my mind about the horizon. Forecast the next 6 months, please."
base,natural_component,inflation,natural-v6-20261005/inflation/03,3,unknown,target_bounds,new_unmentioned_slot,True,False,,"[""null""]",I cannot tell you the timezone yet. Seasonal periods and prediction interval levels are unknown too.
base,natural_component,inflation,natural-v6-20261005/inflation/03,3,unknown,target_column,new_unmentioned_slot,True,False,,"[""\""month-over-month core inflation\""""]",I cannot tell you the timezone yet. Seasonal periods and prediction interval levels are unknown too.
base,natural_component,inflation,natural-v6-20261005/inflation/03,3,unknown,target_unit,repeated_prior_fact,True,False,,"[""\""percent\""""]",I cannot tell you the timezone yet. Seasonal periods and prediction interval levels are unknown too.
base,natural_component,inflation,natural-v6-20261005/inflation/04,1,initial,forecast_horizon,wrong_status,True,False,"{""periods"":11,""unit"":""month""}","[""{\""periods\"":11,\""unit\"":\""month\""}""]",Help me predict food-price inflation in percent. There is one observation each month. Look 11 months ahead. The target column is food_inflation and the date column is month_end.
base,natural_component,inflation,natural-v6-20261005/inflation/04,1,initial,frequency,wrong_status,True,False,"{""periods"":1,""unit"":""month""}","[""{\""periods\"":1,\""unit\"":\""month\""}""]",Help me predict food-price inflation in percent. There is one observation each month. Look 11 months ahead. The target column is food_inflation and the date column is month_end.
base,natural_component,inflation,natural-v6-20261005/inflation/04,1,initial,problem_statement,new_unmentioned_slot,True,False,,"[""\""food-price inflation\""""]",Help me predict food-price inflation in percent. There is one observation each month. Look 11 months ahead. The target column is food_inflation and the date column is month_end.
base,natural_component,inflation,natural-v6-20261005/inflation/04,1,initial,target_column,wrong_status,True,False,"""food_inflation""","[""\""food_inflation\""""]",Help me predict food-price inflation in percent. There is one observation each month. Look 11 months ahead. The target column is food_inflation and the date column is month_end.
base,natural_component,inflation,natural-v6-20261005/inflation/04,1,initial,target_description,absent_from_readable_emissions,True,False,"""food-price inflation""",[],Help me predict food-price inflation in percent. There is one observation each month. Look 11 months ahead. The target column is food_inflation and the date column is month_end.
base,natural_component,inflation,natural-v6-20261005/inflation/04,1,initial,target_unit,absent_from_readable_emissions,True,False,"""percent""",[],Help me predict food-price inflation in percent. There is one observation each month. Look 11 months ahead. The target column is food_inflation and the date column is month_end.
base,natural_component,inflation,natural-v6-20261005/inflation/04,1,initial,time_column,absent_from_readable_emissions,True,False,"""month_end""",[],Help me predict food-price inflation in percent. There is one observation each month. Look 11 months ahead. The target column is food_inflation and the date column is month_end.
base,natural_component,inflation,natural-v6-20261005/inflation/04,2,correction,forecast_horizon,wrong_status,True,False,"{""periods"":14,""unit"":""month""}","[""{\""periods\"":14,\""unit\"":\""month\""}""]",That previous forecast horizon is wrong: make it 14 months.
base,natural_component,inflation,natural-v6-20261005/inflation/04,3,unknown,business_goal,new_unmentioned_slot,True,False,,"[""\""food-price inflation\""""]",I haven't worked out the timezone or seasonal periods. We have no decision on prediction interval levels yet.
base,natural_component,inflation,natural-v6-20261005/inflation/04,3,unknown,problem_statement,new_unmentioned_slot,True,False,,"[""\""food_inflation\""""]",I haven't worked out the timezone or seasonal periods. We have no decision on prediction interval levels yet.
base,natural_component,inflation,natural-v6-20261005/inflation/04,3,unknown,target_column,repeated_prior_fact,True,False,,"[""\""food_inflation\""""]",I haven't worked out the timezone or seasonal periods. We have no decision on prediction interval levels yet.
base,natural_component,inflation,natural-v6-20261005/inflation/04,3,unknown,target_description,repeated_prior_fact,True,False,,"[""\""food-price inflation\""""]",I haven't worked out the timezone or seasonal periods. We have no decision on prediction interval levels yet.
base,natural_component,inflation,natural-v6-20261005/inflation/04,3,unknown,target_unit,repeated_prior_fact,True,False,,"[""\""percent\""""]",I haven't worked out the timezone or seasonal periods. We have no decision on prediction interval levels yet.
base,natural_component,inflation,natural-v6-20261005/inflation/04,3,unknown,time_column,repeated_prior_fact,True,False,,"[""\""month_end\""""]",I haven't worked out the timezone or seasonal periods. We have no decision on prediction interval levels yet.
base,natural_component,inflation,natural-v6-20261005/inflation/05,1,initial,forecast_horizon,wrong_status,True,False,"{""periods"":2,""unit"":""quarter""}","[""{\""periods\"":2,\""unit\"":\""quarter\""}""]","Please forecast producer price inflation, measured in percent, using quarterly observations. I want the next 2 quarters."
base,natural_component,inflation,natural-v6-20261005/inflation/05,1,initial,frequency,absent_from_readable_emissions,True,False,"{""periods"":1,""unit"":""quarter""}",[],"Please forecast producer price inflation, measured in percent, using quarterly observations. I want the next 2 quarters."
base,natural_component,inflation,natural-v6-20261005/inflation/05,1,initial,problem_statement,new_unmentioned_slot,True,False,,"[""\""producer price inflation\""""]","Please forecast producer price inflation, measured in percent, using quarterly observations. I want the next 2 quarters."
base,natural_component,inflation,natural-v6-20261005/inflation/05,1,initial,target_description,absent_from_readable_emissions,True,False,"""producer price inflation""",[],"Please forecast producer price inflation, measured in percent, using quarterly observations. I want the next 2 quarters."
base,natural_component,inflation,natural-v6-20261005/inflation/05,1,initial,target_unit,wrong_status,True,False,"""percent""","[""\""percent\""""]","Please forecast producer price inflation, measured in percent, using quarterly observations. I want the next 2 quarters."
base,natural_component,inflation,natural-v6-20261005/inflation/05,2,correction,forecast_horizon,exact_readable_content,True,False,"{""periods"":5,""unit"":""quarter""}","[""{\""periods\"":5,\""unit\"":\""quarter\""}""]",Please revise the forecast horizon to 5 quarters. Everything else stays the same.
base,natural_component,inflation,natural-v6-20261005/inflation/05,3,unknown,prediction_interval_levels,new_unmentioned_slot,True,False,,"[""null""]","Please leave timezone, seasonal periods and prediction interval levels unset. I do not know their values."
base,natural_component,inflation,natural-v6-20261005/inflation/05,3,unknown,seasonal_periods,new_unmentioned_slot,True,False,,"[""null""]","Please leave timezone, seasonal periods and prediction interval levels unset. I do not know their values."
base,natural_component,inflation,natural-v6-20261005/inflation/05,3,unknown,timezone,new_unmentioned_slot,True,False,,"[""null""]","Please leave timezone, seasonal periods and prediction interval levels unset. I do not know their values."
base,natural_component,inflation,natural-v6-20261005/inflation/06,1,initial,file_format,wrong_status,True,False,"""parquet""","[""\""parquet\""""]",Forecast the consumer price index level in index points. The series has a monthly observation and I need a 1 year horizon. I will upload a parquet file.
base,natural_component,inflation,natural-v6-20261005/inflation/06,1,initial,forecast_horizon,different_value_or_type_not_adjudicated_semantically,True,False,"{""periods"":1,""unit"":""year""}","[""\""1 year\""""]",Forecast the consumer price index level in index points. The series has a monthly observation and I need a 1 year horizon. I will upload a parquet file.
base,natural_component,inflation,natural-v6-20261005/inflation/06,1,initial,frequency,different_value_or_type_not_adjudicated_semantically,True,False,"{""periods"":1,""unit"":""month""}","[""\""monthly\""""]",Forecast the consumer price index level in index points. The series has a monthly observation and I need a 1 year horizon. I will upload a parquet file.
base,natural_component,inflation,natural-v6-20261005/inflation/06,1,initial,problem_statement,new_unmentioned_slot,True,False,,"[""\""consumer price index level\""""]",Forecast the consumer price index level in index points. The series has a monthly observation and I need a 1 year horizon. I will upload a parquet file.
base,natural_component,inflation,natural-v6-20261005/inflation/06,1,initial,source_mode,wrong_status,True,False,"""upload""","[""\""upload\""""]",Forecast the consumer price index level in index points. The series has a monthly observation and I need a 1 year horizon. I will upload a parquet file.
base,natural_component,inflation,natural-v6-20261005/inflation/06,1,initial,target_column,new_unmentioned_slot,True,False,,"[""\""consumer price index level\""""]",Forecast the consumer price index level in index points. The series has a monthly observation and I need a 1 year horizon. I will upload a parquet file.
base,natural_component,inflation,natural-v6-20261005/inflation/06,1,initial,target_description,different_value_or_type_not_adjudicated_semantically,True,False,"""consumer price index level""","[""\""index points\""""]",Forecast the consumer price index level in index points. The series has a monthly observation and I need a 1 year horizon. I will upload a parquet file.
base,natural_component,inflation,natural-v6-20261005/inflation/06,1,initial,target_unit,absent_from_readable_emissions,True,False,"""index points""",[],Forecast the consumer price index level in index points. The series has a monthly observation and I need a 1 year horizon. I will upload a parquet file.
base,natural_component,inflation,natural-v6-20261005/inflation/06,2,correction,forecast_horizon,different_value_or_type_not_adjudicated_semantically,True,False,"{""periods"":4,""unit"":""year""}","[""{\""periods\"":4.0,\""unit\"":\""year\""}""]",Use 4 years for the forecast horizon instead of my earlier request.
base,natural_component,inflation,natural-v6-20261005/inflation/06,3,unknown,target_column,new_unmentioned_slot,True,False,,"[""\""consumer price index level\""""]","I need your questions about timezone, seasonal periods and prediction interval levels because I don't know them."
base,natural_component,inflation,natural-v6-20261005/inflation/06,3,unknown,target_unit,repeated_prior_fact,True,False,,"[""\""index points\""""]","I need your questions about timezone, seasonal periods and prediction interval levels because I don't know them."
base,natural_component,inflation,natural-v6-20261005/inflation/07,1,initial,forecast_horizon,wrong_status,True,False,"{""periods"":3,""unit"":""year""}","[""{\""periods\"":3,\""unit\"":\""year\""}""]",I want to forecast annual average inflation in percent. One observation per year; look ahead 3 years. Generate a new forecast every 1 year.
base,natural_component,inflation,natural-v6-20261005/inflation/07,1,initial,frequency,wrong_status,True,False,"{""periods"":1,""unit"":""year""}","[""{\""periods\"":1,\""unit\"":\""year\""}""]",I want to forecast annual average inflation in percent. One observation per year; look ahead 3 years. Generate a new forecast every 1 year.
base,natural_component,inflation,natural-v6-20261005/inflation/07,1,initial,prediction_frequency,wrong_status,True,False,"{""periods"":1,""unit"":""year""}","[""{\""periods\"":1,\""unit\"":\""year\""}""]",I want to forecast annual average inflation in percent. One observation per year; look ahead 3 years. Generate a new forecast every 1 year.
base,natural_component,inflation,natural-v6-20261005/inflation/07,1,initial,problem_statement,new_unmentioned_slot,True,False,,"[""\""annual average inflation in percent\""""]",I want to forecast annual average inflation in percent. One observation per year; look ahead 3 years. Generate a new forecast every 1 year.
base,natural_component,inflation,natural-v6-20261005/inflation/07,1,initial,target_description,absent_from_readable_emissions,True,False,"""annual average inflation""",[],I want to forecast annual average inflation in percent. One observation per year; look ahead 3 years. Generate a new forecast every 1 year.
base,natural_component,inflation,natural-v6-20261005/inflation/07,1,initial,target_unit,absent_from_readable_emissions,True,False,"""percent""",[],I want to forecast annual average inflation in percent. One observation per year; look ahead 3 years. Generate a new forecast every 1 year.
base,natural_component,inflation,natural-v6-20261005/inflation/07,2,correction,forecast_horizon,normalization_only,True,False,"{""periods"":6,""unit"":""year""}","[""{\""periods\"":6.0,\""unit\"":\""year\""}""]",One correction to my specification: the forecast horizon is now 6 years.
base,natural_component,inflation,natural-v6-20261005/inflation/07,3,unknown,target_column,new_unmentioned_slot,True,False,,"[""\""annual average inflation\""""]","No guesswork: I haven't decided the timezone, seasonal periods or prediction interval levels."
base,natural_component,inflation,natural-v6-20261005/inflation/07,3,unknown,target_unit,repeated_prior_fact,True,False,,"[""\""percent\""""]","No guesswork: I haven't decided the timezone, seasonal periods or prediction interval levels."
base,natural_component,inflation,natural-v6-20261005/inflation/08,1,initial,file_format,wrong_status,True,False,"""xlsx""","[""\""xlsx\""""]","Could you predict trimmed-mean inflation? It is monthly, expressed in percent. We need 7 months into the future; the uploaded data will be in xlsx format."
base,natural_component,inflation,natural-v6-20261005/inflation/08,1,initial,forecast_horizon,wrong_status,True,False,"{""periods"":7,""unit"":""month""}","[""{\""periods\"":7,\""unit\"":\""month\""}""]","Could you predict trimmed-mean inflation? It is monthly, expressed in percent. We need 7 months into the future; the uploaded data will be in xlsx format."
base,natural_component,inflation,natural-v6-20261005/inflation/08,1,initial,frequency,absent_from_readable_emissions,True,False,"{""periods"":1,""unit"":""month""}",[],"Could you predict trimmed-mean inflation? It is monthly, expressed in percent. We need 7 months into the future; the uploaded data will be in xlsx format."
base,natural_component,inflation,natural-v6-20261005/inflation/08,1,initial,problem_statement,new_unmentioned_slot,True,False,,"[""\""trimmed-mean inflation\""""]","Could you predict trimmed-mean inflation? It is monthly, expressed in percent. We need 7 months into the future; the uploaded data will be in xlsx format."
base,natural_component,inflation,natural-v6-20261005/inflation/08,1,initial,source_mode,wrong_status,True,False,"""upload""","[""\""upload\""""]","Could you predict trimmed-mean inflation? It is monthly, expressed in percent. We need 7 months into the future; the uploaded data will be in xlsx format."
base,natural_component,inflation,natural-v6-20261005/inflation/08,1,initial,target_description,absent_from_readable_emissions,True,False,"""trimmed-mean inflation""",[],"Could you predict trimmed-mean inflation? It is monthly, expressed in percent. We need 7 months into the future; the uploaded data will be in xlsx format."
base,natural_component,inflation,natural-v6-20261005/inflation/08,1,initial,target_unit,wrong_status,True,False,"""percent""","[""\""percent\""""]","Could you predict trimmed-mean inflation? It is monthly, expressed in percent. We need 7 months into the future; the uploaded data will be in xlsx format."
base,natural_component,inflation,natural-v6-20261005/inflation/08,2,correction,forecast_horizon,different_value_or_type_not_adjudicated_semantically,True,False,"{""periods"":10,""unit"":""month""}","[""{\""periods\"":10.0,\""unit\"":\""month\""}""]",Replace the horizon I gave you with 10 months.
base,natural_component,inflation,natural-v6-20261005/inflation/08,2,correction,frequency,repeated_prior_fact,True,False,,"[""{\""periods\"":1.0,\""unit\"":\""month\""}""]",Replace the horizon I gave you with 10 months.
base,natural_component,inflation,natural-v6-20261005/inflation/08,3,unknown,prediction_interval_levels,new_unmentioned_slot,True,False,,"[""\""unknown\""""]","Those details are still unknown: timezone, seasonal periods and prediction interval levels. I cannot give you an authentication reference."
base,natural_component,inflation,natural-v6-20261005/inflation/08,3,unknown,seasonal_periods,new_unmentioned_slot,True,False,,"[""\""unknown\""""]","Those details are still unknown: timezone, seasonal periods and prediction interval levels. I cannot give you an authentication reference."
base,natural_component,inflation,natural-v6-20261005/inflation/08,3,unknown,timezone,new_unmentioned_slot,True,False,,"[""\""unknown\""""]","Those details are still unknown: timezone, seasonal periods and prediction interval levels. I cannot give you an authentication reference."
base,natural_component,stocks,natural-v6-20261005/stocks/01,1,initial,forecast_horizon,wrong_status,True,False,"{""periods"":10,""unit"":""day""}","[""{\""periods\"":10,\""unit\"":\""day\""}""]","Can you forecast NOVA's adjusted closing price, in USD per share? I have daily observations and need the next 10 days."
base,natural_component,stocks,natural-v6-20261005/stocks/01,1,initial,frequency,absent_from_readable_emissions,True,False,"{""periods"":1,""unit"":""day""}",[],"Can you forecast NOVA's adjusted closing price, in USD per share? I have daily observations and need the next 10 days."
base,natural_component,stocks,natural-v6-20261005/stocks/01,1,initial,problem_statement,new_unmentioned_slot,True,False,,"[""\""NOVA's adjusted closing price\""""]","Can you forecast NOVA's adjusted closing price, in USD per share? I have daily observations and need the next 10 days."
base,natural_component,stocks,natural-v6-20261005/stocks/01,1,initial,target_description,absent_from_readable_emissions,True,False,"""NOVA's adjusted closing price""",[],"Can you forecast NOVA's adjusted closing price, in USD per share? I have daily observations and need the next 10 days."
base,natural_component,stocks,natural-v6-20261005/stocks/01,1,initial,target_unit,wrong_status,True,False,"""USD per share""","[""\""USD per share\""""]","Can you forecast NOVA's adjusted closing price, in USD per share? I have daily observations and need the next 10 days."
base,natural_component,stocks,natural-v6-20261005/stocks/01,2,correction,forecast_horizon,wrong_status,True,False,"{""periods"":13,""unit"":""day""}","[""{\""periods\"":13,\""unit\"":\""day\""}""]","Actually, change the forecast horizon to 13 days instead. Leave the other requirements alone."
base,natural_component,stocks,natural-v6-20261005/stocks/01,3,unknown,target_column,new_unmentioned_slot,True,False,,"[""\""NOVA's adjusted closing price\""""]","I do not know the timezone, seasonal periods or prediction interval levels yet. Ask me; do not fill them in."
base,natural_component,stocks,natural-v6-20261005/stocks/01,3,unknown,target_unit,repeated_prior_fact,True,False,,"[""\""USD per share\""""]","I do not know the timezone, seasonal periods or prediction interval levels yet. Ask me; do not fill them in."
base,natural_component,stocks,natural-v6-20261005/stocks/02,1,initial,business_goal,new_unmentioned_slot,True,False,,"[""\""without adjusting corporate actions\""""]","Please predict raw closing share price, without adjusting corporate actions. Prices are in GBP per share, observed every day. Look ahead 6 days."
base,natural_component,stocks,natural-v6-20261005/stocks/02,1,initial,forecast_horizon,wrong_status,True,False,"{""periods"":6,""unit"":""day""}","[""{\""periods\"":6,\""unit\"":\""day\""}""]","Please predict raw closing share price, without adjusting corporate actions. Prices are in GBP per share, observed every day. Look ahead 6 days."
base,natural_component,stocks,natural-v6-20261005/stocks/02,1,initial,frequency,wrong_status,True,False,"{""periods"":1,""unit"":""day""}","[""{\""periods\"":1,\""unit\"":\""day\""}""]","Please predict raw closing share price, without adjusting corporate actions. Prices are in GBP per share, observed every day. Look ahead 6 days."
base,natural_component,stocks,natural-v6-20261005/stocks/02,1,initial,problem_statement,new_unmentioned_slot,True,False,,"[""\""raw closing share price\""""]","Please predict raw closing share price, without adjusting corporate actions. Prices are in GBP per share, observed every day. Look ahead 6 days."
base,natural_component,stocks,natural-v6-20261005/stocks/02,1,initial,target_description,absent_from_readable_emissions,True,False,"""raw closing share price, without adjusting corporate actions""",[],"Please predict raw closing share price, without adjusting corporate actions. Prices are in GBP per share, observed every day. Look ahead 6 days."
base,natural_component,stocks,natural-v6-20261005/stocks/02,1,initial,target_unit,wrong_status,True,False,"""GBP per share""","[""\""GBP per share\""""]","Please predict raw closing share price, without adjusting corporate actions. Prices are in GBP per share, observed every day. Look ahead 6 days."
base,natural_component,stocks,natural-v6-20261005/stocks/02,2,correction,forecast_horizon,normalization_only,True,False,"{""periods"":9,""unit"":""day""}","[""{\""periods\"":9.0,\""unit\"":\""day\""}""]","Correction: I need 9 days ahead, replacing the earlier horizon."
base,natural_component,stocks,natural-v6-20261005/stocks/02,2,correction,frequency,repeated_prior_fact,True,False,,"[""{\""periods\"":1.0,\""unit\"":\""day\""}""]","Correction: I need 9 days ahead, replacing the earlier horizon."
base,natural_component,stocks,natural-v6-20261005/stocks/02,3,unknown,authentication_reference,new_unmentioned_slot,True,False,,"[""\""undecided\""""]","Timezone is undecided, and I haven't chosen seasonal periods or prediction interval levels. I don't have credentials to share either."
base,natural_component,stocks,natural-v6-20261005/stocks/02,3,unknown,prediction_interval_levels,new_unmentioned_slot,True,False,,"[""\""undecided\""""]","Timezone is undecided, and I haven't chosen seasonal periods or prediction interval levels. I don't have credentials to share either."
base,natural_component,stocks,natural-v6-20261005/stocks/02,3,unknown,seasonal_periods,new_unmentioned_slot,True,False,,"[""\""undecided\""""]","Timezone is undecided, and I haven't chosen seasonal periods or prediction interval levels. I don't have credentials to share either."
base,natural_component,stocks,natural-v6-20261005/stocks/02,3,unknown,timezone,new_unmentioned_slot,True,False,,"[""\""undecided\""""]","Timezone is undecided, and I haven't chosen seasonal periods or prediction interval levels. I don't have credentials to share either."
base,natural_component,stocks,natural-v6-20261005/stocks/03,1,initial,file_format,wrong_status,True,False,"""csv""","[""\""csv\""""]","Help me forecast total share return including dividends, measured in percent. Observations are weekly; I need 5 weeks ahead. I will upload CSV data."
base,natural_component,stocks,natural-v6-20261005/stocks/03,1,initial,forecast_horizon,absent_from_readable_emissions,True,False,"{""periods"":5,""unit"":""week""}",[],"Help me forecast total share return including dividends, measured in percent. Observations are weekly; I need 5 weeks ahead. I will upload CSV data."
base,natural_component,stocks,natural-v6-20261005/stocks/03,1,initial,frequency,different_value_or_type_not_adjudicated_semantically,True,False,"{""periods"":1,""unit"":""week""}","[""{\""periods\"":5,\""unit\"":\""week\""}""]","Help me forecast total share return including dividends, measured in percent. Observations are weekly; I need 5 weeks ahead. I will upload CSV data."
base,natural_component,stocks,natural-v6-20261005/stocks/03,1,initial,problem_statement,new_unmentioned_slot,True,False,,"[""\""total share return including dividends\""""]","Help me forecast total share return including dividends, measured in percent. Observations are weekly; I need 5 weeks ahead. I will upload CSV data."
base,natural_component,stocks,natural-v6-20261005/stocks/03,1,initial,source_mode,wrong_status,True,False,"""upload""","[""\""upload\""""]","Help me forecast total share return including dividends, measured in percent. Observations are weekly; I need 5 weeks ahead. I will upload CSV data."
base,natural_component,stocks,natural-v6-20261005/stocks/03,1,initial,target_description,absent_from_readable_emissions,True,False,"""total share return including dividends""",[],"Help me forecast total share return including dividends, measured in percent. Observations are weekly; I need 5 weeks ahead. I will upload CSV data."
base,natural_component,stocks,natural-v6-20261005/stocks/03,1,initial,target_unit,wrong_status,True,False,"""percent""","[""\""percent\""""]","Help me forecast total share return including dividends, measured in percent. Observations are weekly; I need 5 weeks ahead. I will upload CSV data."
base,natural_component,stocks,natural-v6-20261005/stocks/03,2,correction,forecast_horizon,normalization_only,True,False,"{""periods"":8,""unit"":""week""}","[""{\""periods\"":8.0,\""unit\"":\""week\""}""]","I changed my mind about the horizon. Forecast the next 8 weeks, please."
base,natural_component,stocks,natural-v6-20261005/stocks/03,2,correction,frequency,repeated_prior_fact,True,False,,"[""{\""periods\"":1.0,\""unit\"":\""week\""}""]","I changed my mind about the horizon. Forecast the next 8 weeks, please."
base,natural_component,stocks,natural-v6-20261005/stocks/03,2,correction,target_column,new_unmentioned_slot,True,False,,"[""\""total share return including dividends\""""]","I changed my mind about the horizon. Forecast the next 8 weeks, please."
base,natural_component,stocks,natural-v6-20261005/stocks/03,2,correction,target_unit,repeated_prior_fact,True,False,,"[""\""percent\""""]","I changed my mind about the horizon. Forecast the next 8 weeks, please."
base,natural_component,stocks,natural-v6-20261005/stocks/04,1,initial,forecast_horizon,wrong_status,True,False,"{""periods"":9,""unit"":""day""}","[""{\""periods\"":9,\""unit\"":\""day\""}""]","Forecast trading volume, measured in shares, from daily observations for the next 9 days. Read the target from volume_shares and the timestamp from trade_date."
base,natural_component,stocks,natural-v6-20261005/stocks/04,1,initial,frequency,absent_from_readable_emissions,True,False,"{""periods"":1,""unit"":""day""}",[],"Forecast trading volume, measured in shares, from daily observations for the next 9 days. Read the target from volume_shares and the timestamp from trade_date."
base,natural_component,stocks,natural-v6-20261005/stocks/04,1,initial,problem_statement,new_unmentioned_slot,True,False,,"[""\""Forecast trading volume, measured in shares, from daily observations for the next 9 days.\""""]","Forecast trading volume, measured in shares, from daily observations for the next 9 days. Read the target from volume_shares and the timestamp from trade_date."
base,natural_component,stocks,natural-v6-20261005/stocks/04,1,initial,target_column,wrong_status,True,False,"""volume_shares""","[""\""volume_shares\""""]","Forecast trading volume, measured in shares, from daily observations for the next 9 days. Read the target from volume_shares and the timestamp from trade_date."
base,natural_component,stocks,natural-v6-20261005/stocks/04,1,initial,target_description,absent_from_readable_emissions,True,False,"""trading volume""",[],"Forecast trading volume, measured in shares, from daily observations for the next 9 days. Read the target from volume_shares and the timestamp from trade_date."
base,natural_component,stocks,natural-v6-20261005/stocks/04,1,initial,target_unit,absent_from_readable_emissions,True,False,"""shares""",[],"Forecast trading volume, measured in shares, from daily observations for the next 9 days. Read the target from volume_shares and the timestamp from trade_date."
base,natural_component,stocks,natural-v6-20261005/stocks/04,1,initial,time_column,wrong_status,True,False,"""trade_date""","[""\""trade_date\""""]","Forecast trading volume, measured in shares, from daily observations for the next 9 days. Read the target from volume_shares and the timestamp from trade_date."
base,natural_component,stocks,natural-v6-20261005/stocks/04,2,correction,forecast_horizon,wrong_status,True,False,"{""periods"":12,""unit"":""day""}","[""{\""periods\"":12,\""unit\"":\""day\""}""]",That previous forecast horizon is wrong: make it 12 days.
base,natural_component,stocks,natural-v6-20261005/stocks/05,1,initial,forecast_horizon,wrong_status,True,False,"{""periods"":4,""unit"":""month""}","[""{\""periods\"":4,\""unit\"":\""month\""}""]","Please predict the dividend yield in percent. This series is monthly, and the horizon should be 4 months."
base,natural_component,stocks,natural-v6-20261005/stocks/05,1,initial,frequency,different_value_or_type_not_adjudicated_semantically,True,False,"{""periods"":1,""unit"":""month""}","[""{\""periods\"":1,\""unit\"":\""day\""}""]","Please predict the dividend yield in percent. This series is monthly, and the horizon should be 4 months."
base,natural_component,stocks,natural-v6-20261005/stocks/05,1,initial,problem_statement,new_unmentioned_slot,True,False,,"[""\""Please predict the dividend yield in percent.\""""]","Please predict the dividend yield in percent. This series is monthly, and the horizon should be 4 months."
base,natural_component,stocks,natural-v6-20261005/stocks/05,1,initial,target_description,absent_from_readable_emissions,True,False,"""dividend yield""",[],"Please predict the dividend yield in percent. This series is monthly, and the horizon should be 4 months."
base,natural_component,stocks,natural-v6-20261005/stocks/05,1,initial,target_unit,absent_from_readable_emissions,True,False,"""percent""",[],"Please predict the dividend yield in percent. This series is monthly, and the horizon should be 4 months."
base,natural_component,stocks,natural-v6-20261005/stocks/05,2,correction,forecast_horizon,wrong_status,True,False,"{""periods"":7,""unit"":""month""}","[""{\""periods\"":7,\""unit\"":\""month\""}""]",Please revise the forecast horizon to 7 months. Everything else stays the same.
base,natural_component,stocks,natural-v6-20261005/stocks/05,3,unknown,prediction_interval_levels,new_unmentioned_slot,True,False,,"[""null""]","Please leave timezone, seasonal periods and prediction interval levels unset. I do not know their values."
base,natural_component,stocks,natural-v6-20261005/stocks/05,3,unknown,seasonal_periods,new_unmentioned_slot,True,False,,"[""null""]","Please leave timezone, seasonal periods and prediction interval levels unset. I do not know their values."
base,natural_component,stocks,natural-v6-20261005/stocks/05,3,unknown,timezone,new_unmentioned_slot,True,False,,"[""null""]","Please leave timezone, seasonal periods and prediction interval levels unset. I do not know their values."
base,natural_component,stocks,natural-v6-20261005/stocks/06,1,initial,file_format,wrong_status,True,False,"""parquet""","[""\""parquet\""""]","I need a forecast of adjusted closing share price. It is in EUR per share, sampled hourly, and I want 16 hours ahead. The file format is parquet."
base,natural_component,stocks,natural-v6-20261005/stocks/06,1,initial,forecast_horizon,different_value_or_type_not_adjudicated_semantically,True,False,"{""periods"":16,""unit"":""hour""}","[""{\""periods\"":16,\""unit\"":\""day\""}""]","I need a forecast of adjusted closing share price. It is in EUR per share, sampled hourly, and I want 16 hours ahead. The file format is parquet."
base,natural_component,stocks,natural-v6-20261005/stocks/06,1,initial,frequency,wrong_status,True,False,"{""periods"":1,""unit"":""hour""}","[""{\""periods\"":1,\""unit\"":\""hour\""}""]","I need a forecast of adjusted closing share price. It is in EUR per share, sampled hourly, and I want 16 hours ahead. The file format is parquet."
base,natural_component,stocks,natural-v6-20261005/stocks/06,1,initial,problem_statement,new_unmentioned_slot,True,False,,"[""\""adjusted closing share price\""""]","I need a forecast of adjusted closing share price. It is in EUR per share, sampled hourly, and I want 16 hours ahead. The file format is parquet."
base,natural_component,stocks,natural-v6-20261005/stocks/06,1,initial,target_description,absent_from_readable_emissions,True,False,"""adjusted closing share price""",[],"I need a forecast of adjusted closing share price. It is in EUR per share, sampled hourly, and I want 16 hours ahead. The file format is parquet."
base,natural_component,stocks,natural-v6-20261005/stocks/06,1,initial,target_unit,different_value_or_type_not_adjudicated_semantically,True,False,"""EUR per share""","[""\""EUR\""""]","I need a forecast of adjusted closing share price. It is in EUR per share, sampled hourly, and I want 16 hours ahead. The file format is parquet."
base,natural_component,stocks,natural-v6-20261005/stocks/06,2,correction,forecast_horizon,wrong_status,True,False,"{""periods"":19,""unit"":""hour""}","[""{\""periods\"":19,\""unit\"":\""hour\""}""]",Use 19 hours for the forecast horizon instead of my earlier request.
base,natural_component,stocks,natural-v6-20261005/stocks/06,2,correction,frequency,repeated_prior_fact,True,False,,"[""{\""periods\"":1.0,\""unit\"":\""hour\""}""]",Use 19 hours for the forecast horizon instead of my earlier request.
base,natural_component,stocks,natural-v6-20261005/stocks/07,1,initial,forecast_horizon,wrong_status,True,False,"{""periods"":12,""unit"":""day""}","[""{\""periods\"":12,\""unit\"":\""day\""}""]",Could you forecast daily log share return in percent? There is one observation per day. Predict 12 days ahead but refresh the forecast every 3 days.
base,natural_component,stocks,natural-v6-20261005/stocks/07,1,initial,frequency,wrong_status,True,False,"{""periods"":1,""unit"":""day""}","[""{\""periods\"":1,\""unit\"":\""day\""}""]",Could you forecast daily log share return in percent? There is one observation per day. Predict 12 days ahead but refresh the forecast every 3 days.
base,natural_component,stocks,natural-v6-20261005/stocks/07,1,initial,prediction_frequency,absent_from_readable_emissions,True,False,"{""periods"":3,""unit"":""day""}",[],Could you forecast daily log share return in percent? There is one observation per day. Predict 12 days ahead but refresh the forecast every 3 days.
base,natural_component,stocks,natural-v6-20261005/stocks/07,1,initial,problem_statement,new_unmentioned_slot,True,False,,"[""\""log share return in percent\""""]",Could you forecast daily log share return in percent? There is one observation per day. Predict 12 days ahead but refresh the forecast every 3 days.
base,natural_component,stocks,natural-v6-20261005/stocks/07,1,initial,refresh_frequency,new_unmentioned_slot,True,False,,"[""{\""periods\"":3,\""unit\"":\""day\""}""]",Could you forecast daily log share return in percent? There is one observation per day. Predict 12 days ahead but refresh the forecast every 3 days.
base,natural_component,stocks,natural-v6-20261005/stocks/07,1,initial,target_description,absent_from_readable_emissions,True,False,"""daily log share return""",[],Could you forecast daily log share return in percent? There is one observation per day. Predict 12 days ahead but refresh the forecast every 3 days.
base,natural_component,stocks,natural-v6-20261005/stocks/07,1,initial,target_unit,absent_from_readable_emissions,True,False,"""percent""",[],Could you forecast daily log share return in percent? There is one observation per day. Predict 12 days ahead but refresh the forecast every 3 days.
base,natural_component,stocks,natural-v6-20261005/stocks/07,2,correction,forecast_horizon,normalization_only,True,False,"{""periods"":15,""unit"":""day""}","[""{\""periods\"":15.0,\""unit\"":\""day\""}""]",One correction to my specification: the forecast horizon is now 15 days.
base,natural_component,stocks,natural-v6-20261005/stocks/07,3,unknown,target_column,new_unmentioned_slot,True,False,,"[""\""daily log share return\""""]","No guesswork: I haven't decided the timezone, seasonal periods or prediction interval levels."
base,natural_component,stocks,natural-v6-20261005/stocks/07,3,unknown,target_unit,repeated_prior_fact,True,False,,"[""\""percent\""""]","No guesswork: I haven't decided the timezone, seasonal periods or prediction interval levels."
base,natural_component,stocks,natural-v6-20261005/stocks/08,1,initial,file_format,wrong_status,True,False,"""xlsx""","[""\""xlsx\""""]",I want to forecast ETF trading volume in shares. I have weekly data and need the next 6 weeks. I will upload the spreadsheet in xlsx format.
base,natural_component,stocks,natural-v6-20261005/stocks/08,1,initial,forecast_horizon,absent_from_readable_emissions,True,False,"{""periods"":6,""unit"":""week""}",[],I want to forecast ETF trading volume in shares. I have weekly data and need the next 6 weeks. I will upload the spreadsheet in xlsx format.
base,natural_component,stocks,natural-v6-20261005/stocks/08,1,initial,frequency,different_value_or_type_not_adjudicated_semantically,True,False,"{""periods"":1,""unit"":""week""}","[""{\""periods\"":6,\""unit\"":\""week\""}""]",I want to forecast ETF trading volume in shares. I have weekly data and need the next 6 weeks. I will upload the spreadsheet in xlsx format.
base,natural_component,stocks,natural-v6-20261005/stocks/08,1,initial,problem_statement,new_unmentioned_slot,True,False,,"[""\""ETF trading volume in shares\""""]",I want to forecast ETF trading volume in shares. I have weekly data and need the next 6 weeks. I will upload the spreadsheet in xlsx format.
base,natural_component,stocks,natural-v6-20261005/stocks/08,1,initial,source_mode,wrong_status,True,False,"""upload""","[""\""upload\""""]",I want to forecast ETF trading volume in shares. I have weekly data and need the next 6 weeks. I will upload the spreadsheet in xlsx format.
base,natural_component,stocks,natural-v6-20261005/stocks/08,1,initial,target_column,new_unmentioned_slot,True,False,,"[""\""trading volume\""""]",I want to forecast ETF trading volume in shares. I have weekly data and need the next 6 weeks. I will upload the spreadsheet in xlsx format.
base,natural_component,stocks,natural-v6-20261005/stocks/08,1,initial,target_description,absent_from_readable_emissions,True,False,"""ETF trading volume""",[],I want to forecast ETF trading volume in shares. I have weekly data and need the next 6 weeks. I will upload the spreadsheet in xlsx format.
base,natural_component,stocks,natural-v6-20261005/stocks/08,1,initial,target_unit,wrong_status,True,False,"""shares""","[""\""shares\""""]",I want to forecast ETF trading volume in shares. I have weekly data and need the next 6 weeks. I will upload the spreadsheet in xlsx format.
base,natural_component,stocks,natural-v6-20261005/stocks/08,2,correction,forecast_horizon,different_value_or_type_not_adjudicated_semantically,True,False,"{""periods"":9,""unit"":""week""}","[""{\""periods\"":9.0,\""unit\"":\""week\""}""]",Replace the horizon I gave you with 9 weeks.
base,natural_component,stocks,natural-v6-20261005/stocks/08,2,correction,frequency,repeated_prior_fact,True,False,,"[""{\""periods\"":1.0,\""unit\"":\""week\""}""]",Replace the horizon I gave you with 9 weeks.
base,natural_component,stocks,natural-v6-20261005/stocks/08,3,unknown,prediction_interval_levels,new_unmentioned_slot,True,False,,"[""\""unknown\""""]","Those details are still unknown: timezone, seasonal periods and prediction interval levels. I cannot give you an authentication reference."
base,natural_component,stocks,natural-v6-20261005/stocks/08,3,unknown,seasonal_periods,new_unmentioned_slot,True,False,,"[""\""unknown\""""]","Those details are still unknown: timezone, seasonal periods and prediction interval levels. I cannot give you an authentication reference."
base,natural_component,stocks,natural-v6-20261005/stocks/08,3,unknown,timezone,new_unmentioned_slot,True,False,,"[""\""unknown\""""]","Those details are still unknown: timezone, seasonal periods and prediction interval levels. I cannot give you an authentication reference."
base,natural_component,crypto,natural-v6-20261005/crypto/01,1,initial,forecast_horizon,absent_from_readable_emissions,True,False,"{""periods"":20,""unit"":""hour""}",[],"Can you forecast BTC/USD spot price in USD per BTC? My observations are hourly and I want 20 hours ahead, not a futures price."
base,natural_component,crypto,natural-v6-20261005/crypto/01,1,initial,frequency,different_value_or_type_not_adjudicated_semantically,True,False,"{""periods"":1,""unit"":""hour""}","[""{\""periods\"":20,\""unit\"":\""hour\""}""]","Can you forecast BTC/USD spot price in USD per BTC? My observations are hourly and I want 20 hours ahead, not a futures price."
base,natural_component,crypto,natural-v6-20261005/crypto/01,1,initial,problem_statement,new_unmentioned_slot,True,False,,"[""\""BTC/USD spot price\""""]","Can you forecast BTC/USD spot price in USD per BTC? My observations are hourly and I want 20 hours ahead, not a futures price."
base,natural_component,crypto,natural-v6-20261005/crypto/01,1,initial,target_description,absent_from_readable_emissions,True,False,"""BTC/USD spot price""",[],"Can you forecast BTC/USD spot price in USD per BTC? My observations are hourly and I want 20 hours ahead, not a futures price."
base,natural_component,crypto,natural-v6-20261005/crypto/01,1,initial,target_unit,different_value_or_type_not_adjudicated_semantically,True,False,"""USD per BTC""","[""\""USD\""""]","Can you forecast BTC/USD spot price in USD per BTC? My observations are hourly and I want 20 hours ahead, not a futures price."
base,natural_component,crypto,natural-v6-20261005/crypto/01,2,correction,forecast_horizon,wrong_status,True,False,"{""periods"":23,""unit"":""hour""}","[""{\""periods\"":23,\""unit\"":\""hour\""}""]","Actually, change the forecast horizon to 23 hours instead. Leave the other requirements alone."
base,natural_component,crypto,natural-v6-20261005/crypto/01,3,unknown,target_column,new_unmentioned_slot,True,False,,"[""\""BTC/USD spot price\""""]","I do not know the timezone, seasonal periods or prediction interval levels yet. Ask me; do not fill them in."
base,natural_component,crypto,natural-v6-20261005/crypto/01,3,unknown,target_unit,repeated_prior_fact,True,False,,"[""\""USD per BTC\""""]","I do not know the timezone, seasonal periods or prediction interval levels yet. Ask me; do not fill them in."
base,natural_component,crypto,natural-v6-20261005/crypto/02,1,initial,forecast_horizon,wrong_status,True,False,"{""periods"":14,""unit"":""hour""}","[""{\""periods\"":14,\""unit\"":\""hour\""}""]","Please predict ETH trading volume, in ETH, using observations every 2 hours. I need the next 14 hours."
base,natural_component,crypto,natural-v6-20261005/crypto/02,1,initial,frequency,wrong_status,True,False,"{""periods"":2,""unit"":""hour""}","[""{\""periods\"":2,\""unit\"":\""hour\""}""]","Please predict ETH trading volume, in ETH, using observations every 2 hours. I need the next 14 hours."
base,natural_component,crypto,natural-v6-20261005/crypto/02,1,initial,problem_statement,new_unmentioned_slot,True,False,,"[""\""Please predict ETH trading volume, in ETH, using observations every 2 hours. I need the next 14 hours.\""""]","Please predict ETH trading volume, in ETH, using observations every 2 hours. I need the next 14 hours."
base,natural_component,crypto,natural-v6-20261005/crypto/02,1,initial,target_column,new_unmentioned_slot,True,False,,"[""\""ETH trading volume\""""]","Please predict ETH trading volume, in ETH, using observations every 2 hours. I need the next 14 hours."
base,natural_component,crypto,natural-v6-20261005/crypto/02,1,initial,target_description,absent_from_readable_emissions,True,False,"""ETH trading volume""",[],"Please predict ETH trading volume, in ETH, using observations every 2 hours. I need the next 14 hours."
base,natural_component,crypto,natural-v6-20261005/crypto/02,1,initial,target_unit,wrong_status,True,False,"""ETH""","[""\""ETH\""""]","Please predict ETH trading volume, in ETH, using observations every 2 hours. I need the next 14 hours."
base,natural_component,crypto,natural-v6-20261005/crypto/02,2,correction,forecast_horizon,exact_readable_content,True,False,"{""periods"":17,""unit"":""hour""}","[""{\""periods\"":17,\""unit\"":\""hour\""}""]","Correction: I need 17 hours ahead, replacing the earlier horizon."
base,natural_component,crypto,natural-v6-20261005/crypto/02,2,correction,frequency,repeated_prior_fact,True,False,,"[""{\""periods\"":2.0,\""unit\"":\""hour\""}""]","Correction: I need 17 hours ahead, replacing the earlier horizon."
base,natural_component,crypto,natural-v6-20261005/crypto/02,3,unknown,authentication_reference,new_unmentioned_slot,True,False,,"[""\""undecided\""""]","Timezone is undecided, and I haven't chosen seasonal periods or prediction interval levels. I don't have credentials to share either."
base,natural_component,crypto,natural-v6-20261005/crypto/02,3,unknown,prediction_interval_levels,new_unmentioned_slot,True,False,,"[""\""undecided\""""]","Timezone is undecided, and I haven't chosen seasonal periods or prediction interval levels. I don't have credentials to share either."
base,natural_component,crypto,natural-v6-20261005/crypto/02,3,unknown,seasonal_periods,new_unmentioned_slot,True,False,,"[""\""undecided\""""]","Timezone is undecided, and I haven't chosen seasonal periods or prediction interval levels. I don't have credentials to share either."
base,natural_component,crypto,natural-v6-20261005/crypto/02,3,unknown,timezone,new_unmentioned_slot,True,False,,"[""\""undecided\""""]","Timezone is undecided, and I haven't chosen seasonal periods or prediction interval levels. I don't have credentials to share either."
base,natural_component,crypto,natural-v6-20261005/crypto/03,1,initial,file_format,wrong_status,True,False,"""csv""","[""\""csv\""""]",Help me forecast perpetual-swap funding rate. Units are percent per 8 hours and observations come every 8 hours. Look ahead 48 hours. I will upload CSV data.
base,natural_component,crypto,natural-v6-20261005/crypto/03,1,initial,forecast_horizon,different_value_or_type_not_adjudicated_semantically,True,False,"{""periods"":48,""unit"":""hour""}","[""{\""periods\"":48,\""unit\"":\""hours\""}""]",Help me forecast perpetual-swap funding rate. Units are percent per 8 hours and observations come every 8 hours. Look ahead 48 hours. I will upload CSV data.
base,natural_component,crypto,natural-v6-20261005/crypto/03,1,initial,frequency,different_value_or_type_not_adjudicated_semantically,True,False,"{""periods"":8,""unit"":""hour""}","[""{\""periods\"":1,\""unit\"":\""8 hours\""}""]",Help me forecast perpetual-swap funding rate. Units are percent per 8 hours and observations come every 8 hours. Look ahead 48 hours. I will upload CSV data.
base,natural_component,crypto,natural-v6-20261005/crypto/03,1,initial,output_format,new_unmentioned_slot,True,False,,"[""\""csv\""""]",Help me forecast perpetual-swap funding rate. Units are percent per 8 hours and observations come every 8 hours. Look ahead 48 hours. I will upload CSV data.
base,natural_component,crypto,natural-v6-20261005/crypto/03,1,initial,problem_statement,new_unmentioned_slot,True,False,,"[""\""perpetual-swap funding rate\""""]",Help me forecast perpetual-swap funding rate. Units are percent per 8 hours and observations come every 8 hours. Look ahead 48 hours. I will upload CSV data.
base,natural_component,crypto,natural-v6-20261005/crypto/03,1,initial,source_mode,wrong_status,True,False,"""upload""","[""\""upload\""""]",Help me forecast perpetual-swap funding rate. Units are percent per 8 hours and observations come every 8 hours. Look ahead 48 hours. I will upload CSV data.
base,natural_component,crypto,natural-v6-20261005/crypto/03,1,initial,target_description,absent_from_readable_emissions,True,False,"""perpetual-swap funding rate""",[],Help me forecast perpetual-swap funding rate. Units are percent per 8 hours and observations come every 8 hours. Look ahead 48 hours. I will upload CSV data.
base,natural_component,crypto,natural-v6-20261005/crypto/03,1,initial,target_unit,different_value_or_type_not_adjudicated_semantically,True,False,"""percent per 8 hours""","[""\""percent\""""]",Help me forecast perpetual-swap funding rate. Units are percent per 8 hours and observations come every 8 hours. Look ahead 48 hours. I will upload CSV data.
base,natural_component,crypto,natural-v6-20261005/crypto/03,2,correction,forecast_horizon,normalization_only,True,False,"{""periods"":51,""unit"":""hour""}","[""{\""periods\"":51.0,\""unit\"":\""hour\""}""]","I changed my mind about the horizon. Forecast the next 51 hours, please."
base,natural_component,crypto,natural-v6-20261005/crypto/03,2,correction,frequency,new_unmentioned_slot,True,False,,"[""{\""periods\"":51.0,\""unit\"":\""hour\""}""]","I changed my mind about the horizon. Forecast the next 51 hours, please."
base,natural_component,crypto,natural-v6-20261005/crypto/03,2,correction,target_column,new_unmentioned_slot,True,False,,"[""\""perpetual-swap funding rate\""""]","I changed my mind about the horizon. Forecast the next 51 hours, please."
base,natural_component,crypto,natural-v6-20261005/crypto/03,2,correction,target_unit,repeated_prior_fact,True,False,,"[""\""percent per 8 hours\""""]","I changed my mind about the horizon. Forecast the next 51 hours, please."
base,natural_component,crypto,natural-v6-20261005/crypto/03,3,unknown,target_column,new_unmentioned_slot,True,False,,"[""\""perpetual-swap funding rate\""""]",I cannot tell you the timezone yet. Seasonal periods and prediction interval levels are unknown too.
base,natural_component,crypto,natural-v6-20261005/crypto/03,3,unknown,target_unit,repeated_prior_fact,True,False,,"[""\""percent per 8 hours\""""]",I cannot tell you the timezone yet. Seasonal periods and prediction interval levels are unknown too.
base,natural_component,crypto,natural-v6-20261005/crypto/04,1,initial,forecast_horizon,different_value_or_type_not_adjudicated_semantically,True,False,"{""periods"":30,""unit"":""hour""}","[""{\""periods\"":30,\""unit\"":\""day\""}""]",I need a forecast of futures open interest in contracts. This is hourly data and the horizon is 30 hours. Read open_contracts as the target and event_time as the timestamp.
base,natural_component,crypto,natural-v6-20261005/crypto/04,1,initial,frequency,wrong_status,True,False,"{""periods"":1,""unit"":""hour""}","[""{\""periods\"":1,\""unit\"":\""hour\""}""]",I need a forecast of futures open interest in contracts. This is hourly data and the horizon is 30 hours. Read open_contracts as the target and event_time as the timestamp.
base,natural_component,crypto,natural-v6-20261005/crypto/04,1,initial,problem_statement,new_unmentioned_slot,True,False,,"[""\""futures open interest\""""]",I need a forecast of futures open interest in contracts. This is hourly data and the horizon is 30 hours. Read open_contracts as the target and event_time as the timestamp.
base,natural_component,crypto,natural-v6-20261005/crypto/04,1,initial,target_column,wrong_status,True,False,"""open_contracts""","[""\""open_contracts\""""]",I need a forecast of futures open interest in contracts. This is hourly data and the horizon is 30 hours. Read open_contracts as the target and event_time as the timestamp.
base,natural_component,crypto,natural-v6-20261005/crypto/04,1,initial,target_description,absent_from_readable_emissions,True,False,"""futures open interest""",[],I need a forecast of futures open interest in contracts. This is hourly data and the horizon is 30 hours. Read open_contracts as the target and event_time as the timestamp.
base,natural_component,crypto,natural-v6-20261005/crypto/04,1,initial,target_unit,absent_from_readable_emissions,True,False,"""contracts""",[],I need a forecast of futures open interest in contracts. This is hourly data and the horizon is 30 hours. Read open_contracts as the target and event_time as the timestamp.
base,natural_component,crypto,natural-v6-20261005/crypto/04,1,initial,time_column,wrong_status,True,False,"""event_time""","[""\""event_time\""""]",I need a forecast of futures open interest in contracts. This is hourly data and the horizon is 30 hours. Read open_contracts as the target and event_time as the timestamp.
base,natural_component,crypto,natural-v6-20261005/crypto/04,2,correction,forecast_horizon,wrong_status,True,False,"{""periods"":33,""unit"":""hour""}","[""{\""periods\"":33,\""unit\"":\""hour\""}""]",That previous forecast horizon is wrong: make it 33 hours.
base,natural_component,crypto,natural-v6-20261005/crypto/05,1,initial,allow_negative_values,new_unmentioned_slot,True,False,,"[""false""]","Please forecast realized volatility, in percent per year, from daily observations for the next 7 days."
base,natural_component,crypto,natural-v6-20261005/crypto/05,1,initial,calendar_type,new_unmentioned_slot,True,False,,"[""\""calendar\""""]","Please forecast realized volatility, in percent per year, from daily observations for the next 7 days."
base,natural_component,crypto,natural-v6-20261005/crypto/05,1,initial,forecast_horizon,wrong_status,True,False,"{""periods"":7,""unit"":""day""}","[""{\""periods\"":7,\""unit\"":\""day\""}""]","Please forecast realized volatility, in percent per year, from daily observations for the next 7 days."
base,natural_component,crypto,natural-v6-20261005/crypto/05,1,initial,frequency,different_value_or_type_not_adjudicated_semantically,True,False,"{""periods"":1,""unit"":""day""}","[""{\""periods\"":7,\""unit\"":\""day\""}""]","Please forecast realized volatility, in percent per year, from daily observations for the next 7 days."
base,natural_component,crypto,natural-v6-20261005/crypto/05,1,initial,output_format,new_unmentioned_slot,True,False,,"[""\""json\""""]","Please forecast realized volatility, in percent per year, from daily observations for the next 7 days."
base,natural_component,crypto,natural-v6-20261005/crypto/05,1,initial,problem_statement,new_unmentioned_slot,True,False,,"[""\""realized volatility\""""]","Please forecast realized volatility, in percent per year, from daily observations for the next 7 days."
base,natural_component,crypto,natural-v6-20261005/crypto/05,1,initial,target_bounds,new_unmentioned_slot,True,False,,"[""{\""max\"":null,\""min\"":null}""]","Please forecast realized volatility, in percent per year, from daily observations for the next 7 days."
base,natural_component,crypto,natural-v6-20261005/crypto/05,1,initial,target_description,different_value_or_type_not_adjudicated_semantically,True,False,"""realized volatility""","[""\""volatility\""""]","Please forecast realized volatility, in percent per year, from daily observations for the next 7 days."
base,natural_component,crypto,natural-v6-20261005/crypto/05,1,initial,target_unit,different_value_or_type_not_adjudicated_semantically,True,False,"""percent per year""","[""\""percent\""""]","Please forecast realized volatility, in percent per year, from daily observations for the next 7 days."
base,natural_component,crypto,natural-v6-20261005/crypto/05,1,initial,time_column,new_unmentioned_slot,True,False,,"[""\""date\""""]","Please forecast realized volatility, in percent per year, from daily observations for the next 7 days."
base,natural_component,crypto,natural-v6-20261005/crypto/05,2,correction,forecast_horizon,different_value_or_type_not_adjudicated_semantically,True,False,"{""periods"":10,""unit"":""day""}","[""{\""periods\"":10.0,\""unit\"":\""day\""}""]",Please revise the forecast horizon to 10 days. Everything else stays the same.
base,natural_component,crypto,natural-v6-20261005/crypto/05,3,unknown,prediction_interval_levels,new_unmentioned_slot,True,False,,"[""null""]","Please leave timezone, seasonal periods and prediction interval levels unset. I do not know their values."
base,natural_component,crypto,natural-v6-20261005/crypto/05,3,unknown,seasonal_periods,new_unmentioned_slot,True,False,,"[""null""]","Please leave timezone, seasonal periods and prediction interval levels unset. I do not know their values."
base,natural_component,crypto,natural-v6-20261005/crypto/05,3,unknown,timezone,new_unmentioned_slot,True,False,,"[""null""]","Please leave timezone, seasonal periods and prediction interval levels unset. I do not know their values."
base,natural_component,crypto,natural-v6-20261005/crypto/06,1,initial,file_format,wrong_status,True,False,"""parquet""","[""\""parquet\""""]","Predict futures-minus-spot basis, measured in basis points. Each observation is 1 hour apart; I need a 2 day horizon. The file will be parquet."
base,natural_component,crypto,natural-v6-20261005/crypto/06,1,initial,forecast_horizon,wrong_status,True,False,"{""periods"":2,""unit"":""day""}","[""{\""periods\"":2,\""unit\"":\""day\""}""]","Predict futures-minus-spot basis, measured in basis points. Each observation is 1 hour apart; I need a 2 day horizon. The file will be parquet."
base,natural_component,crypto,natural-v6-20261005/crypto/06,1,initial,frequency,wrong_status,True,False,"{""periods"":1,""unit"":""hour""}","[""{\""periods\"":1,\""unit\"":\""hour\""}""]","Predict futures-minus-spot basis, measured in basis points. Each observation is 1 hour apart; I need a 2 day horizon. The file will be parquet."
base,natural_component,crypto,natural-v6-20261005/crypto/06,1,initial,problem_statement,new_unmentioned_slot,True,False,,"[""\""futures-minus-spot basis\""""]","Predict futures-minus-spot basis, measured in basis points. Each observation is 1 hour apart; I need a 2 day horizon. The file will be parquet."
base,natural_component,crypto,natural-v6-20261005/crypto/06,1,initial,source_mode,new_unmentioned_slot,True,False,,"[""\""upload\""""]","Predict futures-minus-spot basis, measured in basis points. Each observation is 1 hour apart; I need a 2 day horizon. The file will be parquet."
base,natural_component,crypto,natural-v6-20261005/crypto/06,1,initial,target_description,absent_from_readable_emissions,True,False,"""futures-minus-spot basis""",[],"Predict futures-minus-spot basis, measured in basis points. Each observation is 1 hour apart; I need a 2 day horizon. The file will be parquet."
base,natural_component,crypto,natural-v6-20261005/crypto/06,1,initial,target_unit,wrong_status,True,False,"""basis points""","[""\""basis points\""""]","Predict futures-minus-spot basis, measured in basis points. Each observation is 1 hour apart; I need a 2 day horizon. The file will be parquet."
base,natural_component,crypto,natural-v6-20261005/crypto/06,2,correction,forecast_horizon,different_value_or_type_not_adjudicated_semantically,True,False,"{""periods"":5,""unit"":""day""}","[""{\""periods\"":5.0,\""unit\"":\""day\""}""]",Use 5 days for the forecast horizon instead of my earlier request.
base,natural_component,crypto,natural-v6-20261005/crypto/07,1,initial,forecast_horizon,wrong_status,True,False,"{""periods"":18,""unit"":""hour""}","[""{\""periods\"":18,\""unit\"":\""hour\""}""]","Can you forecast BTC log return in percent? I have one observation every hour. Predict 18 hours ahead, but make a fresh forecast every 6 hours."
base,natural_component,crypto,natural-v6-20261005/crypto/07,1,initial,frequency,wrong_status,True,False,"{""periods"":1,""unit"":""hour""}","[""{\""periods\"":1,\""unit\"":\""hour\""}""]","Can you forecast BTC log return in percent? I have one observation every hour. Predict 18 hours ahead, but make a fresh forecast every 6 hours."
base,natural_component,crypto,natural-v6-20261005/crypto/07,1,initial,prediction_frequency,wrong_status,True,False,"{""periods"":6,""unit"":""hour""}","[""{\""periods\"":6,\""unit\"":\""hour\""}""]","Can you forecast BTC log return in percent? I have one observation every hour. Predict 18 hours ahead, but make a fresh forecast every 6 hours."
base,natural_component,crypto,natural-v6-20261005/crypto/07,1,initial,problem_statement,new_unmentioned_slot,True,False,,"[""\""BTC log return in percent\""""]","Can you forecast BTC log return in percent? I have one observation every hour. Predict 18 hours ahead, but make a fresh forecast every 6 hours."
base,natural_component,crypto,natural-v6-20261005/crypto/07,1,initial,target_description,absent_from_readable_emissions,True,False,"""BTC log return""",[],"Can you forecast BTC log return in percent? I have one observation every hour. Predict 18 hours ahead, but make a fresh forecast every 6 hours."
base,natural_component,crypto,natural-v6-20261005/crypto/07,1,initial,target_unit,absent_from_readable_emissions,True,False,"""percent""",[],"Can you forecast BTC log return in percent? I have one observation every hour. Predict 18 hours ahead, but make a fresh forecast every 6 hours."
base,natural_component,crypto,natural-v6-20261005/crypto/07,2,correction,forecast_horizon,normalization_only,True,False,"{""periods"":21,""unit"":""hour""}","[""{\""periods\"":21.0,\""unit\"":\""hour\""}""]",One correction to my specification: the forecast horizon is now 21 hours.
base,natural_component,crypto,natural-v6-20261005/crypto/08,1,initial,file_format,wrong_status,True,False,"""json""","[""\""json\""""]",I want a forecast of digital-asset market capitalization in millions of USD. We observe it daily and need 15 days ahead. I will upload JSON data.
base,natural_component,crypto,natural-v6-20261005/crypto/08,1,initial,forecast_horizon,wrong_status,True,False,"{""periods"":15,""unit"":""day""}","[""{\""periods\"":15,\""unit\"":\""day\""}""]",I want a forecast of digital-asset market capitalization in millions of USD. We observe it daily and need 15 days ahead. I will upload JSON data.
base,natural_component,crypto,natural-v6-20261005/crypto/08,1,initial,frequency,wrong_status,True,False,"{""periods"":1,""unit"":""day""}","[""{\""periods\"":1,\""unit\"":\""day\""}""]",I want a forecast of digital-asset market capitalization in millions of USD. We observe it daily and need 15 days ahead. I will upload JSON data.
base,natural_component,crypto,natural-v6-20261005/crypto/08,1,initial,problem_statement,new_unmentioned_slot,True,False,,"[""\""digital-asset market capitalization\""""]",I want a forecast of digital-asset market capitalization in millions of USD. We observe it daily and need 15 days ahead. I will upload JSON data.
base,natural_component,crypto,natural-v6-20261005/crypto/08,1,initial,source_mode,wrong_status,True,False,"""upload""","[""\""upload\""""]",I want a forecast of digital-asset market capitalization in millions of USD. We observe it daily and need 15 days ahead. I will upload JSON data.
base,natural_component,crypto,natural-v6-20261005/crypto/08,1,initial,target_description,absent_from_readable_emissions,True,False,"""digital-asset market capitalization""",[],I want a forecast of digital-asset market capitalization in millions of USD. We observe it daily and need 15 days ahead. I will upload JSON data.
base,natural_component,crypto,natural-v6-20261005/crypto/08,1,initial,target_unit,wrong_status,True,False,"""millions of USD""","[""\""millions of USD\""""]",I want a forecast of digital-asset market capitalization in millions of USD. We observe it daily and need 15 days ahead. I will upload JSON data.
base,natural_component,crypto,natural-v6-20261005/crypto/08,2,correction,forecast_horizon,different_value_or_type_not_adjudicated_semantically,True,False,"{""periods"":18,""unit"":""day""}","[""{\""periods\"":18.0,\""unit\"":\""day\""}""]",Replace the horizon I gave you with 18 days.
base,natural_component,crypto,natural-v6-20261005/crypto/08,3,unknown,prediction_interval_levels,new_unmentioned_slot,True,False,,"[""\""unknown\""""]","Those details are still unknown: timezone, seasonal periods and prediction interval levels. I cannot give you an authentication reference."
base,natural_component,crypto,natural-v6-20261005/crypto/08,3,unknown,seasonal_periods,new_unmentioned_slot,True,False,,"[""\""unknown\""""]","Those details are still unknown: timezone, seasonal periods and prediction interval levels. I cannot give you an authentication reference."
base,natural_component,crypto,natural-v6-20261005/crypto/08,3,unknown,timezone,new_unmentioned_slot,True,False,,"[""\""unknown\""""]","Those details are still unknown: timezone, seasonal periods and prediction interval levels. I cannot give you an authentication reference."
base,natural_rollout,weather,natural-v6-20261005/weather/01,1,initial,file_format,wrong_status,True,False,"""csv""","[""\""csv\""""]","Could you forecast afternoon air temperature? My readings are daily, in degrees Celsius, and I need the next 5 days. The file is CSV."
base,natural_rollout,weather,natural-v6-20261005/weather/01,1,initial,forecast_horizon,absent_from_readable_emissions,True,False,"{""periods"":5,""unit"":""day""}",[],"Could you forecast afternoon air temperature? My readings are daily, in degrees Celsius, and I need the next 5 days. The file is CSV."
base,natural_rollout,weather,natural-v6-20261005/weather/01,1,initial,frequency,different_value_or_type_not_adjudicated_semantically,True,False,"{""periods"":1,""unit"":""day""}","[""{\""periods\"":5,\""unit\"":\""day\""}""]","Could you forecast afternoon air temperature? My readings are daily, in degrees Celsius, and I need the next 5 days. The file is CSV."
base,natural_rollout,weather,natural-v6-20261005/weather/01,1,initial,output_format,new_unmentioned_slot,True,False,,"[""\""csv\""""]","Could you forecast afternoon air temperature? My readings are daily, in degrees Celsius, and I need the next 5 days. The file is CSV."
base,natural_rollout,weather,natural-v6-20261005/weather/01,1,initial,problem_statement,new_unmentioned_slot,True,False,,"[""\""afternoon air temperature\""""]","Could you forecast afternoon air temperature? My readings are daily, in degrees Celsius, and I need the next 5 days. The file is CSV."
base,natural_rollout,weather,natural-v6-20261005/weather/01,1,initial,source_mode,new_unmentioned_slot,True,False,,"[""\""upload\""""]","Could you forecast afternoon air temperature? My readings are daily, in degrees Celsius, and I need the next 5 days. The file is CSV."
base,natural_rollout,weather,natural-v6-20261005/weather/01,1,initial,target_description,absent_from_readable_emissions,True,False,"""afternoon air temperature""",[],"Could you forecast afternoon air temperature? My readings are daily, in degrees Celsius, and I need the next 5 days. The file is CSV."
base,natural_rollout,weather,natural-v6-20261005/weather/01,1,initial,target_unit,wrong_status,True,False,"""degrees Celsius""","[""\""degrees Celsius\""""]","Could you forecast afternoon air temperature? My readings are daily, in degrees Celsius, and I need the next 5 days. The file is CSV."
base,natural_rollout,weather,natural-v6-20261005/weather/01,2,correction,forecast_horizon,different_value_or_type_not_adjudicated_semantically,True,False,"{""periods"":8,""unit"":""day""}","[""\""8 days\""""]","Actually, change the forecast horizon to 8 days instead. Leave the other requirements alone."
base,natural_rollout,weather,natural-v6-20261005/weather/01,3,unknown,prediction_interval_levels,new_unmentioned_slot,True,False,,"[""\""unknown\""""]","I do not know the timezone, seasonal periods or prediction interval levels yet. Ask me; do not fill them in."
base,natural_rollout,weather,natural-v6-20261005/weather/01,3,unknown,seasonal_periods,new_unmentioned_slot,True,False,,"[""\""unknown\""""]","I do not know the timezone, seasonal periods or prediction interval levels yet. Ask me; do not fill them in."
base,natural_rollout,weather,natural-v6-20261005/weather/01,3,unknown,timezone,new_unmentioned_slot,True,False,,"[""\""unknown\""""]","I do not know the timezone, seasonal periods or prediction interval levels yet. Ask me; do not fill them in."
base,natural_rollout,weather,natural-v6-20261005/weather/02,1,initial,forecast_horizon,wrong_status,True,False,"{""periods"":36,""unit"":""hour""}","[""{\""periods\"":36,\""unit\"":\""hour\""}""]","Rain is what I care about: please predict accumulated rainfall, measured in millimetres. I have hourly readings and want 36 hours ahead."
base,natural_rollout,weather,natural-v6-20261005/weather/02,1,initial,frequency,absent_from_readable_emissions,True,False,"{""periods"":1,""unit"":""hour""}",[],"Rain is what I care about: please predict accumulated rainfall, measured in millimetres. I have hourly readings and want 36 hours ahead."
base,natural_rollout,weather,natural-v6-20261005/weather/02,1,initial,problem_statement,new_unmentioned_slot,True,False,,"[""\""Rain is what I care about\""""]","Rain is what I care about: please predict accumulated rainfall, measured in millimetres. I have hourly readings and want 36 hours ahead."
base,natural_rollout,weather,natural-v6-20261005/weather/02,1,initial,target_description,absent_from_readable_emissions,True,False,"""accumulated rainfall""",[],"Rain is what I care about: please predict accumulated rainfall, measured in millimetres. I have hourly readings and want 36 hours ahead."
base,natural_rollout,weather,natural-v6-20261005/weather/02,1,initial,target_unit,wrong_status,True,False,"""millimetres""","[""\""millimetres\""""]","Rain is what I care about: please predict accumulated rainfall, measured in millimetres. I have hourly readings and want 36 hours ahead."
base,natural_rollout,weather,natural-v6-20261005/weather/02,2,correction,forecast_horizon,different_value_or_type_not_adjudicated_semantically,True,True,"{""periods"":39,""unit"":""hour""}","[""39""]","Correction: I need 39 hours ahead, replacing the earlier horizon."
base,natural_rollout,weather,natural-v6-20261005/weather/02,3,unknown,authentication_reference,new_unmentioned_slot,True,False,,"[""\""undecided\""""]","Timezone is undecided, and I haven't chosen seasonal periods or prediction interval levels. I don't have credentials to share either."
base,natural_rollout,weather,natural-v6-20261005/weather/02,3,unknown,prediction_interval_levels,new_unmentioned_slot,True,False,,"[""\""undecided\""""]","Timezone is undecided, and I haven't chosen seasonal periods or prediction interval levels. I don't have credentials to share either."
base,natural_rollout,weather,natural-v6-20261005/weather/02,3,unknown,seasonal_periods,new_unmentioned_slot,True,False,,"[""\""undecided\""""]","Timezone is undecided, and I haven't chosen seasonal periods or prediction interval levels. I don't have credentials to share either."
base,natural_rollout,weather,natural-v6-20261005/weather/02,3,unknown,timezone,new_unmentioned_slot,True,False,,"[""\""undecided\""""]","Timezone is undecided, and I haven't chosen seasonal periods or prediction interval levels. I don't have credentials to share either."
base,natural_rollout,weather,natural-v6-20261005/weather/03,1,initial,file_format,wrong_status,True,False,"""parquet""","[""\""parquet\""""]","I need a forecast of peak wind speed in metres per second, every hour, out to 12 hours. I will upload the data as parquet."
base,natural_rollout,weather,natural-v6-20261005/weather/03,1,initial,forecast_horizon,different_value_or_type_not_adjudicated_semantically,True,False,"{""periods"":12,""unit"":""hour""}","[""{\""periods\"":12,\""unit\"":\""day\""}""]","I need a forecast of peak wind speed in metres per second, every hour, out to 12 hours. I will upload the data as parquet."
base,natural_rollout,weather,natural-v6-20261005/weather/03,1,initial,frequency,wrong_status,True,False,"{""periods"":1,""unit"":""hour""}","[""{\""periods\"":1,\""unit\"":\""hour\""}""]","I need a forecast of peak wind speed in metres per second, every hour, out to 12 hours. I will upload the data as parquet."
base,natural_rollout,weather,natural-v6-20261005/weather/03,1,initial,problem_statement,new_unmentioned_slot,True,False,,"[""\""peak wind speed\""""]","I need a forecast of peak wind speed in metres per second, every hour, out to 12 hours. I will upload the data as parquet."
base,natural_rollout,weather,natural-v6-20261005/weather/03,1,initial,source_mode,wrong_status,True,False,"""upload""","[""\""upload\""""]","I need a forecast of peak wind speed in metres per second, every hour, out to 12 hours. I will upload the data as parquet."
base,natural_rollout,weather,natural-v6-20261005/weather/03,1,initial,target_description,absent_from_readable_emissions,True,False,"""peak wind speed""",[],"I need a forecast of peak wind speed in metres per second, every hour, out to 12 hours. I will upload the data as parquet."
base,natural_rollout,weather,natural-v6-20261005/weather/03,1,initial,target_unit,wrong_status,True,False,"""metres per second""","[""\""metres per second\""""]","I need a forecast of peak wind speed in metres per second, every hour, out to 12 hours. I will upload the data as parquet."
base,natural_rollout,weather,natural-v6-20261005/weather/03,2,correction,forecast_horizon,wrong_status,True,False,"{""periods"":15,""unit"":""hour""}","[""{\""periods\"":15,\""unit\"":\""hour\""}""]","I changed my mind about the horizon. Forecast the next 15 hours, please."
base,natural_rollout,weather,natural-v6-20261005/weather/03,2,correction,frequency,new_unmentioned_slot,True,False,,"[""{\""periods\"":1,\""unit\"":\""hour\""}""]","I changed my mind about the horizon. Forecast the next 15 hours, please."
base,natural_rollout,weather,natural-v6-20261005/weather/03,2,correction,problem_statement,new_unmentioned_slot,True,False,,"[""\""next 15 hours\""""]","I changed my mind about the horizon. Forecast the next 15 hours, please."
base,natural_rollout,weather,natural-v6-20261005/weather/03,2,correction,time_column,new_unmentioned_slot,True,False,,"[""\""next 15 hours\""""]","I changed my mind about the horizon. Forecast the next 15 hours, please."
base,natural_rollout,weather,natural-v6-20261005/weather/04,1,initial,forecast_horizon,wrong_status,True,False,"{""periods"":9,""unit"":""day""}","[""{\""periods\"":9,\""unit\"":\""day\""}""]","Help me predict relative humidity. It is in percent, observed daily; look ahead 9 days. Read humidity_pct as the target and observation_date as the timestamp."
base,natural_rollout,weather,natural-v6-20261005/weather/04,1,initial,frequency,wrong_status,True,False,"{""periods"":1,""unit"":""day""}","[""{\""periods\"":1,\""unit\"":\""day\""}""]","Help me predict relative humidity. It is in percent, observed daily; look ahead 9 days. Read humidity_pct as the target and observation_date as the timestamp."
base,natural_rollout,weather,natural-v6-20261005/weather/04,1,initial,problem_statement,new_unmentioned_slot,True,False,,"[""\""relative humidity\""""]","Help me predict relative humidity. It is in percent, observed daily; look ahead 9 days. Read humidity_pct as the target and observation_date as the timestamp."
base,natural_rollout,weather,natural-v6-20261005/weather/04,1,initial,target_column,absent_from_readable_emissions,True,False,"""humidity_pct""",[],"Help me predict relative humidity. It is in percent, observed daily; look ahead 9 days. Read humidity_pct as the target and observation_date as the timestamp."
base,natural_rollout,weather,natural-v6-20261005/weather/04,1,initial,target_description,absent_from_readable_emissions,True,False,"""relative humidity""",[],"Help me predict relative humidity. It is in percent, observed daily; look ahead 9 days. Read humidity_pct as the target and observation_date as the timestamp."
base,natural_rollout,weather,natural-v6-20261005/weather/04,1,initial,target_unit,wrong_status,True,False,"""percent""","[""\""percent\""""]","Help me predict relative humidity. It is in percent, observed daily; look ahead 9 days. Read humidity_pct as the target and observation_date as the timestamp."
base,natural_rollout,weather,natural-v6-20261005/weather/04,1,initial,time_column,absent_from_readable_emissions,True,False,"""observation_date""",[],"Help me predict relative humidity. It is in percent, observed daily; look ahead 9 days. Read humidity_pct as the target and observation_date as the timestamp."
base,natural_rollout,weather,natural-v6-20261005/weather/04,2,correction,forecast_horizon,different_value_or_type_not_adjudicated_semantically,True,False,"{""periods"":12,""unit"":""day""}","[""\""12 days\""""]",That previous forecast horizon is wrong: make it 12 days.
base,natural_rollout,weather,natural-v6-20261005/weather/04,3,unknown,prediction_interval_levels,new_unmentioned_slot,True,False,,"[""null""]",I haven't worked out the timezone or seasonal periods. We have no decision on prediction interval levels yet.
base,natural_rollout,weather,natural-v6-20261005/weather/04,3,unknown,seasonal_periods,new_unmentioned_slot,True,False,,"[""null""]",I haven't worked out the timezone or seasonal periods. We have no decision on prediction interval levels yet.
base,natural_rollout,weather,natural-v6-20261005/weather/04,3,unknown,timezone,new_unmentioned_slot,True,False,,"[""null""]",I haven't worked out the timezone or seasonal periods. We have no decision on prediction interval levels yet.
base,natural_rollout,weather,natural-v6-20261005/weather/05,1,initial,forecast_horizon,wrong_status,True,False,"{""periods"":18,""unit"":""hour""}","[""{\""periods\"":18,\""unit\"":\""hour\""}""]","What I want forecast is cloud cover, in percent. We record it every 3 hours. Please look 18 hours into the future."
base,natural_rollout,weather,natural-v6-20261005/weather/05,1,initial,frequency,wrong_status,True,False,"{""periods"":3,""unit"":""hour""}","[""{\""periods\"":3,\""unit\"":\""hour\""}""]","What I want forecast is cloud cover, in percent. We record it every 3 hours. Please look 18 hours into the future."
base,natural_rollout,weather,natural-v6-20261005/weather/05,1,initial,problem_statement,new_unmentioned_slot,True,False,,"[""\""cloud cover\""""]","What I want forecast is cloud cover, in percent. We record it every 3 hours. Please look 18 hours into the future."
base,natural_rollout,weather,natural-v6-20261005/weather/05,1,initial,target_description,absent_from_readable_emissions,True,False,"""cloud cover""",[],"What I want forecast is cloud cover, in percent. We record it every 3 hours. Please look 18 hours into the future."
base,natural_rollout,weather,natural-v6-20261005/weather/05,1,initial,target_unit,absent_from_readable_emissions,True,False,"""percent""",[],"What I want forecast is cloud cover, in percent. We record it every 3 hours. Please look 18 hours into the future."
base,natural_rollout,weather,natural-v6-20261005/weather/05,2,correction,forecast_horizon,different_value_or_type_not_adjudicated_semantically,True,False,"{""periods"":21,""unit"":""hour""}","[""\""21 hours\""""]",Please revise the forecast horizon to 21 hours. Everything else stays the same.
base,natural_rollout,weather,natural-v6-20261005/weather/05,3,unknown,prediction_interval_levels,new_unmentioned_slot,True,False,,"[""null""]","Please leave timezone, seasonal periods and prediction interval levels unset. I do not know their values."
base,natural_rollout,weather,natural-v6-20261005/weather/05,3,unknown,seasonal_periods,new_unmentioned_slot,True,False,,"[""null""]","Please leave timezone, seasonal periods and prediction interval levels unset. I do not know their values."
base,natural_rollout,weather,natural-v6-20261005/weather/05,3,unknown,timezone,new_unmentioned_slot,True,False,,"[""null""]","Please leave timezone, seasonal periods and prediction interval levels unset. I do not know their values."
base,natural_rollout,weather,natural-v6-20261005/weather/06,1,initial,forecast_horizon,wrong_status,True,False,"{""periods"":2,""unit"":""day""}","[""{\""periods\"":2,\""unit\"":\""day\""}""]",Can we forecast sea-level pressure? Values are in hectopascals and arrive every 6 hours. I need a 2 day horizon.
base,natural_rollout,weather,natural-v6-20261005/weather/06,1,initial,frequency,wrong_status,True,False,"{""periods"":6,""unit"":""hour""}","[""{\""periods\"":6,\""unit\"":\""hour\""}""]",Can we forecast sea-level pressure? Values are in hectopascals and arrive every 6 hours. I need a 2 day horizon.
base,natural_rollout,weather,natural-v6-20261005/weather/06,1,initial,problem_statement,new_unmentioned_slot,True,False,,"[""\""sea-level pressure\""""]",Can we forecast sea-level pressure? Values are in hectopascals and arrive every 6 hours. I need a 2 day horizon.
base,natural_rollout,weather,natural-v6-20261005/weather/06,1,initial,target_description,absent_from_readable_emissions,True,False,"""sea-level pressure""",[],Can we forecast sea-level pressure? Values are in hectopascals and arrive every 6 hours. I need a 2 day horizon.
base,natural_rollout,weather,natural-v6-20261005/weather/06,1,initial,target_unit,wrong_status,True,False,"""hectopascals""","[""\""hectopascals\""""]",Can we forecast sea-level pressure? Values are in hectopascals and arrive every 6 hours. I need a 2 day horizon.
base,natural_rollout,weather,natural-v6-20261005/weather/06,2,correction,forecast_horizon,different_value_or_type_not_adjudicated_semantically,True,False,"{""periods"":5,""unit"":""day""}","[""\""5 days\""""]",Use 5 days for the forecast horizon instead of my earlier request.
base,natural_rollout,weather,natural-v6-20261005/weather/06,3,unknown,prediction_interval_levels,new_unmentioned_slot,True,False,,"[""\""prediction_interval_levels\""""]","I need your questions about timezone, seasonal periods and prediction interval levels because I don't know them."
base,natural_rollout,weather,natural-v6-20261005/weather/06,3,unknown,seasonal_periods,new_unmentioned_slot,True,False,,"[""\""seasonal_periods\""""]","I need your questions about timezone, seasonal periods and prediction interval levels because I don't know them."
base,natural_rollout,weather,natural-v6-20261005/weather/06,3,unknown,timezone,new_unmentioned_slot,True,False,,"[""\""timezone\""""]","I need your questions about timezone, seasonal periods and prediction interval levels because I don't know them."
base,natural_rollout,weather,natural-v6-20261005/weather/07,1,initial,forecast_horizon,absent_from_readable_emissions,True,False,"{""periods"":8,""unit"":""day""}",[],"Please predict overnight minimum temperature in degrees Fahrenheit. Observations are daily. Forecast 8 days ahead, and generate a fresh forecast every 2 days."
base,natural_rollout,weather,natural-v6-20261005/weather/07,1,initial,frequency,different_value_or_type_not_adjudicated_semantically,True,False,"{""periods"":1,""unit"":""day""}","[""{\""periods\"":8,\""unit\"":\""day\""}""]","Please predict overnight minimum temperature in degrees Fahrenheit. Observations are daily. Forecast 8 days ahead, and generate a fresh forecast every 2 days."
base,natural_rollout,weather,natural-v6-20261005/weather/07,1,initial,prediction_frequency,wrong_status,True,False,"{""periods"":2,""unit"":""day""}","[""{\""periods\"":2,\""unit\"":\""day\""}""]","Please predict overnight minimum temperature in degrees Fahrenheit. Observations are daily. Forecast 8 days ahead, and generate a fresh forecast every 2 days."
base,natural_rollout,weather,natural-v6-20261005/weather/07,1,initial,problem_statement,new_unmentioned_slot,True,False,,"[""\""predict overnight minimum temperature\""""]","Please predict overnight minimum temperature in degrees Fahrenheit. Observations are daily. Forecast 8 days ahead, and generate a fresh forecast every 2 days."
base,natural_rollout,weather,natural-v6-20261005/weather/07,1,initial,target_description,absent_from_readable_emissions,True,False,"""overnight minimum temperature""",[],"Please predict overnight minimum temperature in degrees Fahrenheit. Observations are daily. Forecast 8 days ahead, and generate a fresh forecast every 2 days."
base,natural_rollout,weather,natural-v6-20261005/weather/07,1,initial,target_unit,wrong_status,True,False,"""degrees Fahrenheit""","[""\""degrees Fahrenheit\""""]","Please predict overnight minimum temperature in degrees Fahrenheit. Observations are daily. Forecast 8 days ahead, and generate a fresh forecast every 2 days."
base,natural_rollout,weather,natural-v6-20261005/weather/07,2,correction,forecast_horizon,different_value_or_type_not_adjudicated_semantically,True,False,"{""periods"":11,""unit"":""day""}","[""\""11 days\""""]",One correction to my specification: the forecast horizon is now 11 days.
base,natural_rollout,weather,natural-v6-20261005/weather/07,3,unknown,prediction_interval_levels,new_unmentioned_slot,True,False,,"[""null""]","No guesswork: I haven't decided the timezone, seasonal periods or prediction interval levels."
base,natural_rollout,weather,natural-v6-20261005/weather/07,3,unknown,seasonal_periods,new_unmentioned_slot,True,False,,"[""null""]","No guesswork: I haven't decided the timezone, seasonal periods or prediction interval levels."
base,natural_rollout,weather,natural-v6-20261005/weather/07,3,unknown,timezone,new_unmentioned_slot,True,False,,"[""null""]","No guesswork: I haven't decided the timezone, seasonal periods or prediction interval levels."
base,natural_rollout,weather,natural-v6-20261005/weather/08,1,initial,file_format,wrong_status,True,False,"""xlsx""","[""\""xlsx\""""]","Build a forecast for sunshine duration, measured in hours, with one observation every week. I need the next 4 weeks. The uploaded file is xlsx."
base,natural_rollout,weather,natural-v6-20261005/weather/08,1,initial,forecast_horizon,wrong_status,True,False,"{""periods"":4,""unit"":""week""}","[""{\""periods\"":4,\""unit\"":\""week\""}""]","Build a forecast for sunshine duration, measured in hours, with one observation every week. I need the next 4 weeks. The uploaded file is xlsx."
base,natural_rollout,weather,natural-v6-20261005/weather/08,1,initial,frequency,wrong_status,True,False,"{""periods"":1,""unit"":""week""}","[""{\""periods\"":1,\""unit\"":\""week\""}""]","Build a forecast for sunshine duration, measured in hours, with one observation every week. I need the next 4 weeks. The uploaded file is xlsx."
base,natural_rollout,weather,natural-v6-20261005/weather/08,1,initial,problem_statement,new_unmentioned_slot,True,False,,"[""\""sunshine duration\""""]","Build a forecast for sunshine duration, measured in hours, with one observation every week. I need the next 4 weeks. The uploaded file is xlsx."
base,natural_rollout,weather,natural-v6-20261005/weather/08,1,initial,source_mode,wrong_status,True,False,"""upload""","[""\""upload\""""]","Build a forecast for sunshine duration, measured in hours, with one observation every week. I need the next 4 weeks. The uploaded file is xlsx."
base,natural_rollout,weather,natural-v6-20261005/weather/08,1,initial,target_description,absent_from_readable_emissions,True,False,"""sunshine duration""",[],"Build a forecast for sunshine duration, measured in hours, with one observation every week. I need the next 4 weeks. The uploaded file is xlsx."
base,natural_rollout,weather,natural-v6-20261005/weather/08,1,initial,target_unit,wrong_status,True,False,"""hours""","[""\""hours\""""]","Build a forecast for sunshine duration, measured in hours, with one observation every week. I need the next 4 weeks. The uploaded file is xlsx."
base,natural_rollout,weather,natural-v6-20261005/weather/08,2,correction,forecast_horizon,different_value_or_type_not_adjudicated_semantically,True,False,"{""periods"":7,""unit"":""week""}","[""\""7 weeks\""""]",Replace the horizon I gave you with 7 weeks.
base,natural_rollout,weather,natural-v6-20261005/weather/08,3,unknown,prediction_interval_levels,new_unmentioned_slot,True,False,,"[""\""unknown\""""]","Those details are still unknown: timezone, seasonal periods and prediction interval levels. I cannot give you an authentication reference."
base,natural_rollout,weather,natural-v6-20261005/weather/08,3,unknown,seasonal_periods,new_unmentioned_slot,True,False,,"[""\""unknown\""""]","Those details are still unknown: timezone, seasonal periods and prediction interval levels. I cannot give you an authentication reference."
base,natural_rollout,weather,natural-v6-20261005/weather/08,3,unknown,timezone,new_unmentioned_slot,True,False,,"[""\""unknown\""""]","Those details are still unknown: timezone, seasonal periods and prediction interval levels. I cannot give you an authentication reference."
base,natural_rollout,inflation,natural-v6-20261005/inflation/01,1,initial,aggregation_method,new_unmentioned_slot,True,False,,"[""\""sum\""""]","Please forecast year-over-year CPI inflation, in percent, from monthly observations. I need the coming 5 months, not a forecast of the CPI index."
base,natural_rollout,inflation,natural-v6-20261005/inflation/01,1,initial,forecast_horizon,different_value_or_type_not_adjudicated_semantically,True,False,"{""periods"":5,""unit"":""month""}","[""\""5 months\""""]","Please forecast year-over-year CPI inflation, in percent, from monthly observations. I need the coming 5 months, not a forecast of the CPI index."
base,natural_rollout,inflation,natural-v6-20261005/inflation/01,1,initial,frequency,absent_from_readable_emissions,True,False,"{""periods"":1,""unit"":""month""}",[],"Please forecast year-over-year CPI inflation, in percent, from monthly observations. I need the coming 5 months, not a forecast of the CPI index."
base,natural_rollout,inflation,natural-v6-20261005/inflation/01,1,initial,output_format,new_unmentioned_slot,True,False,,"[""\""json\""""]","Please forecast year-over-year CPI inflation, in percent, from monthly observations. I need the coming 5 months, not a forecast of the CPI index."
base,natural_rollout,inflation,natural-v6-20261005/inflation/01,1,initial,problem_statement,new_unmentioned_slot,True,False,,"[""\""CPI inflation\""""]","Please forecast year-over-year CPI inflation, in percent, from monthly observations. I need the coming 5 months, not a forecast of the CPI index."
base,natural_rollout,inflation,natural-v6-20261005/inflation/01,1,initial,target_description,absent_from_readable_emissions,True,False,"""year-over-year CPI inflation""",[],"Please forecast year-over-year CPI inflation, in percent, from monthly observations. I need the coming 5 months, not a forecast of the CPI index."
base,natural_rollout,inflation,natural-v6-20261005/inflation/01,1,initial,target_unit,wrong_status,True,False,"""percent""","[""\""percent\""""]","Please forecast year-over-year CPI inflation, in percent, from monthly observations. I need the coming 5 months, not a forecast of the CPI index."
base,natural_rollout,inflation,natural-v6-20261005/inflation/01,2,correction,forecast_horizon,different_value_or_type_not_adjudicated_semantically,True,False,"{""periods"":8,""unit"":""month""}","[""\""8 months\""""]","Actually, change the forecast horizon to 8 months instead. Leave the other requirements alone."
base,natural_rollout,inflation,natural-v6-20261005/inflation/01,3,unknown,prediction_interval_levels,new_unmentioned_slot,True,False,,"[""\""unknown\""""]","I do not know the timezone, seasonal periods or prediction interval levels yet. Ask me; do not fill them in."
base,natural_rollout,inflation,natural-v6-20261005/inflation/01,3,unknown,seasonal_periods,new_unmentioned_slot,True,False,,"[""\""unknown\""""]","I do not know the timezone, seasonal periods or prediction interval levels yet. Ask me; do not fill them in."
base,natural_rollout,inflation,natural-v6-20261005/inflation/01,3,unknown,timezone,new_unmentioned_slot,True,False,,"[""\""unknown\""""]","I do not know the timezone, seasonal periods or prediction interval levels yet. Ask me; do not fill them in."
base,natural_rollout,inflation,natural-v6-20261005/inflation/02,1,initial,forecast_horizon,unassessable_strict_json_failure,False,False,"{""periods"":8,""unit"":""month""}",[],"Can you predict the headline CPI index level? Units are index points, base 2015=100. It is monthly and I want 8 months ahead."
base,natural_rollout,inflation,natural-v6-20261005/inflation/02,1,initial,frequency,unassessable_strict_json_failure,False,False,"{""periods"":1,""unit"":""month""}",[],"Can you predict the headline CPI index level? Units are index points, base 2015=100. It is monthly and I want 8 months ahead."
base,natural_rollout,inflation,natural-v6-20261005/inflation/02,1,initial,target_description,unassessable_strict_json_failure,False,False,"""headline CPI index level""",[],"Can you predict the headline CPI index level? Units are index points, base 2015=100. It is monthly and I want 8 months ahead."
base,natural_rollout,inflation,natural-v6-20261005/inflation/02,1,initial,target_unit,unassessable_strict_json_failure,False,False,"""index points, base 2015=100""",[],"Can you predict the headline CPI index level? Units are index points, base 2015=100. It is monthly and I want 8 months ahead."
base,natural_rollout,inflation,natural-v6-20261005/inflation/02,2,correction,forecast_horizon,different_value_or_type_not_adjudicated_semantically,True,True,"{""periods"":11,""unit"":""month""}","[""11""]","Correction: I need 11 months ahead, replacing the earlier horizon."
base,natural_rollout,inflation,natural-v6-20261005/inflation/02,3,unknown,authentication_reference,new_unmentioned_slot,True,False,,"[""\""undecided\""""]","Timezone is undecided, and I haven't chosen seasonal periods or prediction interval levels. I don't have credentials to share either."
base,natural_rollout,inflation,natural-v6-20261005/inflation/02,3,unknown,prediction_interval_levels,new_unmentioned_slot,True,False,,"[""\""undecided\""""]","Timezone is undecided, and I haven't chosen seasonal periods or prediction interval levels. I don't have credentials to share either."
base,natural_rollout,inflation,natural-v6-20261005/inflation/02,3,unknown,seasonal_periods,new_unmentioned_slot,True,False,,"[""\""undecided\""""]","Timezone is undecided, and I haven't chosen seasonal periods or prediction interval levels. I don't have credentials to share either."
base,natural_rollout,inflation,natural-v6-20261005/inflation/02,3,unknown,timezone,new_unmentioned_slot,True,False,,"[""\""undecided\""""]","Timezone is undecided, and I haven't chosen seasonal periods or prediction interval levels. I don't have credentials to share either."
base,natural_rollout,inflation,natural-v6-20261005/inflation/03,1,initial,file_format,wrong_status,True,False,"""csv""","[""\""csv\""""]",I need a forecast of month-over-month core inflation. The unit is percent. Observations arrive monthly; forecast the next 3 months. The file is csv.
base,natural_rollout,inflation,natural-v6-20261005/inflation/03,1,initial,forecast_horizon,different_value_or_type_not_adjudicated_semantically,True,False,"{""periods"":3,""unit"":""month""}","[""\""3 months\""""]",I need a forecast of month-over-month core inflation. The unit is percent. Observations arrive monthly; forecast the next 3 months. The file is csv.
base,natural_rollout,inflation,natural-v6-20261005/inflation/03,1,initial,frequency,absent_from_readable_emissions,True,False,"{""periods"":1,""unit"":""month""}",[],I need a forecast of month-over-month core inflation. The unit is percent. Observations arrive monthly; forecast the next 3 months. The file is csv.
base,natural_rollout,inflation,natural-v6-20261005/inflation/03,1,initial,output_format,new_unmentioned_slot,True,False,,"[""\""csv\""""]",I need a forecast of month-over-month core inflation. The unit is percent. Observations arrive monthly; forecast the next 3 months. The file is csv.
base,natural_rollout,inflation,natural-v6-20261005/inflation/03,1,initial,problem_statement,new_unmentioned_slot,True,False,,"[""\""month-over-month core inflation\""""]",I need a forecast of month-over-month core inflation. The unit is percent. Observations arrive monthly; forecast the next 3 months. The file is csv.
base,natural_rollout,inflation,natural-v6-20261005/inflation/03,1,initial,source_mode,new_unmentioned_slot,True,False,,"[""\""upload\""""]",I need a forecast of month-over-month core inflation. The unit is percent. Observations arrive monthly; forecast the next 3 months. The file is csv.
base,natural_rollout,inflation,natural-v6-20261005/inflation/03,1,initial,target_description,absent_from_readable_emissions,True,False,"""month-over-month core inflation""",[],I need a forecast of month-over-month core inflation. The unit is percent. Observations arrive monthly; forecast the next 3 months. The file is csv.
base,natural_rollout,inflation,natural-v6-20261005/inflation/03,1,initial,target_unit,wrong_status,True,False,"""percent""","[""\""percent\""""]",I need a forecast of month-over-month core inflation. The unit is percent. Observations arrive monthly; forecast the next 3 months. The file is csv.
base,natural_rollout,inflation,natural-v6-20261005/inflation/03,2,correction,forecast_horizon,wrong_status,True,False,"{""periods"":6,""unit"":""month""}","[""{\""periods\"":6,\""unit\"":\""month\""}""]","I changed my mind about the horizon. Forecast the next 6 months, please."
base,natural_rollout,inflation,natural-v6-20261005/inflation/03,2,correction,problem_statement,new_unmentioned_slot,True,False,,"[""\""Forecast the next 6 months\""""]","I changed my mind about the horizon. Forecast the next 6 months, please."
base,natural_rollout,inflation,natural-v6-20261005/inflation/04,1,initial,forecast_horizon,wrong_status,True,False,"{""periods"":11,""unit"":""month""}","[""{\""periods\"":11,\""unit\"":\""month\""}""]",Help me predict food-price inflation in percent. There is one observation each month. Look 11 months ahead. The target column is food_inflation and the date column is month_end.
base,natural_rollout,inflation,natural-v6-20261005/inflation/04,1,initial,frequency,wrong_status,True,False,"{""periods"":1,""unit"":""month""}","[""{\""periods\"":1,\""unit\"":\""month\""}""]",Help me predict food-price inflation in percent. There is one observation each month. Look 11 months ahead. The target column is food_inflation and the date column is month_end.
base,natural_rollout,inflation,natural-v6-20261005/inflation/04,1,initial,problem_statement,new_unmentioned_slot,True,False,,"[""\""food-price inflation\""""]",Help me predict food-price inflation in percent. There is one observation each month. Look 11 months ahead. The target column is food_inflation and the date column is month_end.
base,natural_rollout,inflation,natural-v6-20261005/inflation/04,1,initial,target_column,wrong_status,True,False,"""food_inflation""","[""\""food_inflation\""""]",Help me predict food-price inflation in percent. There is one observation each month. Look 11 months ahead. The target column is food_inflation and the date column is month_end.
base,natural_rollout,inflation,natural-v6-20261005/inflation/04,1,initial,target_description,absent_from_readable_emissions,True,False,"""food-price inflation""",[],Help me predict food-price inflation in percent. There is one observation each month. Look 11 months ahead. The target column is food_inflation and the date column is month_end.
base,natural_rollout,inflation,natural-v6-20261005/inflation/04,1,initial,target_unit,absent_from_readable_emissions,True,False,"""percent""",[],Help me predict food-price inflation in percent. There is one observation each month. Look 11 months ahead. The target column is food_inflation and the date column is month_end.
base,natural_rollout,inflation,natural-v6-20261005/inflation/04,1,initial,time_column,absent_from_readable_emissions,True,False,"""month_end""",[],Help me predict food-price inflation in percent. There is one observation each month. Look 11 months ahead. The target column is food_inflation and the date column is month_end.
base,natural_rollout,inflation,natural-v6-20261005/inflation/04,2,correction,forecast_horizon,different_value_or_type_not_adjudicated_semantically,True,False,"{""periods"":14,""unit"":""month""}","[""\""14 months\""""]",That previous forecast horizon is wrong: make it 14 months.
base,natural_rollout,inflation,natural-v6-20261005/inflation/04,3,unknown,prediction_interval_levels,new_unmentioned_slot,True,False,,"[""null""]",I haven't worked out the timezone or seasonal periods. We have no decision on prediction interval levels yet.
base,natural_rollout,inflation,natural-v6-20261005/inflation/04,3,unknown,seasonal_periods,new_unmentioned_slot,True,False,,"[""null""]",I haven't worked out the timezone or seasonal periods. We have no decision on prediction interval levels yet.
base,natural_rollout,inflation,natural-v6-20261005/inflation/04,3,unknown,timezone,new_unmentioned_slot,True,False,,"[""null""]",I haven't worked out the timezone or seasonal periods. We have no decision on prediction interval levels yet.
base,natural_rollout,inflation,natural-v6-20261005/inflation/05,1,initial,forecast_horizon,wrong_status,True,False,"{""periods"":2,""unit"":""quarter""}","[""{\""periods\"":2,\""unit\"":\""quarter\""}""]","Please forecast producer price inflation, measured in percent, using quarterly observations. I want the next 2 quarters."
base,natural_rollout,inflation,natural-v6-20261005/inflation/05,1,initial,frequency,absent_from_readable_emissions,True,False,"{""periods"":1,""unit"":""quarter""}",[],"Please forecast producer price inflation, measured in percent, using quarterly observations. I want the next 2 quarters."
base,natural_rollout,inflation,natural-v6-20261005/inflation/05,1,initial,problem_statement,new_unmentioned_slot,True,False,,"[""\""producer price inflation\""""]","Please forecast producer price inflation, measured in percent, using quarterly observations. I want the next 2 quarters."
base,natural_rollout,inflation,natural-v6-20261005/inflation/05,1,initial,target_description,absent_from_readable_emissions,True,False,"""producer price inflation""",[],"Please forecast producer price inflation, measured in percent, using quarterly observations. I want the next 2 quarters."
base,natural_rollout,inflation,natural-v6-20261005/inflation/05,1,initial,target_unit,wrong_status,True,False,"""percent""","[""\""percent\""""]","Please forecast producer price inflation, measured in percent, using quarterly observations. I want the next 2 quarters."
base,natural_rollout,inflation,natural-v6-20261005/inflation/05,2,correction,forecast_horizon,different_value_or_type_not_adjudicated_semantically,True,False,"{""periods"":5,""unit"":""quarter""}","[""\""5 quarters\""""]",Please revise the forecast horizon to 5 quarters. Everything else stays the same.
base,natural_rollout,inflation,natural-v6-20261005/inflation/05,3,unknown,prediction_interval_levels,new_unmentioned_slot,True,False,,"[""null""]","Please leave timezone, seasonal periods and prediction interval levels unset. I do not know their values."
base,natural_rollout,inflation,natural-v6-20261005/inflation/05,3,unknown,seasonal_periods,new_unmentioned_slot,True,False,,"[""null""]","Please leave timezone, seasonal periods and prediction interval levels unset. I do not know their values."
base,natural_rollout,inflation,natural-v6-20261005/inflation/05,3,unknown,timezone,new_unmentioned_slot,True,False,,"[""null""]","Please leave timezone, seasonal periods and prediction interval levels unset. I do not know their values."
base,natural_rollout,inflation,natural-v6-20261005/inflation/06,1,initial,file_format,wrong_status,True,False,"""parquet""","[""\""parquet\""""]",Forecast the consumer price index level in index points. The series has a monthly observation and I need a 1 year horizon. I will upload a parquet file.
base,natural_rollout,inflation,natural-v6-20261005/inflation/06,1,initial,forecast_horizon,different_value_or_type_not_adjudicated_semantically,True,False,"{""periods"":1,""unit"":""year""}","[""\""1 year\""""]",Forecast the consumer price index level in index points. The series has a monthly observation and I need a 1 year horizon. I will upload a parquet file.
base,natural_rollout,inflation,natural-v6-20261005/inflation/06,1,initial,frequency,different_value_or_type_not_adjudicated_semantically,True,False,"{""periods"":1,""unit"":""month""}","[""\""monthly\""""]",Forecast the consumer price index level in index points. The series has a monthly observation and I need a 1 year horizon. I will upload a parquet file.
base,natural_rollout,inflation,natural-v6-20261005/inflation/06,1,initial,problem_statement,new_unmentioned_slot,True,False,,"[""\""consumer price index level\""""]",Forecast the consumer price index level in index points. The series has a monthly observation and I need a 1 year horizon. I will upload a parquet file.
base,natural_rollout,inflation,natural-v6-20261005/inflation/06,1,initial,source_mode,wrong_status,True,False,"""upload""","[""\""upload\""""]",Forecast the consumer price index level in index points. The series has a monthly observation and I need a 1 year horizon. I will upload a parquet file.
base,natural_rollout,inflation,natural-v6-20261005/inflation/06,1,initial,target_column,new_unmentioned_slot,True,False,,"[""\""consumer price index level\""""]",Forecast the consumer price index level in index points. The series has a monthly observation and I need a 1 year horizon. I will upload a parquet file.
base,natural_rollout,inflation,natural-v6-20261005/inflation/06,1,initial,target_description,different_value_or_type_not_adjudicated_semantically,True,False,"""consumer price index level""","[""\""index points\""""]",Forecast the consumer price index level in index points. The series has a monthly observation and I need a 1 year horizon. I will upload a parquet file.
base,natural_rollout,inflation,natural-v6-20261005/inflation/06,1,initial,target_unit,absent_from_readable_emissions,True,False,"""index points""",[],Forecast the consumer price index level in index points. The series has a monthly observation and I need a 1 year horizon. I will upload a parquet file.
base,natural_rollout,inflation,natural-v6-20261005/inflation/06,2,correction,forecast_horizon,different_value_or_type_not_adjudicated_semantically,True,False,"{""periods"":4,""unit"":""year""}","[""\""4 years\""""]",Use 4 years for the forecast horizon instead of my earlier request.
base,natural_rollout,inflation,natural-v6-20261005/inflation/06,3,unknown,prediction_interval_levels,new_unmentioned_slot,True,False,,"[""\""prediction_interval_levels\""""]","I need your questions about timezone, seasonal periods and prediction interval levels because I don't know them."
base,natural_rollout,inflation,natural-v6-20261005/inflation/06,3,unknown,seasonal_periods,new_unmentioned_slot,True,False,,"[""\""seasonal_periods\""""]","I need your questions about timezone, seasonal periods and prediction interval levels because I don't know them."
base,natural_rollout,inflation,natural-v6-20261005/inflation/06,3,unknown,timezone,new_unmentioned_slot,True,False,,"[""\""timezone\""""]","I need your questions about timezone, seasonal periods and prediction interval levels because I don't know them."
base,natural_rollout,inflation,natural-v6-20261005/inflation/07,1,initial,forecast_horizon,wrong_status,True,False,"{""periods"":3,""unit"":""year""}","[""{\""periods\"":3,\""unit\"":\""year\""}""]",I want to forecast annual average inflation in percent. One observation per year; look ahead 3 years. Generate a new forecast every 1 year.
base,natural_rollout,inflation,natural-v6-20261005/inflation/07,1,initial,frequency,wrong_status,True,False,"{""periods"":1,""unit"":""year""}","[""{\""periods\"":1,\""unit\"":\""year\""}""]",I want to forecast annual average inflation in percent. One observation per year; look ahead 3 years. Generate a new forecast every 1 year.
base,natural_rollout,inflation,natural-v6-20261005/inflation/07,1,initial,prediction_frequency,wrong_status,True,False,"{""periods"":1,""unit"":""year""}","[""{\""periods\"":1,\""unit\"":\""year\""}""]",I want to forecast annual average inflation in percent. One observation per year; look ahead 3 years. Generate a new forecast every 1 year.
base,natural_rollout,inflation,natural-v6-20261005/inflation/07,1,initial,problem_statement,new_unmentioned_slot,True,False,,"[""\""annual average inflation in percent\""""]",I want to forecast annual average inflation in percent. One observation per year; look ahead 3 years. Generate a new forecast every 1 year.
base,natural_rollout,inflation,natural-v6-20261005/inflation/07,1,initial,target_description,absent_from_readable_emissions,True,False,"""annual average inflation""",[],I want to forecast annual average inflation in percent. One observation per year; look ahead 3 years. Generate a new forecast every 1 year.
base,natural_rollout,inflation,natural-v6-20261005/inflation/07,1,initial,target_unit,absent_from_readable_emissions,True,False,"""percent""",[],I want to forecast annual average inflation in percent. One observation per year; look ahead 3 years. Generate a new forecast every 1 year.
base,natural_rollout,inflation,natural-v6-20261005/inflation/07,2,correction,forecast_horizon,different_value_or_type_not_adjudicated_semantically,True,False,"{""periods"":6,""unit"":""year""}","[""\""6 years\""""]",One correction to my specification: the forecast horizon is now 6 years.
base,natural_rollout,inflation,natural-v6-20261005/inflation/07,3,unknown,prediction_interval_levels,new_unmentioned_slot,True,False,,"[""null""]","No guesswork: I haven't decided the timezone, seasonal periods or prediction interval levels."
base,natural_rollout,inflation,natural-v6-20261005/inflation/07,3,unknown,seasonal_periods,new_unmentioned_slot,True,False,,"[""null""]","No guesswork: I haven't decided the timezone, seasonal periods or prediction interval levels."
base,natural_rollout,inflation,natural-v6-20261005/inflation/07,3,unknown,timezone,new_unmentioned_slot,True,False,,"[""null""]","No guesswork: I haven't decided the timezone, seasonal periods or prediction interval levels."
base,natural_rollout,inflation,natural-v6-20261005/inflation/08,1,initial,file_format,wrong_status,True,False,"""xlsx""","[""\""xlsx\""""]","Could you predict trimmed-mean inflation? It is monthly, expressed in percent. We need 7 months into the future; the uploaded data will be in xlsx format."
base,natural_rollout,inflation,natural-v6-20261005/inflation/08,1,initial,forecast_horizon,wrong_status,True,False,"{""periods"":7,""unit"":""month""}","[""{\""periods\"":7,\""unit\"":\""month\""}""]","Could you predict trimmed-mean inflation? It is monthly, expressed in percent. We need 7 months into the future; the uploaded data will be in xlsx format."
base,natural_rollout,inflation,natural-v6-20261005/inflation/08,1,initial,frequency,absent_from_readable_emissions,True,False,"{""periods"":1,""unit"":""month""}",[],"Could you predict trimmed-mean inflation? It is monthly, expressed in percent. We need 7 months into the future; the uploaded data will be in xlsx format."
base,natural_rollout,inflation,natural-v6-20261005/inflation/08,1,initial,problem_statement,new_unmentioned_slot,True,False,,"[""\""trimmed-mean inflation\""""]","Could you predict trimmed-mean inflation? It is monthly, expressed in percent. We need 7 months into the future; the uploaded data will be in xlsx format."
base,natural_rollout,inflation,natural-v6-20261005/inflation/08,1,initial,source_mode,wrong_status,True,False,"""upload""","[""\""upload\""""]","Could you predict trimmed-mean inflation? It is monthly, expressed in percent. We need 7 months into the future; the uploaded data will be in xlsx format."
base,natural_rollout,inflation,natural-v6-20261005/inflation/08,1,initial,target_description,absent_from_readable_emissions,True,False,"""trimmed-mean inflation""",[],"Could you predict trimmed-mean inflation? It is monthly, expressed in percent. We need 7 months into the future; the uploaded data will be in xlsx format."
base,natural_rollout,inflation,natural-v6-20261005/inflation/08,1,initial,target_unit,wrong_status,True,False,"""percent""","[""\""percent\""""]","Could you predict trimmed-mean inflation? It is monthly, expressed in percent. We need 7 months into the future; the uploaded data will be in xlsx format."
base,natural_rollout,inflation,natural-v6-20261005/inflation/08,2,correction,forecast_horizon,different_value_or_type_not_adjudicated_semantically,True,False,"{""periods"":10,""unit"":""month""}","[""\""10 months\""""]",Replace the horizon I gave you with 10 months.
base,natural_rollout,inflation,natural-v6-20261005/inflation/08,3,unknown,prediction_interval_levels,new_unmentioned_slot,True,False,,"[""\""unknown\""""]","Those details are still unknown: timezone, seasonal periods and prediction interval levels. I cannot give you an authentication reference."
base,natural_rollout,inflation,natural-v6-20261005/inflation/08,3,unknown,seasonal_periods,new_unmentioned_slot,True,False,,"[""\""unknown\""""]","Those details are still unknown: timezone, seasonal periods and prediction interval levels. I cannot give you an authentication reference."
base,natural_rollout,inflation,natural-v6-20261005/inflation/08,3,unknown,timezone,new_unmentioned_slot,True,False,,"[""\""unknown\""""]","Those details are still unknown: timezone, seasonal periods and prediction interval levels. I cannot give you an authentication reference."
base,natural_rollout,stocks,natural-v6-20261005/stocks/01,1,initial,forecast_horizon,wrong_status,True,False,"{""periods"":10,""unit"":""day""}","[""{\""periods\"":10,\""unit\"":\""day\""}""]","Can you forecast NOVA's adjusted closing price, in USD per share? I have daily observations and need the next 10 days."
base,natural_rollout,stocks,natural-v6-20261005/stocks/01,1,initial,frequency,absent_from_readable_emissions,True,False,"{""periods"":1,""unit"":""day""}",[],"Can you forecast NOVA's adjusted closing price, in USD per share? I have daily observations and need the next 10 days."
base,natural_rollout,stocks,natural-v6-20261005/stocks/01,1,initial,problem_statement,new_unmentioned_slot,True,False,,"[""\""NOVA's adjusted closing price\""""]","Can you forecast NOVA's adjusted closing price, in USD per share? I have daily observations and need the next 10 days."
base,natural_rollout,stocks,natural-v6-20261005/stocks/01,1,initial,target_description,absent_from_readable_emissions,True,False,"""NOVA's adjusted closing price""",[],"Can you forecast NOVA's adjusted closing price, in USD per share? I have daily observations and need the next 10 days."
base,natural_rollout,stocks,natural-v6-20261005/stocks/01,1,initial,target_unit,wrong_status,True,False,"""USD per share""","[""\""USD per share\""""]","Can you forecast NOVA's adjusted closing price, in USD per share? I have daily observations and need the next 10 days."
base,natural_rollout,stocks,natural-v6-20261005/stocks/01,2,correction,forecast_horizon,different_value_or_type_not_adjudicated_semantically,True,False,"{""periods"":13,""unit"":""day""}","[""\""13 days\""""]","Actually, change the forecast horizon to 13 days instead. Leave the other requirements alone."
base,natural_rollout,stocks,natural-v6-20261005/stocks/01,3,unknown,prediction_interval_levels,new_unmentioned_slot,True,False,,"[""\""unknown\""""]","I do not know the timezone, seasonal periods or prediction interval levels yet. Ask me; do not fill them in."
base,natural_rollout,stocks,natural-v6-20261005/stocks/01,3,unknown,seasonal_periods,new_unmentioned_slot,True,False,,"[""\""unknown\""""]","I do not know the timezone, seasonal periods or prediction interval levels yet. Ask me; do not fill them in."
base,natural_rollout,stocks,natural-v6-20261005/stocks/01,3,unknown,timezone,new_unmentioned_slot,True,False,,"[""\""unknown\""""]","I do not know the timezone, seasonal periods or prediction interval levels yet. Ask me; do not fill them in."
base,natural_rollout,stocks,natural-v6-20261005/stocks/02,1,initial,business_goal,new_unmentioned_slot,True,False,,"[""\""without adjusting corporate actions\""""]","Please predict raw closing share price, without adjusting corporate actions. Prices are in GBP per share, observed every day. Look ahead 6 days."
base,natural_rollout,stocks,natural-v6-20261005/stocks/02,1,initial,forecast_horizon,wrong_status,True,False,"{""periods"":6,""unit"":""day""}","[""{\""periods\"":6,\""unit\"":\""day\""}""]","Please predict raw closing share price, without adjusting corporate actions. Prices are in GBP per share, observed every day. Look ahead 6 days."
base,natural_rollout,stocks,natural-v6-20261005/stocks/02,1,initial,frequency,wrong_status,True,False,"{""periods"":1,""unit"":""day""}","[""{\""periods\"":1,\""unit\"":\""day\""}""]","Please predict raw closing share price, without adjusting corporate actions. Prices are in GBP per share, observed every day. Look ahead 6 days."
base,natural_rollout,stocks,natural-v6-20261005/stocks/02,1,initial,problem_statement,new_unmentioned_slot,True,False,,"[""\""raw closing share price\""""]","Please predict raw closing share price, without adjusting corporate actions. Prices are in GBP per share, observed every day. Look ahead 6 days."
base,natural_rollout,stocks,natural-v6-20261005/stocks/02,1,initial,target_description,absent_from_readable_emissions,True,False,"""raw closing share price, without adjusting corporate actions""",[],"Please predict raw closing share price, without adjusting corporate actions. Prices are in GBP per share, observed every day. Look ahead 6 days."
base,natural_rollout,stocks,natural-v6-20261005/stocks/02,1,initial,target_unit,wrong_status,True,False,"""GBP per share""","[""\""GBP per share\""""]","Please predict raw closing share price, without adjusting corporate actions. Prices are in GBP per share, observed every day. Look ahead 6 days."
base,natural_rollout,stocks,natural-v6-20261005/stocks/02,2,correction,forecast_horizon,different_value_or_type_not_adjudicated_semantically,True,True,"{""periods"":9,""unit"":""day""}","[""9""]","Correction: I need 9 days ahead, replacing the earlier horizon."
base,natural_rollout,stocks,natural-v6-20261005/stocks/02,3,unknown,authentication_reference,new_unmentioned_slot,True,False,,"[""\""undecided\""""]","Timezone is undecided, and I haven't chosen seasonal periods or prediction interval levels. I don't have credentials to share either."
base,natural_rollout,stocks,natural-v6-20261005/stocks/02,3,unknown,prediction_interval_levels,new_unmentioned_slot,True,False,,"[""\""undecided\""""]","Timezone is undecided, and I haven't chosen seasonal periods or prediction interval levels. I don't have credentials to share either."
base,natural_rollout,stocks,natural-v6-20261005/stocks/02,3,unknown,seasonal_periods,new_unmentioned_slot,True,False,,"[""\""undecided\""""]","Timezone is undecided, and I haven't chosen seasonal periods or prediction interval levels. I don't have credentials to share either."
base,natural_rollout,stocks,natural-v6-20261005/stocks/02,3,unknown,timezone,new_unmentioned_slot,True,False,,"[""\""undecided\""""]","Timezone is undecided, and I haven't chosen seasonal periods or prediction interval levels. I don't have credentials to share either."
base,natural_rollout,stocks,natural-v6-20261005/stocks/03,1,initial,file_format,wrong_status,True,False,"""csv""","[""\""csv\""""]","Help me forecast total share return including dividends, measured in percent. Observations are weekly; I need 5 weeks ahead. I will upload CSV data."
base,natural_rollout,stocks,natural-v6-20261005/stocks/03,1,initial,forecast_horizon,absent_from_readable_emissions,True,False,"{""periods"":5,""unit"":""week""}",[],"Help me forecast total share return including dividends, measured in percent. Observations are weekly; I need 5 weeks ahead. I will upload CSV data."
base,natural_rollout,stocks,natural-v6-20261005/stocks/03,1,initial,frequency,different_value_or_type_not_adjudicated_semantically,True,False,"{""periods"":1,""unit"":""week""}","[""{\""periods\"":5,\""unit\"":\""week\""}""]","Help me forecast total share return including dividends, measured in percent. Observations are weekly; I need 5 weeks ahead. I will upload CSV data."
base,natural_rollout,stocks,natural-v6-20261005/stocks/03,1,initial,problem_statement,new_unmentioned_slot,True,False,,"[""\""total share return including dividends\""""]","Help me forecast total share return including dividends, measured in percent. Observations are weekly; I need 5 weeks ahead. I will upload CSV data."
base,natural_rollout,stocks,natural-v6-20261005/stocks/03,1,initial,source_mode,wrong_status,True,False,"""upload""","[""\""upload\""""]","Help me forecast total share return including dividends, measured in percent. Observations are weekly; I need 5 weeks ahead. I will upload CSV data."
base,natural_rollout,stocks,natural-v6-20261005/stocks/03,1,initial,target_description,absent_from_readable_emissions,True,False,"""total share return including dividends""",[],"Help me forecast total share return including dividends, measured in percent. Observations are weekly; I need 5 weeks ahead. I will upload CSV data."
base,natural_rollout,stocks,natural-v6-20261005/stocks/03,1,initial,target_unit,wrong_status,True,False,"""percent""","[""\""percent\""""]","Help me forecast total share return including dividends, measured in percent. Observations are weekly; I need 5 weeks ahead. I will upload CSV data."
base,natural_rollout,stocks,natural-v6-20261005/stocks/03,2,correction,forecast_horizon,different_value_or_type_not_adjudicated_semantically,True,False,"{""periods"":8,""unit"":""week""}","[""\""8 weeks\""""]","I changed my mind about the horizon. Forecast the next 8 weeks, please."
base,natural_rollout,stocks,natural-v6-20261005/stocks/04,1,initial,forecast_horizon,wrong_status,True,False,"{""periods"":9,""unit"":""day""}","[""{\""periods\"":9,\""unit\"":\""day\""}""]","Forecast trading volume, measured in shares, from daily observations for the next 9 days. Read the target from volume_shares and the timestamp from trade_date."
base,natural_rollout,stocks,natural-v6-20261005/stocks/04,1,initial,frequency,absent_from_readable_emissions,True,False,"{""periods"":1,""unit"":""day""}",[],"Forecast trading volume, measured in shares, from daily observations for the next 9 days. Read the target from volume_shares and the timestamp from trade_date."
base,natural_rollout,stocks,natural-v6-20261005/stocks/04,1,initial,problem_statement,new_unmentioned_slot,True,False,,"[""\""Forecast trading volume, measured in shares, from daily observations for the next 9 days.\""""]","Forecast trading volume, measured in shares, from daily observations for the next 9 days. Read the target from volume_shares and the timestamp from trade_date."
base,natural_rollout,stocks,natural-v6-20261005/stocks/04,1,initial,target_column,wrong_status,True,False,"""volume_shares""","[""\""volume_shares\""""]","Forecast trading volume, measured in shares, from daily observations for the next 9 days. Read the target from volume_shares and the timestamp from trade_date."
base,natural_rollout,stocks,natural-v6-20261005/stocks/04,1,initial,target_description,absent_from_readable_emissions,True,False,"""trading volume""",[],"Forecast trading volume, measured in shares, from daily observations for the next 9 days. Read the target from volume_shares and the timestamp from trade_date."
base,natural_rollout,stocks,natural-v6-20261005/stocks/04,1,initial,target_unit,absent_from_readable_emissions,True,False,"""shares""",[],"Forecast trading volume, measured in shares, from daily observations for the next 9 days. Read the target from volume_shares and the timestamp from trade_date."
base,natural_rollout,stocks,natural-v6-20261005/stocks/04,1,initial,time_column,wrong_status,True,False,"""trade_date""","[""\""trade_date\""""]","Forecast trading volume, measured in shares, from daily observations for the next 9 days. Read the target from volume_shares and the timestamp from trade_date."
base,natural_rollout,stocks,natural-v6-20261005/stocks/04,2,correction,forecast_horizon,different_value_or_type_not_adjudicated_semantically,True,False,"{""periods"":12,""unit"":""day""}","[""\""12 days\""""]",That previous forecast horizon is wrong: make it 12 days.
base,natural_rollout,stocks,natural-v6-20261005/stocks/04,3,unknown,prediction_interval_levels,new_unmentioned_slot,True,False,,"[""null""]",I haven't worked out the timezone or seasonal periods. We have no decision on prediction interval levels yet.
base,natural_rollout,stocks,natural-v6-20261005/stocks/04,3,unknown,seasonal_periods,new_unmentioned_slot,True,False,,"[""null""]",I haven't worked out the timezone or seasonal periods. We have no decision on prediction interval levels yet.
base,natural_rollout,stocks,natural-v6-20261005/stocks/04,3,unknown,timezone,new_unmentioned_slot,True,False,,"[""null""]",I haven't worked out the timezone or seasonal periods. We have no decision on prediction interval levels yet.
base,natural_rollout,stocks,natural-v6-20261005/stocks/05,1,initial,forecast_horizon,wrong_status,True,False,"{""periods"":4,""unit"":""month""}","[""{\""periods\"":4,\""unit\"":\""month\""}""]","Please predict the dividend yield in percent. This series is monthly, and the horizon should be 4 months."
base,natural_rollout,stocks,natural-v6-20261005/stocks/05,1,initial,frequency,different_value_or_type_not_adjudicated_semantically,True,False,"{""periods"":1,""unit"":""month""}","[""{\""periods\"":1,\""unit\"":\""day\""}""]","Please predict the dividend yield in percent. This series is monthly, and the horizon should be 4 months."
base,natural_rollout,stocks,natural-v6-20261005/stocks/05,1,initial,problem_statement,new_unmentioned_slot,True,False,,"[""\""Please predict the dividend yield in percent.\""""]","Please predict the dividend yield in percent. This series is monthly, and the horizon should be 4 months."
base,natural_rollout,stocks,natural-v6-20261005/stocks/05,1,initial,target_description,absent_from_readable_emissions,True,False,"""dividend yield""",[],"Please predict the dividend yield in percent. This series is monthly, and the horizon should be 4 months."
base,natural_rollout,stocks,natural-v6-20261005/stocks/05,1,initial,target_unit,absent_from_readable_emissions,True,False,"""percent""",[],"Please predict the dividend yield in percent. This series is monthly, and the horizon should be 4 months."
base,natural_rollout,stocks,natural-v6-20261005/stocks/05,2,correction,forecast_horizon,different_value_or_type_not_adjudicated_semantically,True,False,"{""periods"":7,""unit"":""month""}","[""\""7 months\""""]",Please revise the forecast horizon to 7 months. Everything else stays the same.
base,natural_rollout,stocks,natural-v6-20261005/stocks/05,3,unknown,prediction_interval_levels,new_unmentioned_slot,True,False,,"[""null""]","Please leave timezone, seasonal periods and prediction interval levels unset. I do not know their values."
base,natural_rollout,stocks,natural-v6-20261005/stocks/05,3,unknown,seasonal_periods,new_unmentioned_slot,True,False,,"[""null""]","Please leave timezone, seasonal periods and prediction interval levels unset. I do not know their values."
base,natural_rollout,stocks,natural-v6-20261005/stocks/05,3,unknown,timezone,new_unmentioned_slot,True,False,,"[""null""]","Please leave timezone, seasonal periods and prediction interval levels unset. I do not know their values."
base,natural_rollout,stocks,natural-v6-20261005/stocks/06,1,initial,file_format,wrong_status,True,False,"""parquet""","[""\""parquet\""""]","I need a forecast of adjusted closing share price. It is in EUR per share, sampled hourly, and I want 16 hours ahead. The file format is parquet."
base,natural_rollout,stocks,natural-v6-20261005/stocks/06,1,initial,forecast_horizon,different_value_or_type_not_adjudicated_semantically,True,False,"{""periods"":16,""unit"":""hour""}","[""{\""periods\"":16,\""unit\"":\""day\""}""]","I need a forecast of adjusted closing share price. It is in EUR per share, sampled hourly, and I want 16 hours ahead. The file format is parquet."
base,natural_rollout,stocks,natural-v6-20261005/stocks/06,1,initial,frequency,wrong_status,True,False,"{""periods"":1,""unit"":""hour""}","[""{\""periods\"":1,\""unit\"":\""hour\""}""]","I need a forecast of adjusted closing share price. It is in EUR per share, sampled hourly, and I want 16 hours ahead. The file format is parquet."
base,natural_rollout,stocks,natural-v6-20261005/stocks/06,1,initial,problem_statement,new_unmentioned_slot,True,False,,"[""\""adjusted closing share price\""""]","I need a forecast of adjusted closing share price. It is in EUR per share, sampled hourly, and I want 16 hours ahead. The file format is parquet."
base,natural_rollout,stocks,natural-v6-20261005/stocks/06,1,initial,target_description,absent_from_readable_emissions,True,False,"""adjusted closing share price""",[],"I need a forecast of adjusted closing share price. It is in EUR per share, sampled hourly, and I want 16 hours ahead. The file format is parquet."
base,natural_rollout,stocks,natural-v6-20261005/stocks/06,1,initial,target_unit,different_value_or_type_not_adjudicated_semantically,True,False,"""EUR per share""","[""\""EUR\""""]","I need a forecast of adjusted closing share price. It is in EUR per share, sampled hourly, and I want 16 hours ahead. The file format is parquet."
base,natural_rollout,stocks,natural-v6-20261005/stocks/06,2,correction,forecast_horizon,different_value_or_type_not_adjudicated_semantically,True,True,"{""periods"":19,""unit"":""hour""}","[""19""]",Use 19 hours for the forecast horizon instead of my earlier request.
base,natural_rollout,stocks,natural-v6-20261005/stocks/06,3,unknown,prediction_interval_levels,new_unmentioned_slot,True,False,,"[""null""]","I need your questions about timezone, seasonal periods and prediction interval levels because I don't know them."
base,natural_rollout,stocks,natural-v6-20261005/stocks/06,3,unknown,seasonal_periods,new_unmentioned_slot,True,False,,"[""null""]","I need your questions about timezone, seasonal periods and prediction interval levels because I don't know them."
base,natural_rollout,stocks,natural-v6-20261005/stocks/06,3,unknown,timezone,new_unmentioned_slot,True,False,,"[""null""]","I need your questions about timezone, seasonal periods and prediction interval levels because I don't know them."
base,natural_rollout,stocks,natural-v6-20261005/stocks/07,1,initial,forecast_horizon,wrong_status,True,False,"{""periods"":12,""unit"":""day""}","[""{\""periods\"":12,\""unit\"":\""day\""}""]",Could you forecast daily log share return in percent? There is one observation per day. Predict 12 days ahead but refresh the forecast every 3 days.
base,natural_rollout,stocks,natural-v6-20261005/stocks/07,1,initial,frequency,wrong_status,True,False,"{""periods"":1,""unit"":""day""}","[""{\""periods\"":1,\""unit\"":\""day\""}""]",Could you forecast daily log share return in percent? There is one observation per day. Predict 12 days ahead but refresh the forecast every 3 days.
base,natural_rollout,stocks,natural-v6-20261005/stocks/07,1,initial,prediction_frequency,absent_from_readable_emissions,True,False,"{""periods"":3,""unit"":""day""}",[],Could you forecast daily log share return in percent? There is one observation per day. Predict 12 days ahead but refresh the forecast every 3 days.
base,natural_rollout,stocks,natural-v6-20261005/stocks/07,1,initial,problem_statement,new_unmentioned_slot,True,False,,"[""\""log share return in percent\""""]",Could you forecast daily log share return in percent? There is one observation per day. Predict 12 days ahead but refresh the forecast every 3 days.
base,natural_rollout,stocks,natural-v6-20261005/stocks/07,1,initial,refresh_frequency,new_unmentioned_slot,True,False,,"[""{\""periods\"":3,\""unit\"":\""day\""}""]",Could you forecast daily log share return in percent? There is one observation per day. Predict 12 days ahead but refresh the forecast every 3 days.
base,natural_rollout,stocks,natural-v6-20261005/stocks/07,1,initial,target_description,absent_from_readable_emissions,True,False,"""daily log share return""",[],Could you forecast daily log share return in percent? There is one observation per day. Predict 12 days ahead but refresh the forecast every 3 days.
base,natural_rollout,stocks,natural-v6-20261005/stocks/07,1,initial,target_unit,absent_from_readable_emissions,True,False,"""percent""",[],Could you forecast daily log share return in percent? There is one observation per day. Predict 12 days ahead but refresh the forecast every 3 days.
base,natural_rollout,stocks,natural-v6-20261005/stocks/07,2,correction,forecast_horizon,different_value_or_type_not_adjudicated_semantically,True,False,"{""periods"":15,""unit"":""day""}","[""\""15 days\""""]",One correction to my specification: the forecast horizon is now 15 days.
base,natural_rollout,stocks,natural-v6-20261005/stocks/07,3,unknown,prediction_interval_levels,new_unmentioned_slot,True,False,,"[""null""]","No guesswork: I haven't decided the timezone, seasonal periods or prediction interval levels."
base,natural_rollout,stocks,natural-v6-20261005/stocks/07,3,unknown,seasonal_periods,new_unmentioned_slot,True,False,,"[""null""]","No guesswork: I haven't decided the timezone, seasonal periods or prediction interval levels."
base,natural_rollout,stocks,natural-v6-20261005/stocks/07,3,unknown,timezone,new_unmentioned_slot,True,False,,"[""null""]","No guesswork: I haven't decided the timezone, seasonal periods or prediction interval levels."
base,natural_rollout,stocks,natural-v6-20261005/stocks/08,1,initial,file_format,wrong_status,True,False,"""xlsx""","[""\""xlsx\""""]",I want to forecast ETF trading volume in shares. I have weekly data and need the next 6 weeks. I will upload the spreadsheet in xlsx format.
base,natural_rollout,stocks,natural-v6-20261005/stocks/08,1,initial,forecast_horizon,absent_from_readable_emissions,True,False,"{""periods"":6,""unit"":""week""}",[],I want to forecast ETF trading volume in shares. I have weekly data and need the next 6 weeks. I will upload the spreadsheet in xlsx format.
base,natural_rollout,stocks,natural-v6-20261005/stocks/08,1,initial,frequency,different_value_or_type_not_adjudicated_semantically,True,False,"{""periods"":1,""unit"":""week""}","[""{\""periods\"":6,\""unit\"":\""week\""}""]",I want to forecast ETF trading volume in shares. I have weekly data and need the next 6 weeks. I will upload the spreadsheet in xlsx format.
base,natural_rollout,stocks,natural-v6-20261005/stocks/08,1,initial,problem_statement,new_unmentioned_slot,True,False,,"[""\""ETF trading volume in shares\""""]",I want to forecast ETF trading volume in shares. I have weekly data and need the next 6 weeks. I will upload the spreadsheet in xlsx format.
base,natural_rollout,stocks,natural-v6-20261005/stocks/08,1,initial,source_mode,wrong_status,True,False,"""upload""","[""\""upload\""""]",I want to forecast ETF trading volume in shares. I have weekly data and need the next 6 weeks. I will upload the spreadsheet in xlsx format.
base,natural_rollout,stocks,natural-v6-20261005/stocks/08,1,initial,target_column,new_unmentioned_slot,True,False,,"[""\""trading volume\""""]",I want to forecast ETF trading volume in shares. I have weekly data and need the next 6 weeks. I will upload the spreadsheet in xlsx format.
base,natural_rollout,stocks,natural-v6-20261005/stocks/08,1,initial,target_description,absent_from_readable_emissions,True,False,"""ETF trading volume""",[],I want to forecast ETF trading volume in shares. I have weekly data and need the next 6 weeks. I will upload the spreadsheet in xlsx format.
base,natural_rollout,stocks,natural-v6-20261005/stocks/08,1,initial,target_unit,wrong_status,True,False,"""shares""","[""\""shares\""""]",I want to forecast ETF trading volume in shares. I have weekly data and need the next 6 weeks. I will upload the spreadsheet in xlsx format.
base,natural_rollout,stocks,natural-v6-20261005/stocks/08,2,correction,forecast_horizon,different_value_or_type_not_adjudicated_semantically,True,False,"{""periods"":9,""unit"":""week""}","[""\""9 weeks\""""]",Replace the horizon I gave you with 9 weeks.
base,natural_rollout,stocks,natural-v6-20261005/stocks/08,3,unknown,prediction_interval_levels,new_unmentioned_slot,True,False,,"[""\""unknown\""""]","Those details are still unknown: timezone, seasonal periods and prediction interval levels. I cannot give you an authentication reference."
base,natural_rollout,stocks,natural-v6-20261005/stocks/08,3,unknown,seasonal_periods,new_unmentioned_slot,True,False,,"[""\""unknown\""""]","Those details are still unknown: timezone, seasonal periods and prediction interval levels. I cannot give you an authentication reference."
base,natural_rollout,stocks,natural-v6-20261005/stocks/08,3,unknown,timezone,new_unmentioned_slot,True,False,,"[""\""unknown\""""]","Those details are still unknown: timezone, seasonal periods and prediction interval levels. I cannot give you an authentication reference."
base,natural_rollout,crypto,natural-v6-20261005/crypto/01,1,initial,forecast_horizon,absent_from_readable_emissions,True,False,"{""periods"":20,""unit"":""hour""}",[],"Can you forecast BTC/USD spot price in USD per BTC? My observations are hourly and I want 20 hours ahead, not a futures price."
base,natural_rollout,crypto,natural-v6-20261005/crypto/01,1,initial,frequency,different_value_or_type_not_adjudicated_semantically,True,False,"{""periods"":1,""unit"":""hour""}","[""{\""periods\"":20,\""unit\"":\""hour\""}""]","Can you forecast BTC/USD spot price in USD per BTC? My observations are hourly and I want 20 hours ahead, not a futures price."
base,natural_rollout,crypto,natural-v6-20261005/crypto/01,1,initial,problem_statement,new_unmentioned_slot,True,False,,"[""\""BTC/USD spot price\""""]","Can you forecast BTC/USD spot price in USD per BTC? My observations are hourly and I want 20 hours ahead, not a futures price."
base,natural_rollout,crypto,natural-v6-20261005/crypto/01,1,initial,target_description,absent_from_readable_emissions,True,False,"""BTC/USD spot price""",[],"Can you forecast BTC/USD spot price in USD per BTC? My observations are hourly and I want 20 hours ahead, not a futures price."
base,natural_rollout,crypto,natural-v6-20261005/crypto/01,1,initial,target_unit,different_value_or_type_not_adjudicated_semantically,True,False,"""USD per BTC""","[""\""USD\""""]","Can you forecast BTC/USD spot price in USD per BTC? My observations are hourly and I want 20 hours ahead, not a futures price."
base,natural_rollout,crypto,natural-v6-20261005/crypto/01,2,correction,forecast_horizon,different_value_or_type_not_adjudicated_semantically,True,False,"{""periods"":23,""unit"":""hour""}","[""\""23 hours\""""]","Actually, change the forecast horizon to 23 hours instead. Leave the other requirements alone."
base,natural_rollout,crypto,natural-v6-20261005/crypto/01,3,unknown,prediction_interval_levels,new_unmentioned_slot,True,False,,"[""\""unknown\""""]","I do not know the timezone, seasonal periods or prediction interval levels yet. Ask me; do not fill them in."
base,natural_rollout,crypto,natural-v6-20261005/crypto/01,3,unknown,seasonal_periods,new_unmentioned_slot,True,False,,"[""\""unknown\""""]","I do not know the timezone, seasonal periods or prediction interval levels yet. Ask me; do not fill them in."
base,natural_rollout,crypto,natural-v6-20261005/crypto/01,3,unknown,timezone,new_unmentioned_slot,True,False,,"[""\""unknown\""""]","I do not know the timezone, seasonal periods or prediction interval levels yet. Ask me; do not fill them in."
base,natural_rollout,crypto,natural-v6-20261005/crypto/02,1,initial,forecast_horizon,wrong_status,True,False,"{""periods"":14,""unit"":""hour""}","[""{\""periods\"":14,\""unit\"":\""hour\""}""]","Please predict ETH trading volume, in ETH, using observations every 2 hours. I need the next 14 hours."
base,natural_rollout,crypto,natural-v6-20261005/crypto/02,1,initial,frequency,wrong_status,True,False,"{""periods"":2,""unit"":""hour""}","[""{\""periods\"":2,\""unit\"":\""hour\""}""]","Please predict ETH trading volume, in ETH, using observations every 2 hours. I need the next 14 hours."
base,natural_rollout,crypto,natural-v6-20261005/crypto/02,1,initial,problem_statement,new_unmentioned_slot,True,False,,"[""\""Please predict ETH trading volume, in ETH, using observations every 2 hours. I need the next 14 hours.\""""]","Please predict ETH trading volume, in ETH, using observations every 2 hours. I need the next 14 hours."
base,natural_rollout,crypto,natural-v6-20261005/crypto/02,1,initial,target_column,new_unmentioned_slot,True,False,,"[""\""ETH trading volume\""""]","Please predict ETH trading volume, in ETH, using observations every 2 hours. I need the next 14 hours."
base,natural_rollout,crypto,natural-v6-20261005/crypto/02,1,initial,target_description,absent_from_readable_emissions,True,False,"""ETH trading volume""",[],"Please predict ETH trading volume, in ETH, using observations every 2 hours. I need the next 14 hours."
base,natural_rollout,crypto,natural-v6-20261005/crypto/02,1,initial,target_unit,wrong_status,True,False,"""ETH""","[""\""ETH\""""]","Please predict ETH trading volume, in ETH, using observations every 2 hours. I need the next 14 hours."
base,natural_rollout,crypto,natural-v6-20261005/crypto/02,2,correction,forecast_horizon,different_value_or_type_not_adjudicated_semantically,True,True,"{""periods"":17,""unit"":""hour""}","[""17""]","Correction: I need 17 hours ahead, replacing the earlier horizon."
base,natural_rollout,crypto,natural-v6-20261005/crypto/02,3,unknown,authentication_reference,new_unmentioned_slot,True,False,,"[""\""undecided\""""]","Timezone is undecided, and I haven't chosen seasonal periods or prediction interval levels. I don't have credentials to share either."
base,natural_rollout,crypto,natural-v6-20261005/crypto/02,3,unknown,prediction_interval_levels,new_unmentioned_slot,True,False,,"[""\""undecided\""""]","Timezone is undecided, and I haven't chosen seasonal periods or prediction interval levels. I don't have credentials to share either."
base,natural_rollout,crypto,natural-v6-20261005/crypto/02,3,unknown,seasonal_periods,new_unmentioned_slot,True,False,,"[""\""undecided\""""]","Timezone is undecided, and I haven't chosen seasonal periods or prediction interval levels. I don't have credentials to share either."
base,natural_rollout,crypto,natural-v6-20261005/crypto/02,3,unknown,timezone,new_unmentioned_slot,True,False,,"[""\""undecided\""""]","Timezone is undecided, and I haven't chosen seasonal periods or prediction interval levels. I don't have credentials to share either."
base,natural_rollout,crypto,natural-v6-20261005/crypto/03,1,initial,file_format,wrong_status,True,False,"""csv""","[""\""csv\""""]",Help me forecast perpetual-swap funding rate. Units are percent per 8 hours and observations come every 8 hours. Look ahead 48 hours. I will upload CSV data.
base,natural_rollout,crypto,natural-v6-20261005/crypto/03,1,initial,forecast_horizon,different_value_or_type_not_adjudicated_semantically,True,False,"{""periods"":48,""unit"":""hour""}","[""{\""periods\"":48,\""unit\"":\""hours\""}""]",Help me forecast perpetual-swap funding rate. Units are percent per 8 hours and observations come every 8 hours. Look ahead 48 hours. I will upload CSV data.
base,natural_rollout,crypto,natural-v6-20261005/crypto/03,1,initial,frequency,different_value_or_type_not_adjudicated_semantically,True,False,"{""periods"":8,""unit"":""hour""}","[""{\""periods\"":1,\""unit\"":\""8 hours\""}""]",Help me forecast perpetual-swap funding rate. Units are percent per 8 hours and observations come every 8 hours. Look ahead 48 hours. I will upload CSV data.
base,natural_rollout,crypto,natural-v6-20261005/crypto/03,1,initial,output_format,new_unmentioned_slot,True,False,,"[""\""csv\""""]",Help me forecast perpetual-swap funding rate. Units are percent per 8 hours and observations come every 8 hours. Look ahead 48 hours. I will upload CSV data.
base,natural_rollout,crypto,natural-v6-20261005/crypto/03,1,initial,problem_statement,new_unmentioned_slot,True,False,,"[""\""perpetual-swap funding rate\""""]",Help me forecast perpetual-swap funding rate. Units are percent per 8 hours and observations come every 8 hours. Look ahead 48 hours. I will upload CSV data.
base,natural_rollout,crypto,natural-v6-20261005/crypto/03,1,initial,source_mode,wrong_status,True,False,"""upload""","[""\""upload\""""]",Help me forecast perpetual-swap funding rate. Units are percent per 8 hours and observations come every 8 hours. Look ahead 48 hours. I will upload CSV data.
base,natural_rollout,crypto,natural-v6-20261005/crypto/03,1,initial,target_description,absent_from_readable_emissions,True,False,"""perpetual-swap funding rate""",[],Help me forecast perpetual-swap funding rate. Units are percent per 8 hours and observations come every 8 hours. Look ahead 48 hours. I will upload CSV data.
base,natural_rollout,crypto,natural-v6-20261005/crypto/03,1,initial,target_unit,different_value_or_type_not_adjudicated_semantically,True,False,"""percent per 8 hours""","[""\""percent\""""]",Help me forecast perpetual-swap funding rate. Units are percent per 8 hours and observations come every 8 hours. Look ahead 48 hours. I will upload CSV data.
base,natural_rollout,crypto,natural-v6-20261005/crypto/03,2,correction,forecast_horizon,absent_from_readable_emissions,True,False,"{""periods"":51,""unit"":""hour""}",[],"I changed my mind about the horizon. Forecast the next 51 hours, please."
base,natural_rollout,crypto,natural-v6-20261005/crypto/03,2,correction,problem_statement,new_unmentioned_slot,True,False,,"[""\""Forecast the next 51 hours\""""]","I changed my mind about the horizon. Forecast the next 51 hours, please."
base,natural_rollout,crypto,natural-v6-20261005/crypto/04,1,initial,forecast_horizon,different_value_or_type_not_adjudicated_semantically,True,False,"{""periods"":30,""unit"":""hour""}","[""{\""periods\"":30,\""unit\"":\""day\""}""]",I need a forecast of futures open interest in contracts. This is hourly data and the horizon is 30 hours. Read open_contracts as the target and event_time as the timestamp.
base,natural_rollout,crypto,natural-v6-20261005/crypto/04,1,initial,frequency,wrong_status,True,False,"{""periods"":1,""unit"":""hour""}","[""{\""periods\"":1,\""unit\"":\""hour\""}""]",I need a forecast of futures open interest in contracts. This is hourly data and the horizon is 30 hours. Read open_contracts as the target and event_time as the timestamp.
base,natural_rollout,crypto,natural-v6-20261005/crypto/04,1,initial,problem_statement,new_unmentioned_slot,True,False,,"[""\""futures open interest\""""]",I need a forecast of futures open interest in contracts. This is hourly data and the horizon is 30 hours. Read open_contracts as the target and event_time as the timestamp.
base,natural_rollout,crypto,natural-v6-20261005/crypto/04,1,initial,target_column,wrong_status,True,False,"""open_contracts""","[""\""open_contracts\""""]",I need a forecast of futures open interest in contracts. This is hourly data and the horizon is 30 hours. Read open_contracts as the target and event_time as the timestamp.
base,natural_rollout,crypto,natural-v6-20261005/crypto/04,1,initial,target_description,absent_from_readable_emissions,True,False,"""futures open interest""",[],I need a forecast of futures open interest in contracts. This is hourly data and the horizon is 30 hours. Read open_contracts as the target and event_time as the timestamp.
base,natural_rollout,crypto,natural-v6-20261005/crypto/04,1,initial,target_unit,absent_from_readable_emissions,True,False,"""contracts""",[],I need a forecast of futures open interest in contracts. This is hourly data and the horizon is 30 hours. Read open_contracts as the target and event_time as the timestamp.
base,natural_rollout,crypto,natural-v6-20261005/crypto/04,1,initial,time_column,wrong_status,True,False,"""event_time""","[""\""event_time\""""]",I need a forecast of futures open interest in contracts. This is hourly data and the horizon is 30 hours. Read open_contracts as the target and event_time as the timestamp.
base,natural_rollout,crypto,natural-v6-20261005/crypto/04,2,correction,forecast_horizon,different_value_or_type_not_adjudicated_semantically,True,False,"{""periods"":33,""unit"":""hour""}","[""\""33 hours\""""]",That previous forecast horizon is wrong: make it 33 hours.
base,natural_rollout,crypto,natural-v6-20261005/crypto/04,3,unknown,prediction_interval_levels,new_unmentioned_slot,True,False,,"[""null""]",I haven't worked out the timezone or seasonal periods. We have no decision on prediction interval levels yet.
base,natural_rollout,crypto,natural-v6-20261005/crypto/04,3,unknown,seasonal_periods,new_unmentioned_slot,True,False,,"[""null""]",I haven't worked out the timezone or seasonal periods. We have no decision on prediction interval levels yet.
base,natural_rollout,crypto,natural-v6-20261005/crypto/04,3,unknown,timezone,new_unmentioned_slot,True,False,,"[""null""]",I haven't worked out the timezone or seasonal periods. We have no decision on prediction interval levels yet.
base,natural_rollout,crypto,natural-v6-20261005/crypto/05,1,initial,allow_negative_values,new_unmentioned_slot,True,False,,"[""false""]","Please forecast realized volatility, in percent per year, from daily observations for the next 7 days."
base,natural_rollout,crypto,natural-v6-20261005/crypto/05,1,initial,calendar_type,new_unmentioned_slot,True,False,,"[""\""calendar\""""]","Please forecast realized volatility, in percent per year, from daily observations for the next 7 days."
base,natural_rollout,crypto,natural-v6-20261005/crypto/05,1,initial,forecast_horizon,wrong_status,True,False,"{""periods"":7,""unit"":""day""}","[""{\""periods\"":7,\""unit\"":\""day\""}""]","Please forecast realized volatility, in percent per year, from daily observations for the next 7 days."
base,natural_rollout,crypto,natural-v6-20261005/crypto/05,1,initial,frequency,different_value_or_type_not_adjudicated_semantically,True,False,"{""periods"":1,""unit"":""day""}","[""{\""periods\"":7,\""unit\"":\""day\""}""]","Please forecast realized volatility, in percent per year, from daily observations for the next 7 days."
base,natural_rollout,crypto,natural-v6-20261005/crypto/05,1,initial,output_format,new_unmentioned_slot,True,False,,"[""\""json\""""]","Please forecast realized volatility, in percent per year, from daily observations for the next 7 days."
base,natural_rollout,crypto,natural-v6-20261005/crypto/05,1,initial,problem_statement,new_unmentioned_slot,True,False,,"[""\""realized volatility\""""]","Please forecast realized volatility, in percent per year, from daily observations for the next 7 days."
base,natural_rollout,crypto,natural-v6-20261005/crypto/05,1,initial,target_bounds,new_unmentioned_slot,True,False,,"[""{\""max\"":null,\""min\"":null}""]","Please forecast realized volatility, in percent per year, from daily observations for the next 7 days."
base,natural_rollout,crypto,natural-v6-20261005/crypto/05,1,initial,target_description,different_value_or_type_not_adjudicated_semantically,True,False,"""realized volatility""","[""\""volatility\""""]","Please forecast realized volatility, in percent per year, from daily observations for the next 7 days."
base,natural_rollout,crypto,natural-v6-20261005/crypto/05,1,initial,target_unit,different_value_or_type_not_adjudicated_semantically,True,False,"""percent per year""","[""\""percent\""""]","Please forecast realized volatility, in percent per year, from daily observations for the next 7 days."
base,natural_rollout,crypto,natural-v6-20261005/crypto/05,1,initial,time_column,new_unmentioned_slot,True,False,,"[""\""date\""""]","Please forecast realized volatility, in percent per year, from daily observations for the next 7 days."
base,natural_rollout,crypto,natural-v6-20261005/crypto/05,2,correction,forecast_horizon,different_value_or_type_not_adjudicated_semantically,True,False,"{""periods"":10,""unit"":""day""}","[""\""10 days\""""]",Please revise the forecast horizon to 10 days. Everything else stays the same.
base,natural_rollout,crypto,natural-v6-20261005/crypto/05,3,unknown,prediction_interval_levels,new_unmentioned_slot,True,False,,"[""null""]","Please leave timezone, seasonal periods and prediction interval levels unset. I do not know their values."
base,natural_rollout,crypto,natural-v6-20261005/crypto/05,3,unknown,seasonal_periods,new_unmentioned_slot,True,False,,"[""null""]","Please leave timezone, seasonal periods and prediction interval levels unset. I do not know their values."
base,natural_rollout,crypto,natural-v6-20261005/crypto/05,3,unknown,timezone,new_unmentioned_slot,True,False,,"[""null""]","Please leave timezone, seasonal periods and prediction interval levels unset. I do not know their values."
base,natural_rollout,crypto,natural-v6-20261005/crypto/06,1,initial,file_format,wrong_status,True,False,"""parquet""","[""\""parquet\""""]","Predict futures-minus-spot basis, measured in basis points. Each observation is 1 hour apart; I need a 2 day horizon. The file will be parquet."
base,natural_rollout,crypto,natural-v6-20261005/crypto/06,1,initial,forecast_horizon,wrong_status,True,False,"{""periods"":2,""unit"":""day""}","[""{\""periods\"":2,\""unit\"":\""day\""}""]","Predict futures-minus-spot basis, measured in basis points. Each observation is 1 hour apart; I need a 2 day horizon. The file will be parquet."
base,natural_rollout,crypto,natural-v6-20261005/crypto/06,1,initial,frequency,wrong_status,True,False,"{""periods"":1,""unit"":""hour""}","[""{\""periods\"":1,\""unit\"":\""hour\""}""]","Predict futures-minus-spot basis, measured in basis points. Each observation is 1 hour apart; I need a 2 day horizon. The file will be parquet."
base,natural_rollout,crypto,natural-v6-20261005/crypto/06,1,initial,problem_statement,new_unmentioned_slot,True,False,,"[""\""futures-minus-spot basis\""""]","Predict futures-minus-spot basis, measured in basis points. Each observation is 1 hour apart; I need a 2 day horizon. The file will be parquet."
base,natural_rollout,crypto,natural-v6-20261005/crypto/06,1,initial,source_mode,new_unmentioned_slot,True,False,,"[""\""upload\""""]","Predict futures-minus-spot basis, measured in basis points. Each observation is 1 hour apart; I need a 2 day horizon. The file will be parquet."
base,natural_rollout,crypto,natural-v6-20261005/crypto/06,1,initial,target_description,absent_from_readable_emissions,True,False,"""futures-minus-spot basis""",[],"Predict futures-minus-spot basis, measured in basis points. Each observation is 1 hour apart; I need a 2 day horizon. The file will be parquet."
base,natural_rollout,crypto,natural-v6-20261005/crypto/06,1,initial,target_unit,wrong_status,True,False,"""basis points""","[""\""basis points\""""]","Predict futures-minus-spot basis, measured in basis points. Each observation is 1 hour apart; I need a 2 day horizon. The file will be parquet."
base,natural_rollout,crypto,natural-v6-20261005/crypto/06,2,correction,forecast_horizon,different_value_or_type_not_adjudicated_semantically,True,False,"{""periods"":5,""unit"":""day""}","[""\""5 days\""""]",Use 5 days for the forecast horizon instead of my earlier request.
base,natural_rollout,crypto,natural-v6-20261005/crypto/06,3,unknown,prediction_interval_levels,new_unmentioned_slot,True,False,,"[""\""prediction_interval_levels\""""]","I need your questions about timezone, seasonal periods and prediction interval levels because I don't know them."
base,natural_rollout,crypto,natural-v6-20261005/crypto/06,3,unknown,seasonal_periods,new_unmentioned_slot,True,False,,"[""\""seasonal_periods\""""]","I need your questions about timezone, seasonal periods and prediction interval levels because I don't know them."
base,natural_rollout,crypto,natural-v6-20261005/crypto/06,3,unknown,timezone,new_unmentioned_slot,True,False,,"[""\""timezone\""""]","I need your questions about timezone, seasonal periods and prediction interval levels because I don't know them."
base,natural_rollout,crypto,natural-v6-20261005/crypto/07,1,initial,forecast_horizon,wrong_status,True,False,"{""periods"":18,""unit"":""hour""}","[""{\""periods\"":18,\""unit\"":\""hour\""}""]","Can you forecast BTC log return in percent? I have one observation every hour. Predict 18 hours ahead, but make a fresh forecast every 6 hours."
base,natural_rollout,crypto,natural-v6-20261005/crypto/07,1,initial,frequency,wrong_status,True,False,"{""periods"":1,""unit"":""hour""}","[""{\""periods\"":1,\""unit\"":\""hour\""}""]","Can you forecast BTC log return in percent? I have one observation every hour. Predict 18 hours ahead, but make a fresh forecast every 6 hours."
base,natural_rollout,crypto,natural-v6-20261005/crypto/07,1,initial,prediction_frequency,wrong_status,True,False,"{""periods"":6,""unit"":""hour""}","[""{\""periods\"":6,\""unit\"":\""hour\""}""]","Can you forecast BTC log return in percent? I have one observation every hour. Predict 18 hours ahead, but make a fresh forecast every 6 hours."
base,natural_rollout,crypto,natural-v6-20261005/crypto/07,1,initial,problem_statement,new_unmentioned_slot,True,False,,"[""\""BTC log return in percent\""""]","Can you forecast BTC log return in percent? I have one observation every hour. Predict 18 hours ahead, but make a fresh forecast every 6 hours."
base,natural_rollout,crypto,natural-v6-20261005/crypto/07,1,initial,target_description,absent_from_readable_emissions,True,False,"""BTC log return""",[],"Can you forecast BTC log return in percent? I have one observation every hour. Predict 18 hours ahead, but make a fresh forecast every 6 hours."
base,natural_rollout,crypto,natural-v6-20261005/crypto/07,1,initial,target_unit,absent_from_readable_emissions,True,False,"""percent""",[],"Can you forecast BTC log return in percent? I have one observation every hour. Predict 18 hours ahead, but make a fresh forecast every 6 hours."
base,natural_rollout,crypto,natural-v6-20261005/crypto/07,2,correction,forecast_horizon,different_value_or_type_not_adjudicated_semantically,True,False,"{""periods"":21,""unit"":""hour""}","[""\""21 hours\""""]",One correction to my specification: the forecast horizon is now 21 hours.
base,natural_rollout,crypto,natural-v6-20261005/crypto/07,3,unknown,prediction_interval_levels,new_unmentioned_slot,True,False,,"[""null""]","No guesswork: I haven't decided the timezone, seasonal periods or prediction interval levels."
base,natural_rollout,crypto,natural-v6-20261005/crypto/07,3,unknown,seasonal_periods,new_unmentioned_slot,True,False,,"[""null""]","No guesswork: I haven't decided the timezone, seasonal periods or prediction interval levels."
base,natural_rollout,crypto,natural-v6-20261005/crypto/07,3,unknown,timezone,new_unmentioned_slot,True,False,,"[""null""]","No guesswork: I haven't decided the timezone, seasonal periods or prediction interval levels."
base,natural_rollout,crypto,natural-v6-20261005/crypto/08,1,initial,file_format,wrong_status,True,False,"""json""","[""\""json\""""]",I want a forecast of digital-asset market capitalization in millions of USD. We observe it daily and need 15 days ahead. I will upload JSON data.
base,natural_rollout,crypto,natural-v6-20261005/crypto/08,1,initial,forecast_horizon,wrong_status,True,False,"{""periods"":15,""unit"":""day""}","[""{\""periods\"":15,\""unit\"":\""day\""}""]",I want a forecast of digital-asset market capitalization in millions of USD. We observe it daily and need 15 days ahead. I will upload JSON data.
base,natural_rollout,crypto,natural-v6-20261005/crypto/08,1,initial,frequency,wrong_status,True,False,"{""periods"":1,""unit"":""day""}","[""{\""periods\"":1,\""unit\"":\""day\""}""]",I want a forecast of digital-asset market capitalization in millions of USD. We observe it daily and need 15 days ahead. I will upload JSON data.
base,natural_rollout,crypto,natural-v6-20261005/crypto/08,1,initial,problem_statement,new_unmentioned_slot,True,False,,"[""\""digital-asset market capitalization\""""]",I want a forecast of digital-asset market capitalization in millions of USD. We observe it daily and need 15 days ahead. I will upload JSON data.
base,natural_rollout,crypto,natural-v6-20261005/crypto/08,1,initial,source_mode,wrong_status,True,False,"""upload""","[""\""upload\""""]",I want a forecast of digital-asset market capitalization in millions of USD. We observe it daily and need 15 days ahead. I will upload JSON data.
base,natural_rollout,crypto,natural-v6-20261005/crypto/08,1,initial,target_description,absent_from_readable_emissions,True,False,"""digital-asset market capitalization""",[],I want a forecast of digital-asset market capitalization in millions of USD. We observe it daily and need 15 days ahead. I will upload JSON data.
base,natural_rollout,crypto,natural-v6-20261005/crypto/08,1,initial,target_unit,wrong_status,True,False,"""millions of USD""","[""\""millions of USD\""""]",I want a forecast of digital-asset market capitalization in millions of USD. We observe it daily and need 15 days ahead. I will upload JSON data.
base,natural_rollout,crypto,natural-v6-20261005/crypto/08,2,correction,forecast_horizon,different_value_or_type_not_adjudicated_semantically,True,True,"{""periods"":18,""unit"":""day""}","[""18""]",Replace the horizon I gave you with 18 days.
base,natural_rollout,crypto,natural-v6-20261005/crypto/08,3,unknown,authentication_reference,new_unmentioned_slot,True,False,,"[""\""unknown\""""]","Those details are still unknown: timezone, seasonal periods and prediction interval levels. I cannot give you an authentication reference."
base,natural_rollout,crypto,natural-v6-20261005/crypto/08,3,unknown,prediction_interval_levels,new_unmentioned_slot,True,False,,"[""\""unknown\""""]","Those details are still unknown: timezone, seasonal periods and prediction interval levels. I cannot give you an authentication reference."
base,natural_rollout,crypto,natural-v6-20261005/crypto/08,3,unknown,seasonal_periods,new_unmentioned_slot,True,False,,"[""\""unknown\""""]","Those details are still unknown: timezone, seasonal periods and prediction interval levels. I cannot give you an authentication reference."
base,natural_rollout,crypto,natural-v6-20261005/crypto/08,3,unknown,timezone,new_unmentioned_slot,True,False,,"[""\""unknown\""""]","Those details are still unknown: timezone, seasonal periods and prediction interval levels. I cannot give you an authentication reference."
v5,natural_component,weather,natural-v6-20261005/weather/01,1,initial,file_format,exact_readable_content,True,True,"""csv""","[""\""csv\""""]","Could you forecast afternoon air temperature? My readings are daily, in degrees Celsius, and I need the next 5 days. The file is CSV."
v5,natural_component,weather,natural-v6-20261005/weather/01,1,initial,forecast_horizon,exact_readable_content,True,True,"{""periods"":5,""unit"":""day""}","[""{\""periods\"":5,\""unit\"":\""day\""}""]","Could you forecast afternoon air temperature? My readings are daily, in degrees Celsius, and I need the next 5 days. The file is CSV."
v5,natural_component,weather,natural-v6-20261005/weather/01,1,initial,frequency,exact_readable_content,True,True,"{""periods"":1,""unit"":""day""}","[""{\""periods\"":1,\""unit\"":\""day\""}""]","Could you forecast afternoon air temperature? My readings are daily, in degrees Celsius, and I need the next 5 days. The file is CSV."
v5,natural_component,weather,natural-v6-20261005/weather/01,1,initial,target_description,absent_from_readable_emissions,True,True,"""afternoon air temperature""",[],"Could you forecast afternoon air temperature? My readings are daily, in degrees Celsius, and I need the next 5 days. The file is CSV."
v5,natural_component,weather,natural-v6-20261005/weather/01,1,initial,target_unit,different_value_or_type_not_adjudicated_semantically,True,True,"""degrees Celsius""","[""\""celsius\""""]","Could you forecast afternoon air temperature? My readings are daily, in degrees Celsius, and I need the next 5 days. The file is CSV."
v5,natural_component,weather,natural-v6-20261005/weather/01,2,correction,forecast_horizon,normalization_only,True,True,"{""periods"":8,""unit"":""day""}","[""{\""periods\"":8.0,\""unit\"":\""day\""}""]","Actually, change the forecast horizon to 8 days instead. Leave the other requirements alone."
v5,natural_component,weather,natural-v6-20261005/weather/02,1,initial,aggregation_method,new_unmentioned_slot,True,False,,"[""\""sum\""""]","Rain is what I care about: please predict accumulated rainfall, measured in millimetres. I have hourly readings and want 36 hours ahead."
v5,natural_component,weather,natural-v6-20261005/weather/02,1,initial,forecast_horizon,exact_readable_content,True,False,"{""periods"":36,""unit"":""hour""}","[""{\""periods\"":36,\""unit\"":\""hour\""}""]","Rain is what I care about: please predict accumulated rainfall, measured in millimetres. I have hourly readings and want 36 hours ahead."
v5,natural_component,weather,natural-v6-20261005/weather/02,1,initial,frequency,exact_readable_content,True,False,"{""periods"":1,""unit"":""hour""}","[""{\""periods\"":1,\""unit\"":\""hour\""}""]","Rain is what I care about: please predict accumulated rainfall, measured in millimetres. I have hourly readings and want 36 hours ahead."
v5,natural_component,weather,natural-v6-20261005/weather/02,1,initial,target_description,different_value_or_type_not_adjudicated_semantically,True,False,"""accumulated rainfall""","[""\""Rain\""""]","Rain is what I care about: please predict accumulated rainfall, measured in millimetres. I have hourly readings and want 36 hours ahead."
v5,natural_component,weather,natural-v6-20261005/weather/02,1,initial,target_unit,exact_readable_content,True,False,"""millimetres""","[""\""millimetres\""""]","Rain is what I care about: please predict accumulated rainfall, measured in millimetres. I have hourly readings and want 36 hours ahead."
v5,natural_component,weather,natural-v6-20261005/weather/02,2,correction,forecast_horizon,exact_readable_content,True,True,"{""periods"":39,""unit"":""hour""}","[""{\""periods\"":39,\""unit\"":\""hour\""}""]","Correction: I need 39 hours ahead, replacing the earlier horizon."
v5,natural_component,weather,natural-v6-20261005/weather/02,3,unknown,timezone,new_unmentioned_slot,True,False,,"[""\""undecided\""""]","Timezone is undecided, and I haven't chosen seasonal periods or prediction interval levels. I don't have credentials to share either."
v5,natural_component,weather,natural-v6-20261005/weather/03,1,initial,file_format,exact_readable_content,True,True,"""parquet""","[""\""parquet\""""]","I need a forecast of peak wind speed in metres per second, every hour, out to 12 hours. I will upload the data as parquet."
v5,natural_component,weather,natural-v6-20261005/weather/03,1,initial,forecast_horizon,exact_readable_content,True,True,"{""periods"":12,""unit"":""hour""}","[""{\""periods\"":12,\""unit\"":\""hour\""}""]","I need a forecast of peak wind speed in metres per second, every hour, out to 12 hours. I will upload the data as parquet."
v5,natural_component,weather,natural-v6-20261005/weather/03,1,initial,frequency,exact_readable_content,True,True,"{""periods"":1,""unit"":""hour""}","[""{\""periods\"":1,\""unit\"":\""hour\""}""]","I need a forecast of peak wind speed in metres per second, every hour, out to 12 hours. I will upload the data as parquet."
v5,natural_component,weather,natural-v6-20261005/weather/03,1,initial,problem_statement,new_unmentioned_slot,True,True,,"[""\""peak wind speed\""""]","I need a forecast of peak wind speed in metres per second, every hour, out to 12 hours. I will upload the data as parquet."
v5,natural_component,weather,natural-v6-20261005/weather/03,1,initial,source_mode,absent_from_readable_emissions,True,True,"""upload""",[],"I need a forecast of peak wind speed in metres per second, every hour, out to 12 hours. I will upload the data as parquet."
v5,natural_component,weather,natural-v6-20261005/weather/03,1,initial,target_description,absent_from_readable_emissions,True,True,"""peak wind speed""",[],"I need a forecast of peak wind speed in metres per second, every hour, out to 12 hours. I will upload the data as parquet."
v5,natural_component,weather,natural-v6-20261005/weather/03,1,initial,target_unit,absent_from_readable_emissions,True,True,"""metres per second""",[],"I need a forecast of peak wind speed in metres per second, every hour, out to 12 hours. I will upload the data as parquet."
v5,natural_component,weather,natural-v6-20261005/weather/03,2,correction,forecast_horizon,normalization_only,True,True,"{""periods"":15,""unit"":""hour""}","[""{\""periods\"":15.0,\""unit\"":\""hour\""}""]","I changed my mind about the horizon. Forecast the next 15 hours, please."
v5,natural_component,weather,natural-v6-20261005/weather/04,1,initial,forecast_horizon,exact_readable_content,True,True,"{""periods"":9,""unit"":""day""}","[""{\""periods\"":9,\""unit\"":\""day\""}""]","Help me predict relative humidity. It is in percent, observed daily; look ahead 9 days. Read humidity_pct as the target and observation_date as the timestamp."
v5,natural_component,weather,natural-v6-20261005/weather/04,1,initial,frequency,absent_from_readable_emissions,True,True,"{""periods"":1,""unit"":""day""}",[],"Help me predict relative humidity. It is in percent, observed daily; look ahead 9 days. Read humidity_pct as the target and observation_date as the timestamp."
v5,natural_component,weather,natural-v6-20261005/weather/04,1,initial,target_column,exact_readable_content,True,True,"""humidity_pct""","[""\""humidity_pct\""""]","Help me predict relative humidity. It is in percent, observed daily; look ahead 9 days. Read humidity_pct as the target and observation_date as the timestamp."
v5,natural_component,weather,natural-v6-20261005/weather/04,1,initial,target_description,exact_readable_content,True,True,"""relative humidity""","[""\""relative humidity\""""]","Help me predict relative humidity. It is in percent, observed daily; look ahead 9 days. Read humidity_pct as the target and observation_date as the timestamp."
v5,natural_component,weather,natural-v6-20261005/weather/04,1,initial,target_unit,exact_readable_content,True,True,"""percent""","[""\""percent\""""]","Help me predict relative humidity. It is in percent, observed daily; look ahead 9 days. Read humidity_pct as the target and observation_date as the timestamp."
v5,natural_component,weather,natural-v6-20261005/weather/04,1,initial,time_column,exact_readable_content,True,True,"""observation_date""","[""\""observation_date\""""]","Help me predict relative humidity. It is in percent, observed daily; look ahead 9 days. Read humidity_pct as the target and observation_date as the timestamp."
v5,natural_component,weather,natural-v6-20261005/weather/04,2,correction,forecast_horizon,normalization_only,True,True,"{""periods"":12,""unit"":""day""}","[""{\""periods\"":12.0,\""unit\"":\""day\""}""]",That previous forecast horizon is wrong: make it 12 days.
v5,natural_component,weather,natural-v6-20261005/weather/05,1,initial,forecast_horizon,exact_readable_content,True,True,"{""periods"":18,""unit"":""hour""}","[""{\""periods\"":18,\""unit\"":\""hour\""}""]","What I want forecast is cloud cover, in percent. We record it every 3 hours. Please look 18 hours into the future."
v5,natural_component,weather,natural-v6-20261005/weather/05,1,initial,frequency,exact_readable_content,True,True,"{""periods"":3,""unit"":""hour""}","[""{\""periods\"":3,\""unit\"":\""hour\""}""]","What I want forecast is cloud cover, in percent. We record it every 3 hours. Please look 18 hours into the future."
v5,natural_component,weather,natural-v6-20261005/weather/05,1,initial,problem_statement,new_unmentioned_slot,True,True,,"[""\""cloud cover\""""]","What I want forecast is cloud cover, in percent. We record it every 3 hours. Please look 18 hours into the future."
v5,natural_component,weather,natural-v6-20261005/weather/05,1,initial,target_description,absent_from_readable_emissions,True,True,"""cloud cover""",[],"What I want forecast is cloud cover, in percent. We record it every 3 hours. Please look 18 hours into the future."
v5,natural_component,weather,natural-v6-20261005/weather/05,1,initial,target_unit,absent_from_readable_emissions,True,True,"""percent""",[],"What I want forecast is cloud cover, in percent. We record it every 3 hours. Please look 18 hours into the future."
v5,natural_component,weather,natural-v6-20261005/weather/05,2,correction,forecast_horizon,normalization_only,True,True,"{""periods"":21,""unit"":""hour""}","[""{\""periods\"":21.0,\""unit\"":\""hour\""}""]",Please revise the forecast horizon to 21 hours. Everything else stays the same.
v5,natural_component,weather,natural-v6-20261005/weather/06,1,initial,forecast_horizon,exact_readable_content,True,True,"{""periods"":2,""unit"":""day""}","[""{\""periods\"":2,\""unit\"":\""day\""}""]",Can we forecast sea-level pressure? Values are in hectopascals and arrive every 6 hours. I need a 2 day horizon.
v5,natural_component,weather,natural-v6-20261005/weather/06,1,initial,frequency,exact_readable_content,True,True,"{""periods"":6,""unit"":""hour""}","[""{\""periods\"":6,\""unit\"":\""hour\""}""]",Can we forecast sea-level pressure? Values are in hectopascals and arrive every 6 hours. I need a 2 day horizon.
v5,natural_component,weather,natural-v6-20261005/weather/06,1,initial,target_description,absent_from_readable_emissions,True,True,"""sea-level pressure""",[],Can we forecast sea-level pressure? Values are in hectopascals and arrive every 6 hours. I need a 2 day horizon.
v5,natural_component,weather,natural-v6-20261005/weather/06,1,initial,target_unit,exact_readable_content,True,True,"""hectopascals""","[""\""hectopascals\""""]",Can we forecast sea-level pressure? Values are in hectopascals and arrive every 6 hours. I need a 2 day horizon.
v5,natural_component,weather,natural-v6-20261005/weather/06,2,correction,forecast_horizon,normalization_only,True,True,"{""periods"":5,""unit"":""day""}","[""{\""periods\"":5.0,\""unit\"":\""day\""}""]",Use 5 days for the forecast horizon instead of my earlier request.
v5,natural_component,weather,natural-v6-20261005/weather/06,3,unknown,prediction_interval_levels,new_unmentioned_slot,True,True,,"[""\""prediction_interval_levels\""""]","I need your questions about timezone, seasonal periods and prediction interval levels because I don't know them."
v5,natural_component,weather,natural-v6-20261005/weather/06,3,unknown,seasonal_periods,new_unmentioned_slot,True,True,,"[""\""seasonal_periods\""""]","I need your questions about timezone, seasonal periods and prediction interval levels because I don't know them."
v5,natural_component,weather,natural-v6-20261005/weather/06,3,unknown,timezone,new_unmentioned_slot,True,True,,"[""\""timezone\""""]","I need your questions about timezone, seasonal periods and prediction interval levels because I don't know them."
v5,natural_component,weather,natural-v6-20261005/weather/07,1,initial,forecast_horizon,exact_readable_content,True,True,"{""periods"":8,""unit"":""day""}","[""{\""periods\"":8,\""unit\"":\""day\""}""]","Please predict overnight minimum temperature in degrees Fahrenheit. Observations are daily. Forecast 8 days ahead, and generate a fresh forecast every 2 days."
v5,natural_component,weather,natural-v6-20261005/weather/07,1,initial,frequency,exact_readable_content,True,True,"{""periods"":1,""unit"":""day""}","[""{\""periods\"":1,\""unit\"":\""day\""}""]","Please predict overnight minimum temperature in degrees Fahrenheit. Observations are daily. Forecast 8 days ahead, and generate a fresh forecast every 2 days."
v5,natural_component,weather,natural-v6-20261005/weather/07,1,initial,prediction_frequency,exact_readable_content,True,True,"{""periods"":2,""unit"":""day""}","[""{\""periods\"":2,\""unit\"":\""day\""}""]","Please predict overnight minimum temperature in degrees Fahrenheit. Observations are daily. Forecast 8 days ahead, and generate a fresh forecast every 2 days."
v5,natural_component,weather,natural-v6-20261005/weather/07,1,initial,target_description,different_value_or_type_not_adjudicated_semantically,True,True,"""overnight minimum temperature""","[""\""degrees_fahrenheit\""""]","Please predict overnight minimum temperature in degrees Fahrenheit. Observations are daily. Forecast 8 days ahead, and generate a fresh forecast every 2 days."
v5,natural_component,weather,natural-v6-20261005/weather/07,1,initial,target_unit,absent_from_readable_emissions,True,True,"""degrees Fahrenheit""",[],"Please predict overnight minimum temperature in degrees Fahrenheit. Observations are daily. Forecast 8 days ahead, and generate a fresh forecast every 2 days."
v5,natural_component,weather,natural-v6-20261005/weather/07,2,correction,forecast_horizon,normalization_only,True,True,"{""periods"":11,""unit"":""day""}","[""{\""periods\"":11.0,\""unit\"":\""day\""}""]",One correction to my specification: the forecast horizon is now 11 days.
v5,natural_component,weather,natural-v6-20261005/weather/08,1,initial,file_format,exact_readable_content,True,True,"""xlsx""","[""\""xlsx\""""]","Build a forecast for sunshine duration, measured in hours, with one observation every week. I need the next 4 weeks. The uploaded file is xlsx."
v5,natural_component,weather,natural-v6-20261005/weather/08,1,initial,forecast_horizon,exact_readable_content,True,True,"{""periods"":4,""unit"":""week""}","[""{\""periods\"":4,\""unit\"":\""week\""}""]","Build a forecast for sunshine duration, measured in hours, with one observation every week. I need the next 4 weeks. The uploaded file is xlsx."
v5,natural_component,weather,natural-v6-20261005/weather/08,1,initial,frequency,exact_readable_content,True,True,"{""periods"":1,""unit"":""week""}","[""{\""periods\"":1,\""unit\"":\""week\""}""]","Build a forecast for sunshine duration, measured in hours, with one observation every week. I need the next 4 weeks. The uploaded file is xlsx."
v5,natural_component,weather,natural-v6-20261005/weather/08,1,initial,source_mode,absent_from_readable_emissions,True,True,"""upload""",[],"Build a forecast for sunshine duration, measured in hours, with one observation every week. I need the next 4 weeks. The uploaded file is xlsx."
v5,natural_component,weather,natural-v6-20261005/weather/08,1,initial,target_description,exact_readable_content,True,True,"""sunshine duration""","[""\""sunshine duration\""""]","Build a forecast for sunshine duration, measured in hours, with one observation every week. I need the next 4 weeks. The uploaded file is xlsx."
v5,natural_component,weather,natural-v6-20261005/weather/08,1,initial,target_unit,absent_from_readable_emissions,True,True,"""hours""",[],"Build a forecast for sunshine duration, measured in hours, with one observation every week. I need the next 4 weeks. The uploaded file is xlsx."
v5,natural_component,weather,natural-v6-20261005/weather/08,2,correction,forecast_horizon,normalization_only,True,True,"{""periods"":7,""unit"":""week""}","[""{\""periods\"":7.0,\""unit\"":\""week\""}""]",Replace the horizon I gave you with 7 weeks.
v5,natural_component,inflation,natural-v6-20261005/inflation/01,1,initial,forecast_horizon,exact_readable_content,True,True,"{""periods"":5,""unit"":""month""}","[""{\""periods\"":5,\""unit\"":\""month\""}""]","Please forecast year-over-year CPI inflation, in percent, from monthly observations. I need the coming 5 months, not a forecast of the CPI index."
v5,natural_component,inflation,natural-v6-20261005/inflation/01,1,initial,frequency,absent_from_readable_emissions,True,True,"{""periods"":1,""unit"":""month""}",[],"Please forecast year-over-year CPI inflation, in percent, from monthly observations. I need the coming 5 months, not a forecast of the CPI index."
v5,natural_component,inflation,natural-v6-20261005/inflation/01,1,initial,target_description,absent_from_readable_emissions,True,True,"""year-over-year CPI inflation""",[],"Please forecast year-over-year CPI inflation, in percent, from monthly observations. I need the coming 5 months, not a forecast of the CPI index."
v5,natural_component,inflation,natural-v6-20261005/inflation/01,1,initial,target_unit,absent_from_readable_emissions,True,True,"""percent""",[],"Please forecast year-over-year CPI inflation, in percent, from monthly observations. I need the coming 5 months, not a forecast of the CPI index."
v5,natural_component,inflation,natural-v6-20261005/inflation/01,2,correction,forecast_horizon,normalization_only,True,True,"{""periods"":8,""unit"":""month""}","[""{\""periods\"":8.0,\""unit\"":\""month\""}""]","Actually, change the forecast horizon to 8 months instead. Leave the other requirements alone."
v5,natural_component,inflation,natural-v6-20261005/inflation/02,1,initial,forecast_horizon,exact_readable_content,True,True,"{""periods"":8,""unit"":""month""}","[""{\""periods\"":8,\""unit\"":\""month\""}""]","Can you predict the headline CPI index level? Units are index points, base 2015=100. It is monthly and I want 8 months ahead."
v5,natural_component,inflation,natural-v6-20261005/inflation/02,1,initial,frequency,normalization_only,True,True,"{""periods"":1,""unit"":""month""}","[""\""monthly\""""]","Can you predict the headline CPI index level? Units are index points, base 2015=100. It is monthly and I want 8 months ahead."
v5,natural_component,inflation,natural-v6-20261005/inflation/02,1,initial,target_description,absent_from_readable_emissions,True,True,"""headline CPI index level""",[],"Can you predict the headline CPI index level? Units are index points, base 2015=100. It is monthly and I want 8 months ahead."
v5,natural_component,inflation,natural-v6-20261005/inflation/02,1,initial,target_unit,different_value_or_type_not_adjudicated_semantically,True,True,"""index points, base 2015=100""","[""\""index points\""""]","Can you predict the headline CPI index level? Units are index points, base 2015=100. It is monthly and I want 8 months ahead."
v5,natural_component,inflation,natural-v6-20261005/inflation/02,2,correction,forecast_horizon,normalization_only,True,True,"{""periods"":11,""unit"":""month""}","[""{\""periods\"":11.0,\""unit\"":\""month\""}""]","Correction: I need 11 months ahead, replacing the earlier horizon."
v5,natural_component,inflation,natural-v6-20261005/inflation/02,3,unknown,timezone,new_unmentioned_slot,True,False,,"[""\""undecided\""""]","Timezone is undecided, and I haven't chosen seasonal periods or prediction interval levels. I don't have credentials to share either."
v5,natural_component,inflation,natural-v6-20261005/inflation/03,1,initial,file_format,exact_readable_content,True,True,"""csv""","[""\""csv\""""]",I need a forecast of month-over-month core inflation. The unit is percent. Observations arrive monthly; forecast the next 3 months. The file is csv.
v5,natural_component,inflation,natural-v6-20261005/inflation/03,1,initial,forecast_horizon,exact_readable_content,True,True,"{""periods"":3,""unit"":""month""}","[""{\""periods\"":3,\""unit\"":\""month\""}""]",I need a forecast of month-over-month core inflation. The unit is percent. Observations arrive monthly; forecast the next 3 months. The file is csv.
v5,natural_component,inflation,natural-v6-20261005/inflation/03,1,initial,frequency,absent_from_readable_emissions,True,True,"{""periods"":1,""unit"":""month""}",[],I need a forecast of month-over-month core inflation. The unit is percent. Observations arrive monthly; forecast the next 3 months. The file is csv.
v5,natural_component,inflation,natural-v6-20261005/inflation/03,1,initial,target_description,absent_from_readable_emissions,True,True,"""month-over-month core inflation""",[],I need a forecast of month-over-month core inflation. The unit is percent. Observations arrive monthly; forecast the next 3 months. The file is csv.
v5,natural_component,inflation,natural-v6-20261005/inflation/03,1,initial,target_unit,exact_readable_content,True,True,"""percent""","[""\""percent\""""]",I need a forecast of month-over-month core inflation. The unit is percent. Observations arrive monthly; forecast the next 3 months. The file is csv.
v5,natural_component,inflation,natural-v6-20261005/inflation/03,2,correction,forecast_horizon,normalization_only,True,True,"{""periods"":6,""unit"":""month""}","[""{\""periods\"":6.0,\""unit\"":\""month\""}""]","I changed my mind about the horizon. Forecast the next 6 months, please."
v5,natural_component,inflation,natural-v6-20261005/inflation/04,1,initial,forecast_horizon,exact_readable_content,True,True,"{""periods"":11,""unit"":""month""}","[""{\""periods\"":11,\""unit\"":\""month\""}""]",Help me predict food-price inflation in percent. There is one observation each month. Look 11 months ahead. The target column is food_inflation and the date column is month_end.
v5,natural_component,inflation,natural-v6-20261005/inflation/04,1,initial,frequency,absent_from_readable_emissions,True,True,"{""periods"":1,""unit"":""month""}",[],Help me predict food-price inflation in percent. There is one observation each month. Look 11 months ahead. The target column is food_inflation and the date column is month_end.
v5,natural_component,inflation,natural-v6-20261005/inflation/04,1,initial,target_column,exact_readable_content,True,True,"""food_inflation""","[""\""food_inflation\""""]",Help me predict food-price inflation in percent. There is one observation each month. Look 11 months ahead. The target column is food_inflation and the date column is month_end.
v5,natural_component,inflation,natural-v6-20261005/inflation/04,1,initial,target_description,absent_from_readable_emissions,True,True,"""food-price inflation""",[],Help me predict food-price inflation in percent. There is one observation each month. Look 11 months ahead. The target column is food_inflation and the date column is month_end.
v5,natural_component,inflation,natural-v6-20261005/inflation/04,1,initial,target_unit,exact_readable_content,True,True,"""percent""","[""\""percent\""""]",Help me predict food-price inflation in percent. There is one observation each month. Look 11 months ahead. The target column is food_inflation and the date column is month_end.
v5,natural_component,inflation,natural-v6-20261005/inflation/04,1,initial,time_column,exact_readable_content,True,True,"""month_end""","[""\""month_end\""""]",Help me predict food-price inflation in percent. There is one observation each month. Look 11 months ahead. The target column is food_inflation and the date column is month_end.
v5,natural_component,inflation,natural-v6-20261005/inflation/04,2,correction,forecast_horizon,normalization_only,True,True,"{""periods"":14,""unit"":""month""}","[""{\""periods\"":14.0,\""unit\"":\""month\""}""]",That previous forecast horizon is wrong: make it 14 months.
v5,natural_component,inflation,natural-v6-20261005/inflation/05,1,initial,forecast_horizon,exact_readable_content,True,True,"{""periods"":2,""unit"":""quarter""}","[""{\""periods\"":2,\""unit\"":\""quarter\""}""]","Please forecast producer price inflation, measured in percent, using quarterly observations. I want the next 2 quarters."
v5,natural_component,inflation,natural-v6-20261005/inflation/05,1,initial,frequency,absent_from_readable_emissions,True,True,"{""periods"":1,""unit"":""quarter""}",[],"Please forecast producer price inflation, measured in percent, using quarterly observations. I want the next 2 quarters."
v5,natural_component,inflation,natural-v6-20261005/inflation/05,1,initial,target_description,absent_from_readable_emissions,True,True,"""producer price inflation""",[],"Please forecast producer price inflation, measured in percent, using quarterly observations. I want the next 2 quarters."
v5,natural_component,inflation,natural-v6-20261005/inflation/05,1,initial,target_unit,absent_from_readable_emissions,True,True,"""percent""",[],"Please forecast producer price inflation, measured in percent, using quarterly observations. I want the next 2 quarters."
v5,natural_component,inflation,natural-v6-20261005/inflation/05,2,correction,forecast_horizon,normalization_only,True,True,"{""periods"":5,""unit"":""quarter""}","[""{\""periods\"":5.0,\""unit\"":\""quarter\""}""]",Please revise the forecast horizon to 5 quarters. Everything else stays the same.
v5,natural_component,inflation,natural-v6-20261005/inflation/06,1,initial,file_format,exact_readable_content,True,True,"""parquet""","[""\""parquet\""""]",Forecast the consumer price index level in index points. The series has a monthly observation and I need a 1 year horizon. I will upload a parquet file.
v5,natural_component,inflation,natural-v6-20261005/inflation/06,1,initial,forecast_horizon,different_value_or_type_not_adjudicated_semantically,True,True,"{""periods"":1,""unit"":""year""}","[""{\""periods\"":12,\""unit\"":\""month\""}""]",Forecast the consumer price index level in index points. The series has a monthly observation and I need a 1 year horizon. I will upload a parquet file.
v5,natural_component,inflation,natural-v6-20261005/inflation/06,1,initial,frequency,absent_from_readable_emissions,True,True,"{""periods"":1,""unit"":""month""}",[],Forecast the consumer price index level in index points. The series has a monthly observation and I need a 1 year horizon. I will upload a parquet file.
v5,natural_component,inflation,natural-v6-20261005/inflation/06,1,initial,source_mode,exact_readable_content,True,True,"""upload""","[""\""upload\""""]",Forecast the consumer price index level in index points. The series has a monthly observation and I need a 1 year horizon. I will upload a parquet file.
v5,natural_component,inflation,natural-v6-20261005/inflation/06,1,initial,target_description,different_value_or_type_not_adjudicated_semantically,True,True,"""consumer price index level""","[""\""index points\""""]",Forecast the consumer price index level in index points. The series has a monthly observation and I need a 1 year horizon. I will upload a parquet file.
v5,natural_component,inflation,natural-v6-20261005/inflation/06,1,initial,target_unit,absent_from_readable_emissions,True,True,"""index points""",[],Forecast the consumer price index level in index points. The series has a monthly observation and I need a 1 year horizon. I will upload a parquet file.
v5,natural_component,inflation,natural-v6-20261005/inflation/06,2,correction,forecast_horizon,normalization_only,True,True,"{""periods"":4,""unit"":""year""}","[""{\""periods\"":4.0,\""unit\"":\""year\""}""]",Use 4 years for the forecast horizon instead of my earlier request.
v5,natural_component,inflation,natural-v6-20261005/inflation/06,3,unknown,prediction_interval_levels,new_unmentioned_slot,True,True,,"[""\""prediction_interval_levels\""""]","I need your questions about timezone, seasonal periods and prediction interval levels because I don't know them."
v5,natural_component,inflation,natural-v6-20261005/inflation/06,3,unknown,seasonal_periods,new_unmentioned_slot,True,True,,"[""\""seasonal_periods\""""]","I need your questions about timezone, seasonal periods and prediction interval levels because I don't know them."
v5,natural_component,inflation,natural-v6-20261005/inflation/06,3,unknown,timezone,new_unmentioned_slot,True,True,,"[""\""timezone\""""]","I need your questions about timezone, seasonal periods and prediction interval levels because I don't know them."
v5,natural_component,inflation,natural-v6-20261005/inflation/07,1,initial,forecast_horizon,different_value_or_type_not_adjudicated_semantically,True,True,"{""periods"":3,""unit"":""year""}","[""{\""periods\"":1,\""unit\"":\""year\""}""]",I want to forecast annual average inflation in percent. One observation per year; look ahead 3 years. Generate a new forecast every 1 year.
v5,natural_component,inflation,natural-v6-20261005/inflation/07,1,initial,frequency,absent_from_readable_emissions,True,True,"{""periods"":1,""unit"":""year""}",[],I want to forecast annual average inflation in percent. One observation per year; look ahead 3 years. Generate a new forecast every 1 year.
v5,natural_component,inflation,natural-v6-20261005/inflation/07,1,initial,prediction_frequency,exact_readable_content,True,True,"{""periods"":1,""unit"":""year""}","[""{\""periods\"":1,\""unit\"":\""year\""}""]",I want to forecast annual average inflation in percent. One observation per year; look ahead 3 years. Generate a new forecast every 1 year.
v5,natural_component,inflation,natural-v6-20261005/inflation/07,1,initial,problem_statement,new_unmentioned_slot,True,True,,"[""\""annual average inflation in percent\""""]",I want to forecast annual average inflation in percent. One observation per year; look ahead 3 years. Generate a new forecast every 1 year.
v5,natural_component,inflation,natural-v6-20261005/inflation/07,1,initial,target_description,absent_from_readable_emissions,True,True,"""annual average inflation""",[],I want to forecast annual average inflation in percent. One observation per year; look ahead 3 years. Generate a new forecast every 1 year.
v5,natural_component,inflation,natural-v6-20261005/inflation/07,1,initial,target_unit,absent_from_readable_emissions,True,True,"""percent""",[],I want to forecast annual average inflation in percent. One observation per year; look ahead 3 years. Generate a new forecast every 1 year.
v5,natural_component,inflation,natural-v6-20261005/inflation/07,2,correction,forecast_horizon,normalization_only,True,True,"{""periods"":6,""unit"":""year""}","[""{\""periods\"":6.0,\""unit\"":\""year\""}""]",One correction to my specification: the forecast horizon is now 6 years.
v5,natural_component,inflation,natural-v6-20261005/inflation/08,1,initial,file_format,exact_readable_content,True,True,"""xlsx""","[""\""xlsx\""""]","Could you predict trimmed-mean inflation? It is monthly, expressed in percent. We need 7 months into the future; the uploaded data will be in xlsx format."
v5,natural_component,inflation,natural-v6-20261005/inflation/08,1,initial,forecast_horizon,exact_readable_content,True,True,"{""periods"":7,""unit"":""month""}","[""{\""periods\"":7,\""unit\"":\""month\""}""]","Could you predict trimmed-mean inflation? It is monthly, expressed in percent. We need 7 months into the future; the uploaded data will be in xlsx format."
v5,natural_component,inflation,natural-v6-20261005/inflation/08,1,initial,frequency,absent_from_readable_emissions,True,True,"{""periods"":1,""unit"":""month""}",[],"Could you predict trimmed-mean inflation? It is monthly, expressed in percent. We need 7 months into the future; the uploaded data will be in xlsx format."
v5,natural_component,inflation,natural-v6-20261005/inflation/08,1,initial,source_mode,absent_from_readable_emissions,True,True,"""upload""",[],"Could you predict trimmed-mean inflation? It is monthly, expressed in percent. We need 7 months into the future; the uploaded data will be in xlsx format."
v5,natural_component,inflation,natural-v6-20261005/inflation/08,1,initial,target_description,absent_from_readable_emissions,True,True,"""trimmed-mean inflation""",[],"Could you predict trimmed-mean inflation? It is monthly, expressed in percent. We need 7 months into the future; the uploaded data will be in xlsx format."
v5,natural_component,inflation,natural-v6-20261005/inflation/08,1,initial,target_unit,exact_readable_content,True,True,"""percent""","[""\""percent\""""]","Could you predict trimmed-mean inflation? It is monthly, expressed in percent. We need 7 months into the future; the uploaded data will be in xlsx format."
v5,natural_component,inflation,natural-v6-20261005/inflation/08,2,correction,forecast_horizon,normalization_only,True,True,"{""periods"":10,""unit"":""month""}","[""{\""periods\"":10.0,\""unit\"":\""month\""}""]",Replace the horizon I gave you with 10 months.
v5,natural_component,stocks,natural-v6-20261005/stocks/01,1,initial,forecast_horizon,exact_readable_content,True,True,"{""periods"":10,""unit"":""day""}","[""{\""periods\"":10,\""unit\"":\""day\""}""]","Can you forecast NOVA's adjusted closing price, in USD per share? I have daily observations and need the next 10 days."
v5,natural_component,stocks,natural-v6-20261005/stocks/01,1,initial,frequency,absent_from_readable_emissions,True,True,"{""periods"":1,""unit"":""day""}",[],"Can you forecast NOVA's adjusted closing price, in USD per share? I have daily observations and need the next 10 days."
v5,natural_component,stocks,natural-v6-20261005/stocks/01,1,initial,target_description,different_value_or_type_not_adjudicated_semantically,True,True,"""NOVA's adjusted closing price""","[""\""NOVA\""""]","Can you forecast NOVA's adjusted closing price, in USD per share? I have daily observations and need the next 10 days."
v5,natural_component,stocks,natural-v6-20261005/stocks/01,1,initial,target_unit,different_value_or_type_not_adjudicated_semantically,True,True,"""USD per share""","[""\""USD\""""]","Can you forecast NOVA's adjusted closing price, in USD per share? I have daily observations and need the next 10 days."
v5,natural_component,stocks,natural-v6-20261005/stocks/01,2,correction,forecast_horizon,normalization_only,True,True,"{""periods"":13,""unit"":""day""}","[""{\""periods\"":13.0,\""unit\"":\""day\""}""]","Actually, change the forecast horizon to 13 days instead. Leave the other requirements alone."
v5,natural_component,stocks,natural-v6-20261005/stocks/02,1,initial,forecast_horizon,exact_readable_content,True,True,"{""periods"":6,""unit"":""day""}","[""{\""periods\"":6,\""unit\"":\""day\""}""]","Please predict raw closing share price, without adjusting corporate actions. Prices are in GBP per share, observed every day. Look ahead 6 days."
v5,natural_component,stocks,natural-v6-20261005/stocks/02,1,initial,frequency,absent_from_readable_emissions,True,True,"{""periods"":1,""unit"":""day""}",[],"Please predict raw closing share price, without adjusting corporate actions. Prices are in GBP per share, observed every day. Look ahead 6 days."
v5,natural_component,stocks,natural-v6-20261005/stocks/02,1,initial,target_description,absent_from_readable_emissions,True,True,"""raw closing share price, without adjusting corporate actions""",[],"Please predict raw closing share price, without adjusting corporate actions. Prices are in GBP per share, observed every day. Look ahead 6 days."
v5,natural_component,stocks,natural-v6-20261005/stocks/02,1,initial,target_unit,different_value_or_type_not_adjudicated_semantically,True,True,"""GBP per share""","[""\""GBP\""""]","Please predict raw closing share price, without adjusting corporate actions. Prices are in GBP per share, observed every day. Look ahead 6 days."
v5,natural_component,stocks,natural-v6-20261005/stocks/02,2,correction,forecast_horizon,normalization_only,True,True,"{""periods"":9,""unit"":""day""}","[""{\""periods\"":9.0,\""unit\"":\""day\""}""]","Correction: I need 9 days ahead, replacing the earlier horizon."
v5,natural_component,stocks,natural-v6-20261005/stocks/02,3,unknown,timezone,new_unmentioned_slot,True,False,,"[""\""undecided\""""]","Timezone is undecided, and I haven't chosen seasonal periods or prediction interval levels. I don't have credentials to share either."
v5,natural_component,stocks,natural-v6-20261005/stocks/03,1,initial,file_format,absent_from_readable_emissions,True,True,"""csv""",[],"Help me forecast total share return including dividends, measured in percent. Observations are weekly; I need 5 weeks ahead. I will upload CSV data."
v5,natural_component,stocks,natural-v6-20261005/stocks/03,1,initial,forecast_horizon,exact_readable_content,True,True,"{""periods"":5,""unit"":""week""}","[""{\""periods\"":5,\""unit\"":\""week\""}""]","Help me forecast total share return including dividends, measured in percent. Observations are weekly; I need 5 weeks ahead. I will upload CSV data."
v5,natural_component,stocks,natural-v6-20261005/stocks/03,1,initial,frequency,absent_from_readable_emissions,True,True,"{""periods"":1,""unit"":""week""}",[],"Help me forecast total share return including dividends, measured in percent. Observations are weekly; I need 5 weeks ahead. I will upload CSV data."
v5,natural_component,stocks,natural-v6-20261005/stocks/03,1,initial,source_mode,exact_readable_content,True,True,"""upload""","[""\""upload\""""]","Help me forecast total share return including dividends, measured in percent. Observations are weekly; I need 5 weeks ahead. I will upload CSV data."
v5,natural_component,stocks,natural-v6-20261005/stocks/03,1,initial,target_description,different_value_or_type_not_adjudicated_semantically,True,True,"""total share return including dividends""","[""\""include_dividends\""""]","Help me forecast total share return including dividends, measured in percent. Observations are weekly; I need 5 weeks ahead. I will upload CSV data."
v5,natural_component,stocks,natural-v6-20261005/stocks/03,1,initial,target_unit,absent_from_readable_emissions,True,True,"""percent""",[],"Help me forecast total share return including dividends, measured in percent. Observations are weekly; I need 5 weeks ahead. I will upload CSV data."
v5,natural_component,stocks,natural-v6-20261005/stocks/03,2,correction,forecast_horizon,normalization_only,True,True,"{""periods"":8,""unit"":""week""}","[""{\""periods\"":8.0,\""unit\"":\""week\""}""]","I changed my mind about the horizon. Forecast the next 8 weeks, please."
v5,natural_component,stocks,natural-v6-20261005/stocks/04,1,initial,forecast_horizon,exact_readable_content,True,True,"{""periods"":9,""unit"":""day""}","[""{\""periods\"":9,\""unit\"":\""day\""}""]","Forecast trading volume, measured in shares, from daily observations for the next 9 days. Read the target from volume_shares and the timestamp from trade_date."
v5,natural_component,stocks,natural-v6-20261005/stocks/04,1,initial,frequency,absent_from_readable_emissions,True,True,"{""periods"":1,""unit"":""day""}",[],"Forecast trading volume, measured in shares, from daily observations for the next 9 days. Read the target from volume_shares and the timestamp from trade_date."
v5,natural_component,stocks,natural-v6-20261005/stocks/04,1,initial,target_column,exact_readable_content,True,True,"""volume_shares""","[""\""volume_shares\""""]","Forecast trading volume, measured in shares, from daily observations for the next 9 days. Read the target from volume_shares and the timestamp from trade_date."
v5,natural_component,stocks,natural-v6-20261005/stocks/04,1,initial,target_description,absent_from_readable_emissions,True,True,"""trading volume""",[],"Forecast trading volume, measured in shares, from daily observations for the next 9 days. Read the target from volume_shares and the timestamp from trade_date."
v5,natural_component,stocks,natural-v6-20261005/stocks/04,1,initial,target_unit,absent_from_readable_emissions,True,True,"""shares""",[],"Forecast trading volume, measured in shares, from daily observations for the next 9 days. Read the target from volume_shares and the timestamp from trade_date."
v5,natural_component,stocks,natural-v6-20261005/stocks/04,1,initial,time_column,absent_from_readable_emissions,True,True,"""trade_date""",[],"Forecast trading volume, measured in shares, from daily observations for the next 9 days. Read the target from volume_shares and the timestamp from trade_date."
v5,natural_component,stocks,natural-v6-20261005/stocks/04,2,correction,forecast_horizon,normalization_only,True,True,"{""periods"":12,""unit"":""day""}","[""{\""periods\"":12.0,\""unit\"":\""day\""}""]",That previous forecast horizon is wrong: make it 12 days.
v5,natural_component,stocks,natural-v6-20261005/stocks/05,1,initial,forecast_horizon,exact_readable_content,True,True,"{""periods"":4,""unit"":""month""}","[""{\""periods\"":4,\""unit\"":\""month\""}""]","Please predict the dividend yield in percent. This series is monthly, and the horizon should be 4 months."
v5,natural_component,stocks,natural-v6-20261005/stocks/05,1,initial,frequency,absent_from_readable_emissions,True,True,"{""periods"":1,""unit"":""month""}",[],"Please predict the dividend yield in percent. This series is monthly, and the horizon should be 4 months."
v5,natural_component,stocks,natural-v6-20261005/stocks/05,1,initial,target_description,absent_from_readable_emissions,True,True,"""dividend yield""",[],"Please predict the dividend yield in percent. This series is monthly, and the horizon should be 4 months."
v5,natural_component,stocks,natural-v6-20261005/stocks/05,1,initial,target_unit,exact_readable_content,True,True,"""percent""","[""\""percent\""""]","Please predict the dividend yield in percent. This series is monthly, and the horizon should be 4 months."
v5,natural_component,stocks,natural-v6-20261005/stocks/05,2,correction,forecast_horizon,normalization_only,True,True,"{""periods"":7,""unit"":""month""}","[""{\""periods\"":7.0,\""unit\"":\""month\""}""]",Please revise the forecast horizon to 7 months. Everything else stays the same.
v5,natural_component,stocks,natural-v6-20261005/stocks/06,1,initial,file_format,exact_readable_content,True,True,"""parquet""","[""\""parquet\""""]","I need a forecast of adjusted closing share price. It is in EUR per share, sampled hourly, and I want 16 hours ahead. The file format is parquet."
v5,natural_component,stocks,natural-v6-20261005/stocks/06,1,initial,forecast_horizon,exact_readable_content,True,True,"{""periods"":16,""unit"":""hour""}","[""{\""periods\"":16,\""unit\"":\""hour\""}""]","I need a forecast of adjusted closing share price. It is in EUR per share, sampled hourly, and I want 16 hours ahead. The file format is parquet."
v5,natural_component,stocks,natural-v6-20261005/stocks/06,1,initial,frequency,absent_from_readable_emissions,True,True,"{""periods"":1,""unit"":""hour""}",[],"I need a forecast of adjusted closing share price. It is in EUR per share, sampled hourly, and I want 16 hours ahead. The file format is parquet."
v5,natural_component,stocks,natural-v6-20261005/stocks/06,1,initial,target_description,exact_readable_content,True,True,"""adjusted closing share price""","[""\""adjusted closing share price\""""]","I need a forecast of adjusted closing share price. It is in EUR per share, sampled hourly, and I want 16 hours ahead. The file format is parquet."
v5,natural_component,stocks,natural-v6-20261005/stocks/06,1,initial,target_unit,different_value_or_type_not_adjudicated_semantically,True,True,"""EUR per share""","[""\""EUR\""""]","I need a forecast of adjusted closing share price. It is in EUR per share, sampled hourly, and I want 16 hours ahead. The file format is parquet."
v5,natural_component,stocks,natural-v6-20261005/stocks/06,2,correction,forecast_horizon,normalization_only,True,True,"{""periods"":19,""unit"":""hour""}","[""{\""periods\"":19.0,\""unit\"":\""hour\""}""]",Use 19 hours for the forecast horizon instead of my earlier request.
v5,natural_component,stocks,natural-v6-20261005/stocks/06,3,unknown,prediction_interval_levels,new_unmentioned_slot,True,True,,"[""\""prediction_interval_levels\""""]","I need your questions about timezone, seasonal periods and prediction interval levels because I don't know them."
v5,natural_component,stocks,natural-v6-20261005/stocks/06,3,unknown,seasonal_periods,new_unmentioned_slot,True,True,,"[""\""seasonal_periods\""""]","I need your questions about timezone, seasonal periods and prediction interval levels because I don't know them."
v5,natural_component,stocks,natural-v6-20261005/stocks/06,3,unknown,timezone,new_unmentioned_slot,True,True,,"[""\""timezone\""""]","I need your questions about timezone, seasonal periods and prediction interval levels because I don't know them."
v5,natural_component,stocks,natural-v6-20261005/stocks/07,1,initial,forecast_horizon,exact_readable_content,True,True,"{""periods"":12,""unit"":""day""}","[""{\""periods\"":12,\""unit\"":\""day\""}""]",Could you forecast daily log share return in percent? There is one observation per day. Predict 12 days ahead but refresh the forecast every 3 days.
v5,natural_component,stocks,natural-v6-20261005/stocks/07,1,initial,frequency,exact_readable_content,True,True,"{""periods"":1,""unit"":""day""}","[""{\""periods\"":1,\""unit\"":\""day\""}""]",Could you forecast daily log share return in percent? There is one observation per day. Predict 12 days ahead but refresh the forecast every 3 days.
v5,natural_component,stocks,natural-v6-20261005/stocks/07,1,initial,prediction_frequency,absent_from_readable_emissions,True,True,"{""periods"":3,""unit"":""day""}",[],Could you forecast daily log share return in percent? There is one observation per day. Predict 12 days ahead but refresh the forecast every 3 days.
v5,natural_component,stocks,natural-v6-20261005/stocks/07,1,initial,refresh_frequency,new_unmentioned_slot,True,True,,"[""{\""periods\"":3,\""unit\"":\""day\""}""]",Could you forecast daily log share return in percent? There is one observation per day. Predict 12 days ahead but refresh the forecast every 3 days.
v5,natural_component,stocks,natural-v6-20261005/stocks/07,1,initial,target_description,absent_from_readable_emissions,True,True,"""daily log share return""",[],Could you forecast daily log share return in percent? There is one observation per day. Predict 12 days ahead but refresh the forecast every 3 days.
v5,natural_component,stocks,natural-v6-20261005/stocks/07,1,initial,target_unit,absent_from_readable_emissions,True,True,"""percent""",[],Could you forecast daily log share return in percent? There is one observation per day. Predict 12 days ahead but refresh the forecast every 3 days.
v5,natural_component,stocks,natural-v6-20261005/stocks/07,2,correction,forecast_horizon,normalization_only,True,True,"{""periods"":15,""unit"":""day""}","[""{\""periods\"":15.0,\""unit\"":\""day\""}""]",One correction to my specification: the forecast horizon is now 15 days.
v5,natural_component,stocks,natural-v6-20261005/stocks/08,1,initial,file_format,exact_readable_content,True,True,"""xlsx""","[""\""xlsx\""""]",I want to forecast ETF trading volume in shares. I have weekly data and need the next 6 weeks. I will upload the spreadsheet in xlsx format.
v5,natural_component,stocks,natural-v6-20261005/stocks/08,1,initial,forecast_horizon,exact_readable_content,True,True,"{""periods"":6,""unit"":""week""}","[""{\""periods\"":6,\""unit\"":\""week\""}""]",I want to forecast ETF trading volume in shares. I have weekly data and need the next 6 weeks. I will upload the spreadsheet in xlsx format.
v5,natural_component,stocks,natural-v6-20261005/stocks/08,1,initial,frequency,absent_from_readable_emissions,True,True,"{""periods"":1,""unit"":""week""}",[],I want to forecast ETF trading volume in shares. I have weekly data and need the next 6 weeks. I will upload the spreadsheet in xlsx format.
v5,natural_component,stocks,natural-v6-20261005/stocks/08,1,initial,source_mode,absent_from_readable_emissions,True,True,"""upload""",[],I want to forecast ETF trading volume in shares. I have weekly data and need the next 6 weeks. I will upload the spreadsheet in xlsx format.
v5,natural_component,stocks,natural-v6-20261005/stocks/08,1,initial,target_description,absent_from_readable_emissions,True,True,"""ETF trading volume""",[],I want to forecast ETF trading volume in shares. I have weekly data and need the next 6 weeks. I will upload the spreadsheet in xlsx format.
v5,natural_component,stocks,natural-v6-20261005/stocks/08,1,initial,target_unit,absent_from_readable_emissions,True,True,"""shares""",[],I want to forecast ETF trading volume in shares. I have weekly data and need the next 6 weeks. I will upload the spreadsheet in xlsx format.
v5,natural_component,stocks,natural-v6-20261005/stocks/08,2,correction,forecast_horizon,normalization_only,True,True,"{""periods"":9,""unit"":""week""}","[""{\""periods\"":9.0,\""unit\"":\""week\""}""]",Replace the horizon I gave you with 9 weeks.
v5,natural_component,crypto,natural-v6-20261005/crypto/01,1,initial,forecast_horizon,exact_readable_content,True,True,"{""periods"":20,""unit"":""hour""}","[""{\""periods\"":20,\""unit\"":\""hour\""}""]","Can you forecast BTC/USD spot price in USD per BTC? My observations are hourly and I want 20 hours ahead, not a futures price."
v5,natural_component,crypto,natural-v6-20261005/crypto/01,1,initial,frequency,exact_readable_content,True,True,"{""periods"":1,""unit"":""hour""}","[""{\""periods\"":1,\""unit\"":\""hour\""}""]","Can you forecast BTC/USD spot price in USD per BTC? My observations are hourly and I want 20 hours ahead, not a futures price."
v5,natural_component,crypto,natural-v6-20261005/crypto/01,1,initial,target_description,different_value_or_type_not_adjudicated_semantically,True,True,"""BTC/USD spot price""","[""\""false\""""]","Can you forecast BTC/USD spot price in USD per BTC? My observations are hourly and I want 20 hours ahead, not a futures price."
v5,natural_component,crypto,natural-v6-20261005/crypto/01,1,initial,target_unit,absent_from_readable_emissions,True,True,"""USD per BTC""",[],"Can you forecast BTC/USD spot price in USD per BTC? My observations are hourly and I want 20 hours ahead, not a futures price."
v5,natural_component,crypto,natural-v6-20261005/crypto/01,2,correction,forecast_horizon,normalization_only,True,True,"{""periods"":23,""unit"":""hour""}","[""{\""periods\"":23.0,\""unit\"":\""hour\""}""]","Actually, change the forecast horizon to 23 hours instead. Leave the other requirements alone."
v5,natural_component,crypto,natural-v6-20261005/crypto/02,1,initial,forecast_horizon,exact_readable_content,True,True,"{""periods"":14,""unit"":""hour""}","[""{\""periods\"":14,\""unit\"":\""hour\""}""]","Please predict ETH trading volume, in ETH, using observations every 2 hours. I need the next 14 hours."
v5,natural_component,crypto,natural-v6-20261005/crypto/02,1,initial,frequency,absent_from_readable_emissions,True,True,"{""periods"":2,""unit"":""hour""}",[],"Please predict ETH trading volume, in ETH, using observations every 2 hours. I need the next 14 hours."
v5,natural_component,crypto,natural-v6-20261005/crypto/02,1,initial,target_description,absent_from_readable_emissions,True,True,"""ETH trading volume""",[],"Please predict ETH trading volume, in ETH, using observations every 2 hours. I need the next 14 hours."
v5,natural_component,crypto,natural-v6-20261005/crypto/02,1,initial,target_unit,absent_from_readable_emissions,True,True,"""ETH""",[],"Please predict ETH trading volume, in ETH, using observations every 2 hours. I need the next 14 hours."
v5,natural_component,crypto,natural-v6-20261005/crypto/02,2,correction,forecast_horizon,normalization_only,True,True,"{""periods"":17,""unit"":""hour""}","[""{\""periods\"":17.0,\""unit\"":\""hour\""}""]","Correction: I need 17 hours ahead, replacing the earlier horizon."
v5,natural_component,crypto,natural-v6-20261005/crypto/02,3,unknown,timezone,new_unmentioned_slot,True,False,,"[""\""undecided\""""]","Timezone is undecided, and I haven't chosen seasonal periods or prediction interval levels. I don't have credentials to share either."
v5,natural_component,crypto,natural-v6-20261005/crypto/03,1,initial,file_format,absent_from_readable_emissions,True,True,"""csv""",[],Help me forecast perpetual-swap funding rate. Units are percent per 8 hours and observations come every 8 hours. Look ahead 48 hours. I will upload CSV data.
v5,natural_component,crypto,natural-v6-20261005/crypto/03,1,initial,forecast_horizon,exact_readable_content,True,True,"{""periods"":48,""unit"":""hour""}","[""{\""periods\"":48,\""unit\"":\""hour\""}""]",Help me forecast perpetual-swap funding rate. Units are percent per 8 hours and observations come every 8 hours. Look ahead 48 hours. I will upload CSV data.
v5,natural_component,crypto,natural-v6-20261005/crypto/03,1,initial,frequency,exact_readable_content,True,True,"{""periods"":8,""unit"":""hour""}","[""{\""periods\"":8,\""unit\"":\""hour\""}""]",Help me forecast perpetual-swap funding rate. Units are percent per 8 hours and observations come every 8 hours. Look ahead 48 hours. I will upload CSV data.
v5,natural_component,crypto,natural-v6-20261005/crypto/03,1,initial,source_mode,exact_readable_content,True,True,"""upload""","[""\""upload\""""]",Help me forecast perpetual-swap funding rate. Units are percent per 8 hours and observations come every 8 hours. Look ahead 48 hours. I will upload CSV data.
v5,natural_component,crypto,natural-v6-20261005/crypto/03,1,initial,target_description,exact_readable_content,True,True,"""perpetual-swap funding rate""","[""\""perpetual-swap funding rate\""""]",Help me forecast perpetual-swap funding rate. Units are percent per 8 hours and observations come every 8 hours. Look ahead 48 hours. I will upload CSV data.
v5,natural_component,crypto,natural-v6-20261005/crypto/03,1,initial,target_unit,absent_from_readable_emissions,True,True,"""percent per 8 hours""",[],Help me forecast perpetual-swap funding rate. Units are percent per 8 hours and observations come every 8 hours. Look ahead 48 hours. I will upload CSV data.
v5,natural_component,crypto,natural-v6-20261005/crypto/03,2,correction,forecast_horizon,normalization_only,True,True,"{""periods"":51,""unit"":""hour""}","[""{\""periods\"":51.0,\""unit\"":\""hour\""}""]","I changed my mind about the horizon. Forecast the next 51 hours, please."
v5,natural_component,crypto,natural-v6-20261005/crypto/04,1,initial,forecast_horizon,different_value_or_type_not_adjudicated_semantically,True,True,"{""periods"":30,""unit"":""hour""}","[""{\""periods\"":1,\""unit\"":\""hour\""}""]",I need a forecast of futures open interest in contracts. This is hourly data and the horizon is 30 hours. Read open_contracts as the target and event_time as the timestamp.
v5,natural_component,crypto,natural-v6-20261005/crypto/04,1,initial,frequency,absent_from_readable_emissions,True,True,"{""periods"":1,""unit"":""hour""}",[],I need a forecast of futures open interest in contracts. This is hourly data and the horizon is 30 hours. Read open_contracts as the target and event_time as the timestamp.
v5,natural_component,crypto,natural-v6-20261005/crypto/04,1,initial,target_column,exact_readable_content,True,True,"""open_contracts""","[""\""open_contracts\""""]",I need a forecast of futures open interest in contracts. This is hourly data and the horizon is 30 hours. Read open_contracts as the target and event_time as the timestamp.
v5,natural_component,crypto,natural-v6-20261005/crypto/04,1,initial,target_description,absent_from_readable_emissions,True,True,"""futures open interest""",[],I need a forecast of futures open interest in contracts. This is hourly data and the horizon is 30 hours. Read open_contracts as the target and event_time as the timestamp.
v5,natural_component,crypto,natural-v6-20261005/crypto/04,1,initial,target_unit,absent_from_readable_emissions,True,True,"""contracts""",[],I need a forecast of futures open interest in contracts. This is hourly data and the horizon is 30 hours. Read open_contracts as the target and event_time as the timestamp.
v5,natural_component,crypto,natural-v6-20261005/crypto/04,1,initial,time_column,exact_readable_content,True,True,"""event_time""","[""\""event_time\""""]",I need a forecast of futures open interest in contracts. This is hourly data and the horizon is 30 hours. Read open_contracts as the target and event_time as the timestamp.
v5,natural_component,crypto,natural-v6-20261005/crypto/04,2,correction,forecast_horizon,normalization_only,True,True,"{""periods"":33,""unit"":""hour""}","[""{\""periods\"":33.0,\""unit\"":\""hour\""}""]",That previous forecast horizon is wrong: make it 33 hours.
v5,natural_component,crypto,natural-v6-20261005/crypto/05,1,initial,forecast_horizon,exact_readable_content,True,True,"{""periods"":7,""unit"":""day""}","[""{\""periods\"":7,\""unit\"":\""day\""}""]","Please forecast realized volatility, in percent per year, from daily observations for the next 7 days."
v5,natural_component,crypto,natural-v6-20261005/crypto/05,1,initial,frequency,absent_from_readable_emissions,True,True,"{""periods"":1,""unit"":""day""}",[],"Please forecast realized volatility, in percent per year, from daily observations for the next 7 days."
v5,natural_component,crypto,natural-v6-20261005/crypto/05,1,initial,target_description,absent_from_readable_emissions,True,True,"""realized volatility""",[],"Please forecast realized volatility, in percent per year, from daily observations for the next 7 days."
v5,natural_component,crypto,natural-v6-20261005/crypto/05,1,initial,target_unit,exact_readable_content,True,True,"""percent per year""","[""\""percent per year\""""]","Please forecast realized volatility, in percent per year, from daily observations for the next 7 days."
v5,natural_component,crypto,natural-v6-20261005/crypto/05,2,correction,forecast_horizon,normalization_only,True,True,"{""periods"":10,""unit"":""day""}","[""{\""periods\"":10.0,\""unit\"":\""day\""}""]",Please revise the forecast horizon to 10 days. Everything else stays the same.
v5,natural_component,crypto,natural-v6-20261005/crypto/06,1,initial,file_format,exact_readable_content,True,True,"""parquet""","[""\""parquet\""""]","Predict futures-minus-spot basis, measured in basis points. Each observation is 1 hour apart; I need a 2 day horizon. The file will be parquet."
v5,natural_component,crypto,natural-v6-20261005/crypto/06,1,initial,forecast_horizon,exact_readable_content,True,True,"{""periods"":2,""unit"":""day""}","[""{\""periods\"":2,\""unit\"":\""day\""}""]","Predict futures-minus-spot basis, measured in basis points. Each observation is 1 hour apart; I need a 2 day horizon. The file will be parquet."
v5,natural_component,crypto,natural-v6-20261005/crypto/06,1,initial,frequency,exact_readable_content,True,True,"{""periods"":1,""unit"":""hour""}","[""{\""periods\"":1,\""unit\"":\""hour\""}""]","Predict futures-minus-spot basis, measured in basis points. Each observation is 1 hour apart; I need a 2 day horizon. The file will be parquet."
v5,natural_component,crypto,natural-v6-20261005/crypto/06,1,initial,target_description,different_value_or_type_not_adjudicated_semantically,True,True,"""futures-minus-spot basis""","[""\""basis points\""""]","Predict futures-minus-spot basis, measured in basis points. Each observation is 1 hour apart; I need a 2 day horizon. The file will be parquet."
v5,natural_component,crypto,natural-v6-20261005/crypto/06,1,initial,target_unit,absent_from_readable_emissions,True,True,"""basis points""",[],"Predict futures-minus-spot basis, measured in basis points. Each observation is 1 hour apart; I need a 2 day horizon. The file will be parquet."
v5,natural_component,crypto,natural-v6-20261005/crypto/06,2,correction,forecast_horizon,normalization_only,True,True,"{""periods"":5,""unit"":""day""}","[""{\""periods\"":5.0,\""unit\"":\""day\""}""]",Use 5 days for the forecast horizon instead of my earlier request.
v5,natural_component,crypto,natural-v6-20261005/crypto/06,3,unknown,prediction_interval_levels,new_unmentioned_slot,True,True,,"[""\""prediction_interval_levels\""""]","I need your questions about timezone, seasonal periods and prediction interval levels because I don't know them."
v5,natural_component,crypto,natural-v6-20261005/crypto/06,3,unknown,seasonal_periods,new_unmentioned_slot,True,True,,"[""\""seasonal_periods\""""]","I need your questions about timezone, seasonal periods and prediction interval levels because I don't know them."
v5,natural_component,crypto,natural-v6-20261005/crypto/06,3,unknown,timezone,new_unmentioned_slot,True,True,,"[""\""timezone\""""]","I need your questions about timezone, seasonal periods and prediction interval levels because I don't know them."
v5,natural_component,crypto,natural-v6-20261005/crypto/07,1,initial,forecast_horizon,exact_readable_content,True,True,"{""periods"":18,""unit"":""hour""}","[""{\""periods\"":18,\""unit\"":\""hour\""}""]","Can you forecast BTC log return in percent? I have one observation every hour. Predict 18 hours ahead, but make a fresh forecast every 6 hours."
v5,natural_component,crypto,natural-v6-20261005/crypto/07,1,initial,frequency,exact_readable_content,True,True,"{""periods"":1,""unit"":""hour""}","[""{\""periods\"":1,\""unit\"":\""hour\""}""]","Can you forecast BTC log return in percent? I have one observation every hour. Predict 18 hours ahead, but make a fresh forecast every 6 hours."
v5,natural_component,crypto,natural-v6-20261005/crypto/07,1,initial,prediction_frequency,exact_readable_content,True,True,"{""periods"":6,""unit"":""hour""}","[""{\""periods\"":6,\""unit\"":\""hour\""}""]","Can you forecast BTC log return in percent? I have one observation every hour. Predict 18 hours ahead, but make a fresh forecast every 6 hours."
v5,natural_component,crypto,natural-v6-20261005/crypto/07,1,initial,target_description,absent_from_readable_emissions,True,True,"""BTC log return""",[],"Can you forecast BTC log return in percent? I have one observation every hour. Predict 18 hours ahead, but make a fresh forecast every 6 hours."
v5,natural_component,crypto,natural-v6-20261005/crypto/07,1,initial,target_unit,absent_from_readable_emissions,True,True,"""percent""",[],"Can you forecast BTC log return in percent? I have one observation every hour. Predict 18 hours ahead, but make a fresh forecast every 6 hours."
v5,natural_component,crypto,natural-v6-20261005/crypto/07,2,correction,forecast_horizon,normalization_only,True,True,"{""periods"":21,""unit"":""hour""}","[""{\""periods\"":21.0,\""unit\"":\""hour\""}""]",One correction to my specification: the forecast horizon is now 21 hours.
v5,natural_component,crypto,natural-v6-20261005/crypto/08,1,initial,file_format,absent_from_readable_emissions,True,True,"""json""",[],I want a forecast of digital-asset market capitalization in millions of USD. We observe it daily and need 15 days ahead. I will upload JSON data.
v5,natural_component,crypto,natural-v6-20261005/crypto/08,1,initial,forecast_horizon,exact_readable_content,True,True,"{""periods"":15,""unit"":""day""}","[""{\""periods\"":15,\""unit\"":\""day\""}""]",I want a forecast of digital-asset market capitalization in millions of USD. We observe it daily and need 15 days ahead. I will upload JSON data.
v5,natural_component,crypto,natural-v6-20261005/crypto/08,1,initial,frequency,absent_from_readable_emissions,True,True,"{""periods"":1,""unit"":""day""}",[],I want a forecast of digital-asset market capitalization in millions of USD. We observe it daily and need 15 days ahead. I will upload JSON data.
v5,natural_component,crypto,natural-v6-20261005/crypto/08,1,initial,source_mode,exact_readable_content,True,True,"""upload""","[""\""upload\""""]",I want a forecast of digital-asset market capitalization in millions of USD. We observe it daily and need 15 days ahead. I will upload JSON data.
v5,natural_component,crypto,natural-v6-20261005/crypto/08,1,initial,target_description,absent_from_readable_emissions,True,True,"""digital-asset market capitalization""",[],I want a forecast of digital-asset market capitalization in millions of USD. We observe it daily and need 15 days ahead. I will upload JSON data.
v5,natural_component,crypto,natural-v6-20261005/crypto/08,1,initial,target_unit,absent_from_readable_emissions,True,True,"""millions of USD""",[],I want a forecast of digital-asset market capitalization in millions of USD. We observe it daily and need 15 days ahead. I will upload JSON data.
v5,natural_component,crypto,natural-v6-20261005/crypto/08,2,correction,forecast_horizon,normalization_only,True,True,"{""periods"":18,""unit"":""day""}","[""{\""periods\"":18.0,\""unit\"":\""day\""}""]",Replace the horizon I gave you with 18 days.
v5,natural_rollout,weather,natural-v6-20261005/weather/01,1,initial,file_format,exact_readable_content,True,True,"""csv""","[""\""csv\""""]","Could you forecast afternoon air temperature? My readings are daily, in degrees Celsius, and I need the next 5 days. The file is CSV."
v5,natural_rollout,weather,natural-v6-20261005/weather/01,1,initial,forecast_horizon,exact_readable_content,True,True,"{""periods"":5,""unit"":""day""}","[""{\""periods\"":5,\""unit\"":\""day\""}""]","Could you forecast afternoon air temperature? My readings are daily, in degrees Celsius, and I need the next 5 days. The file is CSV."
v5,natural_rollout,weather,natural-v6-20261005/weather/01,1,initial,frequency,exact_readable_content,True,True,"{""periods"":1,""unit"":""day""}","[""{\""periods\"":1,\""unit\"":\""day\""}""]","Could you forecast afternoon air temperature? My readings are daily, in degrees Celsius, and I need the next 5 days. The file is CSV."
v5,natural_rollout,weather,natural-v6-20261005/weather/01,1,initial,target_description,absent_from_readable_emissions,True,True,"""afternoon air temperature""",[],"Could you forecast afternoon air temperature? My readings are daily, in degrees Celsius, and I need the next 5 days. The file is CSV."
v5,natural_rollout,weather,natural-v6-20261005/weather/01,1,initial,target_unit,different_value_or_type_not_adjudicated_semantically,True,True,"""degrees Celsius""","[""\""celsius\""""]","Could you forecast afternoon air temperature? My readings are daily, in degrees Celsius, and I need the next 5 days. The file is CSV."
v5,natural_rollout,weather,natural-v6-20261005/weather/01,2,correction,forecast_horizon,normalization_only,True,True,"{""periods"":8,""unit"":""day""}","[""{\""periods\"":8.0,\""unit\"":\""day\""}""]","Actually, change the forecast horizon to 8 days instead. Leave the other requirements alone."
v5,natural_rollout,weather,natural-v6-20261005/weather/02,1,initial,aggregation_method,new_unmentioned_slot,True,False,,"[""\""sum\""""]","Rain is what I care about: please predict accumulated rainfall, measured in millimetres. I have hourly readings and want 36 hours ahead."
v5,natural_rollout,weather,natural-v6-20261005/weather/02,1,initial,forecast_horizon,exact_readable_content,True,False,"{""periods"":36,""unit"":""hour""}","[""{\""periods\"":36,\""unit\"":\""hour\""}""]","Rain is what I care about: please predict accumulated rainfall, measured in millimetres. I have hourly readings and want 36 hours ahead."
v5,natural_rollout,weather,natural-v6-20261005/weather/02,1,initial,frequency,exact_readable_content,True,False,"{""periods"":1,""unit"":""hour""}","[""{\""periods\"":1,\""unit\"":\""hour\""}""]","Rain is what I care about: please predict accumulated rainfall, measured in millimetres. I have hourly readings and want 36 hours ahead."
v5,natural_rollout,weather,natural-v6-20261005/weather/02,1,initial,target_description,different_value_or_type_not_adjudicated_semantically,True,False,"""accumulated rainfall""","[""\""Rain\""""]","Rain is what I care about: please predict accumulated rainfall, measured in millimetres. I have hourly readings and want 36 hours ahead."
v5,natural_rollout,weather,natural-v6-20261005/weather/02,1,initial,target_unit,exact_readable_content,True,False,"""millimetres""","[""\""millimetres\""""]","Rain is what I care about: please predict accumulated rainfall, measured in millimetres. I have hourly readings and want 36 hours ahead."
v5,natural_rollout,weather,natural-v6-20261005/weather/02,2,correction,forecast_horizon,exact_readable_content,True,True,"{""periods"":39,""unit"":""hour""}","[""{\""periods\"":39,\""unit\"":\""hour\""}""]","Correction: I need 39 hours ahead, replacing the earlier horizon."
v5,natural_rollout,weather,natural-v6-20261005/weather/02,3,unknown,timezone,new_unmentioned_slot,True,False,,"[""\""undecided\""""]","Timezone is undecided, and I haven't chosen seasonal periods or prediction interval levels. I don't have credentials to share either."
v5,natural_rollout,weather,natural-v6-20261005/weather/03,1,initial,file_format,exact_readable_content,True,True,"""parquet""","[""\""parquet\""""]","I need a forecast of peak wind speed in metres per second, every hour, out to 12 hours. I will upload the data as parquet."
v5,natural_rollout,weather,natural-v6-20261005/weather/03,1,initial,forecast_horizon,exact_readable_content,True,True,"{""periods"":12,""unit"":""hour""}","[""{\""periods\"":12,\""unit\"":\""hour\""}""]","I need a forecast of peak wind speed in metres per second, every hour, out to 12 hours. I will upload the data as parquet."
v5,natural_rollout,weather,natural-v6-20261005/weather/03,1,initial,frequency,exact_readable_content,True,True,"{""periods"":1,""unit"":""hour""}","[""{\""periods\"":1,\""unit\"":\""hour\""}""]","I need a forecast of peak wind speed in metres per second, every hour, out to 12 hours. I will upload the data as parquet."
v5,natural_rollout,weather,natural-v6-20261005/weather/03,1,initial,problem_statement,new_unmentioned_slot,True,True,,"[""\""peak wind speed\""""]","I need a forecast of peak wind speed in metres per second, every hour, out to 12 hours. I will upload the data as parquet."
v5,natural_rollout,weather,natural-v6-20261005/weather/03,1,initial,source_mode,absent_from_readable_emissions,True,True,"""upload""",[],"I need a forecast of peak wind speed in metres per second, every hour, out to 12 hours. I will upload the data as parquet."
v5,natural_rollout,weather,natural-v6-20261005/weather/03,1,initial,target_description,absent_from_readable_emissions,True,True,"""peak wind speed""",[],"I need a forecast of peak wind speed in metres per second, every hour, out to 12 hours. I will upload the data as parquet."
v5,natural_rollout,weather,natural-v6-20261005/weather/03,1,initial,target_unit,absent_from_readable_emissions,True,True,"""metres per second""",[],"I need a forecast of peak wind speed in metres per second, every hour, out to 12 hours. I will upload the data as parquet."
v5,natural_rollout,weather,natural-v6-20261005/weather/03,2,correction,forecast_horizon,normalization_only,True,True,"{""periods"":15,""unit"":""hour""}","[""{\""periods\"":15.0,\""unit\"":\""hour\""}""]","I changed my mind about the horizon. Forecast the next 15 hours, please."
v5,natural_rollout,weather,natural-v6-20261005/weather/04,1,initial,forecast_horizon,exact_readable_content,True,True,"{""periods"":9,""unit"":""day""}","[""{\""periods\"":9,\""unit\"":\""day\""}""]","Help me predict relative humidity. It is in percent, observed daily; look ahead 9 days. Read humidity_pct as the target and observation_date as the timestamp."
v5,natural_rollout,weather,natural-v6-20261005/weather/04,1,initial,frequency,absent_from_readable_emissions,True,True,"{""periods"":1,""unit"":""day""}",[],"Help me predict relative humidity. It is in percent, observed daily; look ahead 9 days. Read humidity_pct as the target and observation_date as the timestamp."
v5,natural_rollout,weather,natural-v6-20261005/weather/04,1,initial,target_column,exact_readable_content,True,True,"""humidity_pct""","[""\""humidity_pct\""""]","Help me predict relative humidity. It is in percent, observed daily; look ahead 9 days. Read humidity_pct as the target and observation_date as the timestamp."
v5,natural_rollout,weather,natural-v6-20261005/weather/04,1,initial,target_description,exact_readable_content,True,True,"""relative humidity""","[""\""relative humidity\""""]","Help me predict relative humidity. It is in percent, observed daily; look ahead 9 days. Read humidity_pct as the target and observation_date as the timestamp."
v5,natural_rollout,weather,natural-v6-20261005/weather/04,1,initial,target_unit,exact_readable_content,True,True,"""percent""","[""\""percent\""""]","Help me predict relative humidity. It is in percent, observed daily; look ahead 9 days. Read humidity_pct as the target and observation_date as the timestamp."
v5,natural_rollout,weather,natural-v6-20261005/weather/04,1,initial,time_column,exact_readable_content,True,True,"""observation_date""","[""\""observation_date\""""]","Help me predict relative humidity. It is in percent, observed daily; look ahead 9 days. Read humidity_pct as the target and observation_date as the timestamp."
v5,natural_rollout,weather,natural-v6-20261005/weather/04,2,correction,forecast_horizon,normalization_only,True,True,"{""periods"":12,""unit"":""day""}","[""{\""periods\"":12.0,\""unit\"":\""day\""}""]",That previous forecast horizon is wrong: make it 12 days.
v5,natural_rollout,weather,natural-v6-20261005/weather/05,1,initial,forecast_horizon,exact_readable_content,True,True,"{""periods"":18,""unit"":""hour""}","[""{\""periods\"":18,\""unit\"":\""hour\""}""]","What I want forecast is cloud cover, in percent. We record it every 3 hours. Please look 18 hours into the future."
v5,natural_rollout,weather,natural-v6-20261005/weather/05,1,initial,frequency,exact_readable_content,True,True,"{""periods"":3,""unit"":""hour""}","[""{\""periods\"":3,\""unit\"":\""hour\""}""]","What I want forecast is cloud cover, in percent. We record it every 3 hours. Please look 18 hours into the future."
v5,natural_rollout,weather,natural-v6-20261005/weather/05,1,initial,problem_statement,new_unmentioned_slot,True,True,,"[""\""cloud cover\""""]","What I want forecast is cloud cover, in percent. We record it every 3 hours. Please look 18 hours into the future."
v5,natural_rollout,weather,natural-v6-20261005/weather/05,1,initial,target_description,absent_from_readable_emissions,True,True,"""cloud cover""",[],"What I want forecast is cloud cover, in percent. We record it every 3 hours. Please look 18 hours into the future."
v5,natural_rollout,weather,natural-v6-20261005/weather/05,1,initial,target_unit,absent_from_readable_emissions,True,True,"""percent""",[],"What I want forecast is cloud cover, in percent. We record it every 3 hours. Please look 18 hours into the future."
v5,natural_rollout,weather,natural-v6-20261005/weather/05,2,correction,forecast_horizon,normalization_only,True,True,"{""periods"":21,""unit"":""hour""}","[""{\""periods\"":21.0,\""unit\"":\""hour\""}""]",Please revise the forecast horizon to 21 hours. Everything else stays the same.
v5,natural_rollout,weather,natural-v6-20261005/weather/06,1,initial,forecast_horizon,exact_readable_content,True,True,"{""periods"":2,""unit"":""day""}","[""{\""periods\"":2,\""unit\"":\""day\""}""]",Can we forecast sea-level pressure? Values are in hectopascals and arrive every 6 hours. I need a 2 day horizon.
v5,natural_rollout,weather,natural-v6-20261005/weather/06,1,initial,frequency,exact_readable_content,True,True,"{""periods"":6,""unit"":""hour""}","[""{\""periods\"":6,\""unit\"":\""hour\""}""]",Can we forecast sea-level pressure? Values are in hectopascals and arrive every 6 hours. I need a 2 day horizon.
v5,natural_rollout,weather,natural-v6-20261005/weather/06,1,initial,target_description,absent_from_readable_emissions,True,True,"""sea-level pressure""",[],Can we forecast sea-level pressure? Values are in hectopascals and arrive every 6 hours. I need a 2 day horizon.
v5,natural_rollout,weather,natural-v6-20261005/weather/06,1,initial,target_unit,exact_readable_content,True,True,"""hectopascals""","[""\""hectopascals\""""]",Can we forecast sea-level pressure? Values are in hectopascals and arrive every 6 hours. I need a 2 day horizon.
v5,natural_rollout,weather,natural-v6-20261005/weather/06,2,correction,forecast_horizon,normalization_only,True,True,"{""periods"":5,""unit"":""day""}","[""{\""periods\"":5.0,\""unit\"":\""day\""}""]",Use 5 days for the forecast horizon instead of my earlier request.
v5,natural_rollout,weather,natural-v6-20261005/weather/06,3,unknown,prediction_interval_levels,new_unmentioned_slot,True,True,,"[""\""prediction_interval_levels\""""]","I need your questions about timezone, seasonal periods and prediction interval levels because I don't know them."
v5,natural_rollout,weather,natural-v6-20261005/weather/06,3,unknown,seasonal_periods,new_unmentioned_slot,True,True,,"[""\""seasonal_periods\""""]","I need your questions about timezone, seasonal periods and prediction interval levels because I don't know them."
v5,natural_rollout,weather,natural-v6-20261005/weather/06,3,unknown,timezone,new_unmentioned_slot,True,True,,"[""\""timezone\""""]","I need your questions about timezone, seasonal periods and prediction interval levels because I don't know them."
v5,natural_rollout,weather,natural-v6-20261005/weather/07,1,initial,forecast_horizon,exact_readable_content,True,True,"{""periods"":8,""unit"":""day""}","[""{\""periods\"":8,\""unit\"":\""day\""}""]","Please predict overnight minimum temperature in degrees Fahrenheit. Observations are daily. Forecast 8 days ahead, and generate a fresh forecast every 2 days."
v5,natural_rollout,weather,natural-v6-20261005/weather/07,1,initial,frequency,exact_readable_content,True,True,"{""periods"":1,""unit"":""day""}","[""{\""periods\"":1,\""unit\"":\""day\""}""]","Please predict overnight minimum temperature in degrees Fahrenheit. Observations are daily. Forecast 8 days ahead, and generate a fresh forecast every 2 days."
v5,natural_rollout,weather,natural-v6-20261005/weather/07,1,initial,prediction_frequency,exact_readable_content,True,True,"{""periods"":2,""unit"":""day""}","[""{\""periods\"":2,\""unit\"":\""day\""}""]","Please predict overnight minimum temperature in degrees Fahrenheit. Observations are daily. Forecast 8 days ahead, and generate a fresh forecast every 2 days."
v5,natural_rollout,weather,natural-v6-20261005/weather/07,1,initial,target_description,different_value_or_type_not_adjudicated_semantically,True,True,"""overnight minimum temperature""","[""\""degrees_fahrenheit\""""]","Please predict overnight minimum temperature in degrees Fahrenheit. Observations are daily. Forecast 8 days ahead, and generate a fresh forecast every 2 days."
v5,natural_rollout,weather,natural-v6-20261005/weather/07,1,initial,target_unit,absent_from_readable_emissions,True,True,"""degrees Fahrenheit""",[],"Please predict overnight minimum temperature in degrees Fahrenheit. Observations are daily. Forecast 8 days ahead, and generate a fresh forecast every 2 days."
v5,natural_rollout,weather,natural-v6-20261005/weather/07,2,correction,forecast_horizon,normalization_only,True,True,"{""periods"":11,""unit"":""day""}","[""{\""periods\"":11.0,\""unit\"":\""day\""}""]",One correction to my specification: the forecast horizon is now 11 days.
v5,natural_rollout,weather,natural-v6-20261005/weather/08,1,initial,file_format,exact_readable_content,True,True,"""xlsx""","[""\""xlsx\""""]","Build a forecast for sunshine duration, measured in hours, with one observation every week. I need the next 4 weeks. The uploaded file is xlsx."
v5,natural_rollout,weather,natural-v6-20261005/weather/08,1,initial,forecast_horizon,exact_readable_content,True,True,"{""periods"":4,""unit"":""week""}","[""{\""periods\"":4,\""unit\"":\""week\""}""]","Build a forecast for sunshine duration, measured in hours, with one observation every week. I need the next 4 weeks. The uploaded file is xlsx."
v5,natural_rollout,weather,natural-v6-20261005/weather/08,1,initial,frequency,exact_readable_content,True,True,"{""periods"":1,""unit"":""week""}","[""{\""periods\"":1,\""unit\"":\""week\""}""]","Build a forecast for sunshine duration, measured in hours, with one observation every week. I need the next 4 weeks. The uploaded file is xlsx."
v5,natural_rollout,weather,natural-v6-20261005/weather/08,1,initial,source_mode,absent_from_readable_emissions,True,True,"""upload""",[],"Build a forecast for sunshine duration, measured in hours, with one observation every week. I need the next 4 weeks. The uploaded file is xlsx."
v5,natural_rollout,weather,natural-v6-20261005/weather/08,1,initial,target_description,exact_readable_content,True,True,"""sunshine duration""","[""\""sunshine duration\""""]","Build a forecast for sunshine duration, measured in hours, with one observation every week. I need the next 4 weeks. The uploaded file is xlsx."
v5,natural_rollout,weather,natural-v6-20261005/weather/08,1,initial,target_unit,absent_from_readable_emissions,True,True,"""hours""",[],"Build a forecast for sunshine duration, measured in hours, with one observation every week. I need the next 4 weeks. The uploaded file is xlsx."
v5,natural_rollout,weather,natural-v6-20261005/weather/08,2,correction,forecast_horizon,normalization_only,True,True,"{""periods"":7,""unit"":""week""}","[""{\""periods\"":7.0,\""unit\"":\""week\""}""]",Replace the horizon I gave you with 7 weeks.
v5,natural_rollout,inflation,natural-v6-20261005/inflation/01,1,initial,forecast_horizon,exact_readable_content,True,True,"{""periods"":5,""unit"":""month""}","[""{\""periods\"":5,\""unit\"":\""month\""}""]","Please forecast year-over-year CPI inflation, in percent, from monthly observations. I need the coming 5 months, not a forecast of the CPI index."
v5,natural_rollout,inflation,natural-v6-20261005/inflation/01,1,initial,frequency,absent_from_readable_emissions,True,True,"{""periods"":1,""unit"":""month""}",[],"Please forecast year-over-year CPI inflation, in percent, from monthly observations. I need the coming 5 months, not a forecast of the CPI index."
v5,natural_rollout,inflation,natural-v6-20261005/inflation/01,1,initial,target_description,absent_from_readable_emissions,True,True,"""year-over-year CPI inflation""",[],"Please forecast year-over-year CPI inflation, in percent, from monthly observations. I need the coming 5 months, not a forecast of the CPI index."
v5,natural_rollout,inflation,natural-v6-20261005/inflation/01,1,initial,target_unit,absent_from_readable_emissions,True,True,"""percent""",[],"Please forecast year-over-year CPI inflation, in percent, from monthly observations. I need the coming 5 months, not a forecast of the CPI index."
v5,natural_rollout,inflation,natural-v6-20261005/inflation/01,2,correction,forecast_horizon,normalization_only,True,True,"{""periods"":8,""unit"":""month""}","[""{\""periods\"":8.0,\""unit\"":\""month\""}""]","Actually, change the forecast horizon to 8 months instead. Leave the other requirements alone."
v5,natural_rollout,inflation,natural-v6-20261005/inflation/02,1,initial,forecast_horizon,exact_readable_content,True,True,"{""periods"":8,""unit"":""month""}","[""{\""periods\"":8,\""unit\"":\""month\""}""]","Can you predict the headline CPI index level? Units are index points, base 2015=100. It is monthly and I want 8 months ahead."
v5,natural_rollout,inflation,natural-v6-20261005/inflation/02,1,initial,frequency,normalization_only,True,True,"{""periods"":1,""unit"":""month""}","[""\""monthly\""""]","Can you predict the headline CPI index level? Units are index points, base 2015=100. It is monthly and I want 8 months ahead."
v5,natural_rollout,inflation,natural-v6-20261005/inflation/02,1,initial,target_description,absent_from_readable_emissions,True,True,"""headline CPI index level""",[],"Can you predict the headline CPI index level? Units are index points, base 2015=100. It is monthly and I want 8 months ahead."
v5,natural_rollout,inflation,natural-v6-20261005/inflation/02,1,initial,target_unit,different_value_or_type_not_adjudicated_semantically,True,True,"""index points, base 2015=100""","[""\""index points\""""]","Can you predict the headline CPI index level? Units are index points, base 2015=100. It is monthly and I want 8 months ahead."
v5,natural_rollout,inflation,natural-v6-20261005/inflation/02,2,correction,forecast_horizon,normalization_only,True,True,"{""periods"":11,""unit"":""month""}","[""{\""periods\"":11.0,\""unit\"":\""month\""}""]","Correction: I need 11 months ahead, replacing the earlier horizon."
v5,natural_rollout,inflation,natural-v6-20261005/inflation/02,3,unknown,timezone,new_unmentioned_slot,True,False,,"[""\""undecided\""""]","Timezone is undecided, and I haven't chosen seasonal periods or prediction interval levels. I don't have credentials to share either."
v5,natural_rollout,inflation,natural-v6-20261005/inflation/03,1,initial,file_format,exact_readable_content,True,True,"""csv""","[""\""csv\""""]",I need a forecast of month-over-month core inflation. The unit is percent. Observations arrive monthly; forecast the next 3 months. The file is csv.
v5,natural_rollout,inflation,natural-v6-20261005/inflation/03,1,initial,forecast_horizon,exact_readable_content,True,True,"{""periods"":3,""unit"":""month""}","[""{\""periods\"":3,\""unit\"":\""month\""}""]",I need a forecast of month-over-month core inflation. The unit is percent. Observations arrive monthly; forecast the next 3 months. The file is csv.
v5,natural_rollout,inflation,natural-v6-20261005/inflation/03,1,initial,frequency,absent_from_readable_emissions,True,True,"{""periods"":1,""unit"":""month""}",[],I need a forecast of month-over-month core inflation. The unit is percent. Observations arrive monthly; forecast the next 3 months. The file is csv.
v5,natural_rollout,inflation,natural-v6-20261005/inflation/03,1,initial,target_description,absent_from_readable_emissions,True,True,"""month-over-month core inflation""",[],I need a forecast of month-over-month core inflation. The unit is percent. Observations arrive monthly; forecast the next 3 months. The file is csv.
v5,natural_rollout,inflation,natural-v6-20261005/inflation/03,1,initial,target_unit,exact_readable_content,True,True,"""percent""","[""\""percent\""""]",I need a forecast of month-over-month core inflation. The unit is percent. Observations arrive monthly; forecast the next 3 months. The file is csv.
v5,natural_rollout,inflation,natural-v6-20261005/inflation/03,2,correction,forecast_horizon,normalization_only,True,True,"{""periods"":6,""unit"":""month""}","[""{\""periods\"":6.0,\""unit\"":\""month\""}""]","I changed my mind about the horizon. Forecast the next 6 months, please."
v5,natural_rollout,inflation,natural-v6-20261005/inflation/04,1,initial,forecast_horizon,exact_readable_content,True,True,"{""periods"":11,""unit"":""month""}","[""{\""periods\"":11,\""unit\"":\""month\""}""]",Help me predict food-price inflation in percent. There is one observation each month. Look 11 months ahead. The target column is food_inflation and the date column is month_end.
v5,natural_rollout,inflation,natural-v6-20261005/inflation/04,1,initial,frequency,absent_from_readable_emissions,True,True,"{""periods"":1,""unit"":""month""}",[],Help me predict food-price inflation in percent. There is one observation each month. Look 11 months ahead. The target column is food_inflation and the date column is month_end.
v5,natural_rollout,inflation,natural-v6-20261005/inflation/04,1,initial,target_column,exact_readable_content,True,True,"""food_inflation""","[""\""food_inflation\""""]",Help me predict food-price inflation in percent. There is one observation each month. Look 11 months ahead. The target column is food_inflation and the date column is month_end.
v5,natural_rollout,inflation,natural-v6-20261005/inflation/04,1,initial,target_description,absent_from_readable_emissions,True,True,"""food-price inflation""",[],Help me predict food-price inflation in percent. There is one observation each month. Look 11 months ahead. The target column is food_inflation and the date column is month_end.
v5,natural_rollout,inflation,natural-v6-20261005/inflation/04,1,initial,target_unit,exact_readable_content,True,True,"""percent""","[""\""percent\""""]",Help me predict food-price inflation in percent. There is one observation each month. Look 11 months ahead. The target column is food_inflation and the date column is month_end.
v5,natural_rollout,inflation,natural-v6-20261005/inflation/04,1,initial,time_column,exact_readable_content,True,True,"""month_end""","[""\""month_end\""""]",Help me predict food-price inflation in percent. There is one observation each month. Look 11 months ahead. The target column is food_inflation and the date column is month_end.
v5,natural_rollout,inflation,natural-v6-20261005/inflation/04,2,correction,forecast_horizon,normalization_only,True,True,"{""periods"":14,""unit"":""month""}","[""{\""periods\"":14.0,\""unit\"":\""month\""}""]",That previous forecast horizon is wrong: make it 14 months.
v5,natural_rollout,inflation,natural-v6-20261005/inflation/05,1,initial,forecast_horizon,exact_readable_content,True,True,"{""periods"":2,""unit"":""quarter""}","[""{\""periods\"":2,\""unit\"":\""quarter\""}""]","Please forecast producer price inflation, measured in percent, using quarterly observations. I want the next 2 quarters."
v5,natural_rollout,inflation,natural-v6-20261005/inflation/05,1,initial,frequency,absent_from_readable_emissions,True,True,"{""periods"":1,""unit"":""quarter""}",[],"Please forecast producer price inflation, measured in percent, using quarterly observations. I want the next 2 quarters."
v5,natural_rollout,inflation,natural-v6-20261005/inflation/05,1,initial,target_description,absent_from_readable_emissions,True,True,"""producer price inflation""",[],"Please forecast producer price inflation, measured in percent, using quarterly observations. I want the next 2 quarters."
v5,natural_rollout,inflation,natural-v6-20261005/inflation/05,1,initial,target_unit,absent_from_readable_emissions,True,True,"""percent""",[],"Please forecast producer price inflation, measured in percent, using quarterly observations. I want the next 2 quarters."
v5,natural_rollout,inflation,natural-v6-20261005/inflation/05,2,correction,forecast_horizon,normalization_only,True,True,"{""periods"":5,""unit"":""quarter""}","[""{\""periods\"":5.0,\""unit\"":\""quarter\""}""]",Please revise the forecast horizon to 5 quarters. Everything else stays the same.
v5,natural_rollout,inflation,natural-v6-20261005/inflation/06,1,initial,file_format,exact_readable_content,True,True,"""parquet""","[""\""parquet\""""]",Forecast the consumer price index level in index points. The series has a monthly observation and I need a 1 year horizon. I will upload a parquet file.
v5,natural_rollout,inflation,natural-v6-20261005/inflation/06,1,initial,forecast_horizon,different_value_or_type_not_adjudicated_semantically,True,True,"{""periods"":1,""unit"":""year""}","[""{\""periods\"":12,\""unit\"":\""month\""}""]",Forecast the consumer price index level in index points. The series has a monthly observation and I need a 1 year horizon. I will upload a parquet file.
v5,natural_rollout,inflation,natural-v6-20261005/inflation/06,1,initial,frequency,absent_from_readable_emissions,True,True,"{""periods"":1,""unit"":""month""}",[],Forecast the consumer price index level in index points. The series has a monthly observation and I need a 1 year horizon. I will upload a parquet file.
v5,natural_rollout,inflation,natural-v6-20261005/inflation/06,1,initial,source_mode,exact_readable_content,True,True,"""upload""","[""\""upload\""""]",Forecast the consumer price index level in index points. The series has a monthly observation and I need a 1 year horizon. I will upload a parquet file.
v5,natural_rollout,inflation,natural-v6-20261005/inflation/06,1,initial,target_description,different_value_or_type_not_adjudicated_semantically,True,True,"""consumer price index level""","[""\""index points\""""]",Forecast the consumer price index level in index points. The series has a monthly observation and I need a 1 year horizon. I will upload a parquet file.
v5,natural_rollout,inflation,natural-v6-20261005/inflation/06,1,initial,target_unit,absent_from_readable_emissions,True,True,"""index points""",[],Forecast the consumer price index level in index points. The series has a monthly observation and I need a 1 year horizon. I will upload a parquet file.
v5,natural_rollout,inflation,natural-v6-20261005/inflation/06,2,correction,forecast_horizon,normalization_only,True,True,"{""periods"":4,""unit"":""year""}","[""{\""periods\"":4.0,\""unit\"":\""year\""}""]",Use 4 years for the forecast horizon instead of my earlier request.
v5,natural_rollout,inflation,natural-v6-20261005/inflation/06,3,unknown,prediction_interval_levels,new_unmentioned_slot,True,True,,"[""\""prediction_interval_levels\""""]","I need your questions about timezone, seasonal periods and prediction interval levels because I don't know them."
v5,natural_rollout,inflation,natural-v6-20261005/inflation/06,3,unknown,seasonal_periods,new_unmentioned_slot,True,True,,"[""\""seasonal_periods\""""]","I need your questions about timezone, seasonal periods and prediction interval levels because I don't know them."
v5,natural_rollout,inflation,natural-v6-20261005/inflation/06,3,unknown,timezone,new_unmentioned_slot,True,True,,"[""\""timezone\""""]","I need your questions about timezone, seasonal periods and prediction interval levels because I don't know them."
v5,natural_rollout,inflation,natural-v6-20261005/inflation/07,1,initial,forecast_horizon,different_value_or_type_not_adjudicated_semantically,True,True,"{""periods"":3,""unit"":""year""}","[""{\""periods\"":1,\""unit\"":\""year\""}""]",I want to forecast annual average inflation in percent. One observation per year; look ahead 3 years. Generate a new forecast every 1 year.
v5,natural_rollout,inflation,natural-v6-20261005/inflation/07,1,initial,frequency,absent_from_readable_emissions,True,True,"{""periods"":1,""unit"":""year""}",[],I want to forecast annual average inflation in percent. One observation per year; look ahead 3 years. Generate a new forecast every 1 year.
v5,natural_rollout,inflation,natural-v6-20261005/inflation/07,1,initial,prediction_frequency,exact_readable_content,True,True,"{""periods"":1,""unit"":""year""}","[""{\""periods\"":1,\""unit\"":\""year\""}""]",I want to forecast annual average inflation in percent. One observation per year; look ahead 3 years. Generate a new forecast every 1 year.
v5,natural_rollout,inflation,natural-v6-20261005/inflation/07,1,initial,problem_statement,new_unmentioned_slot,True,True,,"[""\""annual average inflation in percent\""""]",I want to forecast annual average inflation in percent. One observation per year; look ahead 3 years. Generate a new forecast every 1 year.
v5,natural_rollout,inflation,natural-v6-20261005/inflation/07,1,initial,target_description,absent_from_readable_emissions,True,True,"""annual average inflation""",[],I want to forecast annual average inflation in percent. One observation per year; look ahead 3 years. Generate a new forecast every 1 year.
v5,natural_rollout,inflation,natural-v6-20261005/inflation/07,1,initial,target_unit,absent_from_readable_emissions,True,True,"""percent""",[],I want to forecast annual average inflation in percent. One observation per year; look ahead 3 years. Generate a new forecast every 1 year.
v5,natural_rollout,inflation,natural-v6-20261005/inflation/07,2,correction,forecast_horizon,normalization_only,True,True,"{""periods"":6,""unit"":""year""}","[""{\""periods\"":6.0,\""unit\"":\""year\""}""]",One correction to my specification: the forecast horizon is now 6 years.
v5,natural_rollout,inflation,natural-v6-20261005/inflation/08,1,initial,file_format,exact_readable_content,True,True,"""xlsx""","[""\""xlsx\""""]","Could you predict trimmed-mean inflation? It is monthly, expressed in percent. We need 7 months into the future; the uploaded data will be in xlsx format."
v5,natural_rollout,inflation,natural-v6-20261005/inflation/08,1,initial,forecast_horizon,exact_readable_content,True,True,"{""periods"":7,""unit"":""month""}","[""{\""periods\"":7,\""unit\"":\""month\""}""]","Could you predict trimmed-mean inflation? It is monthly, expressed in percent. We need 7 months into the future; the uploaded data will be in xlsx format."
v5,natural_rollout,inflation,natural-v6-20261005/inflation/08,1,initial,frequency,absent_from_readable_emissions,True,True,"{""periods"":1,""unit"":""month""}",[],"Could you predict trimmed-mean inflation? It is monthly, expressed in percent. We need 7 months into the future; the uploaded data will be in xlsx format."
v5,natural_rollout,inflation,natural-v6-20261005/inflation/08,1,initial,source_mode,absent_from_readable_emissions,True,True,"""upload""",[],"Could you predict trimmed-mean inflation? It is monthly, expressed in percent. We need 7 months into the future; the uploaded data will be in xlsx format."
v5,natural_rollout,inflation,natural-v6-20261005/inflation/08,1,initial,target_description,absent_from_readable_emissions,True,True,"""trimmed-mean inflation""",[],"Could you predict trimmed-mean inflation? It is monthly, expressed in percent. We need 7 months into the future; the uploaded data will be in xlsx format."
v5,natural_rollout,inflation,natural-v6-20261005/inflation/08,1,initial,target_unit,exact_readable_content,True,True,"""percent""","[""\""percent\""""]","Could you predict trimmed-mean inflation? It is monthly, expressed in percent. We need 7 months into the future; the uploaded data will be in xlsx format."
v5,natural_rollout,inflation,natural-v6-20261005/inflation/08,2,correction,forecast_horizon,normalization_only,True,True,"{""periods"":10,""unit"":""month""}","[""{\""periods\"":10.0,\""unit\"":\""month\""}""]",Replace the horizon I gave you with 10 months.
v5,natural_rollout,stocks,natural-v6-20261005/stocks/01,1,initial,forecast_horizon,exact_readable_content,True,True,"{""periods"":10,""unit"":""day""}","[""{\""periods\"":10,\""unit\"":\""day\""}""]","Can you forecast NOVA's adjusted closing price, in USD per share? I have daily observations and need the next 10 days."
v5,natural_rollout,stocks,natural-v6-20261005/stocks/01,1,initial,frequency,absent_from_readable_emissions,True,True,"{""periods"":1,""unit"":""day""}",[],"Can you forecast NOVA's adjusted closing price, in USD per share? I have daily observations and need the next 10 days."
v5,natural_rollout,stocks,natural-v6-20261005/stocks/01,1,initial,target_description,different_value_or_type_not_adjudicated_semantically,True,True,"""NOVA's adjusted closing price""","[""\""NOVA\""""]","Can you forecast NOVA's adjusted closing price, in USD per share? I have daily observations and need the next 10 days."
v5,natural_rollout,stocks,natural-v6-20261005/stocks/01,1,initial,target_unit,different_value_or_type_not_adjudicated_semantically,True,True,"""USD per share""","[""\""USD\""""]","Can you forecast NOVA's adjusted closing price, in USD per share? I have daily observations and need the next 10 days."
v5,natural_rollout,stocks,natural-v6-20261005/stocks/01,2,correction,forecast_horizon,normalization_only,True,True,"{""periods"":13,""unit"":""day""}","[""{\""periods\"":13.0,\""unit\"":\""day\""}""]","Actually, change the forecast horizon to 13 days instead. Leave the other requirements alone."
v5,natural_rollout,stocks,natural-v6-20261005/stocks/02,1,initial,forecast_horizon,exact_readable_content,True,True,"{""periods"":6,""unit"":""day""}","[""{\""periods\"":6,\""unit\"":\""day\""}""]","Please predict raw closing share price, without adjusting corporate actions. Prices are in GBP per share, observed every day. Look ahead 6 days."
v5,natural_rollout,stocks,natural-v6-20261005/stocks/02,1,initial,frequency,absent_from_readable_emissions,True,True,"{""periods"":1,""unit"":""day""}",[],"Please predict raw closing share price, without adjusting corporate actions. Prices are in GBP per share, observed every day. Look ahead 6 days."
v5,natural_rollout,stocks,natural-v6-20261005/stocks/02,1,initial,target_description,absent_from_readable_emissions,True,True,"""raw closing share price, without adjusting corporate actions""",[],"Please predict raw closing share price, without adjusting corporate actions. Prices are in GBP per share, observed every day. Look ahead 6 days."
v5,natural_rollout,stocks,natural-v6-20261005/stocks/02,1,initial,target_unit,different_value_or_type_not_adjudicated_semantically,True,True,"""GBP per share""","[""\""GBP\""""]","Please predict raw closing share price, without adjusting corporate actions. Prices are in GBP per share, observed every day. Look ahead 6 days."
v5,natural_rollout,stocks,natural-v6-20261005/stocks/02,2,correction,forecast_horizon,normalization_only,True,True,"{""periods"":9,""unit"":""day""}","[""{\""periods\"":9.0,\""unit\"":\""day\""}""]","Correction: I need 9 days ahead, replacing the earlier horizon."
v5,natural_rollout,stocks,natural-v6-20261005/stocks/02,3,unknown,timezone,new_unmentioned_slot,True,False,,"[""\""undecided\""""]","Timezone is undecided, and I haven't chosen seasonal periods or prediction interval levels. I don't have credentials to share either."
v5,natural_rollout,stocks,natural-v6-20261005/stocks/03,1,initial,file_format,absent_from_readable_emissions,True,True,"""csv""",[],"Help me forecast total share return including dividends, measured in percent. Observations are weekly; I need 5 weeks ahead. I will upload CSV data."
v5,natural_rollout,stocks,natural-v6-20261005/stocks/03,1,initial,forecast_horizon,exact_readable_content,True,True,"{""periods"":5,""unit"":""week""}","[""{\""periods\"":5,\""unit\"":\""week\""}""]","Help me forecast total share return including dividends, measured in percent. Observations are weekly; I need 5 weeks ahead. I will upload CSV data."
v5,natural_rollout,stocks,natural-v6-20261005/stocks/03,1,initial,frequency,absent_from_readable_emissions,True,True,"{""periods"":1,""unit"":""week""}",[],"Help me forecast total share return including dividends, measured in percent. Observations are weekly; I need 5 weeks ahead. I will upload CSV data."
v5,natural_rollout,stocks,natural-v6-20261005/stocks/03,1,initial,source_mode,exact_readable_content,True,True,"""upload""","[""\""upload\""""]","Help me forecast total share return including dividends, measured in percent. Observations are weekly; I need 5 weeks ahead. I will upload CSV data."
v5,natural_rollout,stocks,natural-v6-20261005/stocks/03,1,initial,target_description,different_value_or_type_not_adjudicated_semantically,True,True,"""total share return including dividends""","[""\""include_dividends\""""]","Help me forecast total share return including dividends, measured in percent. Observations are weekly; I need 5 weeks ahead. I will upload CSV data."
v5,natural_rollout,stocks,natural-v6-20261005/stocks/03,1,initial,target_unit,absent_from_readable_emissions,True,True,"""percent""",[],"Help me forecast total share return including dividends, measured in percent. Observations are weekly; I need 5 weeks ahead. I will upload CSV data."
v5,natural_rollout,stocks,natural-v6-20261005/stocks/03,2,correction,forecast_horizon,normalization_only,True,True,"{""periods"":8,""unit"":""week""}","[""{\""periods\"":8.0,\""unit\"":\""week\""}""]","I changed my mind about the horizon. Forecast the next 8 weeks, please."
v5,natural_rollout,stocks,natural-v6-20261005/stocks/04,1,initial,forecast_horizon,exact_readable_content,True,True,"{""periods"":9,""unit"":""day""}","[""{\""periods\"":9,\""unit\"":\""day\""}""]","Forecast trading volume, measured in shares, from daily observations for the next 9 days. Read the target from volume_shares and the timestamp from trade_date."
v5,natural_rollout,stocks,natural-v6-20261005/stocks/04,1,initial,frequency,absent_from_readable_emissions,True,True,"{""periods"":1,""unit"":""day""}",[],"Forecast trading volume, measured in shares, from daily observations for the next 9 days. Read the target from volume_shares and the timestamp from trade_date."
v5,natural_rollout,stocks,natural-v6-20261005/stocks/04,1,initial,target_column,exact_readable_content,True,True,"""volume_shares""","[""\""volume_shares\""""]","Forecast trading volume, measured in shares, from daily observations for the next 9 days. Read the target from volume_shares and the timestamp from trade_date."
v5,natural_rollout,stocks,natural-v6-20261005/stocks/04,1,initial,target_description,absent_from_readable_emissions,True,True,"""trading volume""",[],"Forecast trading volume, measured in shares, from daily observations for the next 9 days. Read the target from volume_shares and the timestamp from trade_date."
v5,natural_rollout,stocks,natural-v6-20261005/stocks/04,1,initial,target_unit,absent_from_readable_emissions,True,True,"""shares""",[],"Forecast trading volume, measured in shares, from daily observations for the next 9 days. Read the target from volume_shares and the timestamp from trade_date."
v5,natural_rollout,stocks,natural-v6-20261005/stocks/04,1,initial,time_column,absent_from_readable_emissions,True,True,"""trade_date""",[],"Forecast trading volume, measured in shares, from daily observations for the next 9 days. Read the target from volume_shares and the timestamp from trade_date."
v5,natural_rollout,stocks,natural-v6-20261005/stocks/04,2,correction,forecast_horizon,normalization_only,True,True,"{""periods"":12,""unit"":""day""}","[""{\""periods\"":12.0,\""unit\"":\""day\""}""]",That previous forecast horizon is wrong: make it 12 days.
v5,natural_rollout,stocks,natural-v6-20261005/stocks/05,1,initial,forecast_horizon,exact_readable_content,True,True,"{""periods"":4,""unit"":""month""}","[""{\""periods\"":4,\""unit\"":\""month\""}""]","Please predict the dividend yield in percent. This series is monthly, and the horizon should be 4 months."
v5,natural_rollout,stocks,natural-v6-20261005/stocks/05,1,initial,frequency,absent_from_readable_emissions,True,True,"{""periods"":1,""unit"":""month""}",[],"Please predict the dividend yield in percent. This series is monthly, and the horizon should be 4 months."
v5,natural_rollout,stocks,natural-v6-20261005/stocks/05,1,initial,target_description,absent_from_readable_emissions,True,True,"""dividend yield""",[],"Please predict the dividend yield in percent. This series is monthly, and the horizon should be 4 months."
v5,natural_rollout,stocks,natural-v6-20261005/stocks/05,1,initial,target_unit,exact_readable_content,True,True,"""percent""","[""\""percent\""""]","Please predict the dividend yield in percent. This series is monthly, and the horizon should be 4 months."
v5,natural_rollout,stocks,natural-v6-20261005/stocks/05,2,correction,forecast_horizon,normalization_only,True,True,"{""periods"":7,""unit"":""month""}","[""{\""periods\"":7.0,\""unit\"":\""month\""}""]",Please revise the forecast horizon to 7 months. Everything else stays the same.
v5,natural_rollout,stocks,natural-v6-20261005/stocks/06,1,initial,file_format,exact_readable_content,True,True,"""parquet""","[""\""parquet\""""]","I need a forecast of adjusted closing share price. It is in EUR per share, sampled hourly, and I want 16 hours ahead. The file format is parquet."
v5,natural_rollout,stocks,natural-v6-20261005/stocks/06,1,initial,forecast_horizon,exact_readable_content,True,True,"{""periods"":16,""unit"":""hour""}","[""{\""periods\"":16,\""unit\"":\""hour\""}""]","I need a forecast of adjusted closing share price. It is in EUR per share, sampled hourly, and I want 16 hours ahead. The file format is parquet."
v5,natural_rollout,stocks,natural-v6-20261005/stocks/06,1,initial,frequency,absent_from_readable_emissions,True,True,"{""periods"":1,""unit"":""hour""}",[],"I need a forecast of adjusted closing share price. It is in EUR per share, sampled hourly, and I want 16 hours ahead. The file format is parquet."
v5,natural_rollout,stocks,natural-v6-20261005/stocks/06,1,initial,target_description,exact_readable_content,True,True,"""adjusted closing share price""","[""\""adjusted closing share price\""""]","I need a forecast of adjusted closing share price. It is in EUR per share, sampled hourly, and I want 16 hours ahead. The file format is parquet."
v5,natural_rollout,stocks,natural-v6-20261005/stocks/06,1,initial,target_unit,different_value_or_type_not_adjudicated_semantically,True,True,"""EUR per share""","[""\""EUR\""""]","I need a forecast of adjusted closing share price. It is in EUR per share, sampled hourly, and I want 16 hours ahead. The file format is parquet."
v5,natural_rollout,stocks,natural-v6-20261005/stocks/06,2,correction,forecast_horizon,exact_readable_content,True,True,"{""periods"":19,""unit"":""hour""}","[""{\""periods\"":19,\""unit\"":\""hour\""}""]",Use 19 hours for the forecast horizon instead of my earlier request.
v5,natural_rollout,stocks,natural-v6-20261005/stocks/06,3,unknown,prediction_interval_levels,new_unmentioned_slot,True,True,,"[""\""prediction_interval_levels\""""]","I need your questions about timezone, seasonal periods and prediction interval levels because I don't know them."
v5,natural_rollout,stocks,natural-v6-20261005/stocks/06,3,unknown,seasonal_periods,new_unmentioned_slot,True,True,,"[""\""seasonal_periods\""""]","I need your questions about timezone, seasonal periods and prediction interval levels because I don't know them."
v5,natural_rollout,stocks,natural-v6-20261005/stocks/06,3,unknown,timezone,new_unmentioned_slot,True,True,,"[""\""timezone\""""]","I need your questions about timezone, seasonal periods and prediction interval levels because I don't know them."
v5,natural_rollout,stocks,natural-v6-20261005/stocks/07,1,initial,forecast_horizon,exact_readable_content,True,True,"{""periods"":12,""unit"":""day""}","[""{\""periods\"":12,\""unit\"":\""day\""}""]",Could you forecast daily log share return in percent? There is one observation per day. Predict 12 days ahead but refresh the forecast every 3 days.
v5,natural_rollout,stocks,natural-v6-20261005/stocks/07,1,initial,frequency,exact_readable_content,True,True,"{""periods"":1,""unit"":""day""}","[""{\""periods\"":1,\""unit\"":\""day\""}""]",Could you forecast daily log share return in percent? There is one observation per day. Predict 12 days ahead but refresh the forecast every 3 days.
v5,natural_rollout,stocks,natural-v6-20261005/stocks/07,1,initial,prediction_frequency,absent_from_readable_emissions,True,True,"{""periods"":3,""unit"":""day""}",[],Could you forecast daily log share return in percent? There is one observation per day. Predict 12 days ahead but refresh the forecast every 3 days.
v5,natural_rollout,stocks,natural-v6-20261005/stocks/07,1,initial,refresh_frequency,new_unmentioned_slot,True,True,,"[""{\""periods\"":3,\""unit\"":\""day\""}""]",Could you forecast daily log share return in percent? There is one observation per day. Predict 12 days ahead but refresh the forecast every 3 days.
v5,natural_rollout,stocks,natural-v6-20261005/stocks/07,1,initial,target_description,absent_from_readable_emissions,True,True,"""daily log share return""",[],Could you forecast daily log share return in percent? There is one observation per day. Predict 12 days ahead but refresh the forecast every 3 days.
v5,natural_rollout,stocks,natural-v6-20261005/stocks/07,1,initial,target_unit,absent_from_readable_emissions,True,True,"""percent""",[],Could you forecast daily log share return in percent? There is one observation per day. Predict 12 days ahead but refresh the forecast every 3 days.
v5,natural_rollout,stocks,natural-v6-20261005/stocks/07,2,correction,forecast_horizon,normalization_only,True,True,"{""periods"":15,""unit"":""day""}","[""{\""periods\"":15.0,\""unit\"":\""day\""}""]",One correction to my specification: the forecast horizon is now 15 days.
v5,natural_rollout,stocks,natural-v6-20261005/stocks/08,1,initial,file_format,exact_readable_content,True,True,"""xlsx""","[""\""xlsx\""""]",I want to forecast ETF trading volume in shares. I have weekly data and need the next 6 weeks. I will upload the spreadsheet in xlsx format.
v5,natural_rollout,stocks,natural-v6-20261005/stocks/08,1,initial,forecast_horizon,exact_readable_content,True,True,"{""periods"":6,""unit"":""week""}","[""{\""periods\"":6,\""unit\"":\""week\""}""]",I want to forecast ETF trading volume in shares. I have weekly data and need the next 6 weeks. I will upload the spreadsheet in xlsx format.
v5,natural_rollout,stocks,natural-v6-20261005/stocks/08,1,initial,frequency,absent_from_readable_emissions,True,True,"{""periods"":1,""unit"":""week""}",[],I want to forecast ETF trading volume in shares. I have weekly data and need the next 6 weeks. I will upload the spreadsheet in xlsx format.
v5,natural_rollout,stocks,natural-v6-20261005/stocks/08,1,initial,source_mode,absent_from_readable_emissions,True,True,"""upload""",[],I want to forecast ETF trading volume in shares. I have weekly data and need the next 6 weeks. I will upload the spreadsheet in xlsx format.
v5,natural_rollout,stocks,natural-v6-20261005/stocks/08,1,initial,target_description,absent_from_readable_emissions,True,True,"""ETF trading volume""",[],I want to forecast ETF trading volume in shares. I have weekly data and need the next 6 weeks. I will upload the spreadsheet in xlsx format.
v5,natural_rollout,stocks,natural-v6-20261005/stocks/08,1,initial,target_unit,absent_from_readable_emissions,True,True,"""shares""",[],I want to forecast ETF trading volume in shares. I have weekly data and need the next 6 weeks. I will upload the spreadsheet in xlsx format.
v5,natural_rollout,stocks,natural-v6-20261005/stocks/08,2,correction,forecast_horizon,normalization_only,True,True,"{""periods"":9,""unit"":""week""}","[""{\""periods\"":9.0,\""unit\"":\""week\""}""]",Replace the horizon I gave you with 9 weeks.
v5,natural_rollout,crypto,natural-v6-20261005/crypto/01,1,initial,forecast_horizon,exact_readable_content,True,True,"{""periods"":20,""unit"":""hour""}","[""{\""periods\"":20,\""unit\"":\""hour\""}""]","Can you forecast BTC/USD spot price in USD per BTC? My observations are hourly and I want 20 hours ahead, not a futures price."
v5,natural_rollout,crypto,natural-v6-20261005/crypto/01,1,initial,frequency,exact_readable_content,True,True,"{""periods"":1,""unit"":""hour""}","[""{\""periods\"":1,\""unit\"":\""hour\""}""]","Can you forecast BTC/USD spot price in USD per BTC? My observations are hourly and I want 20 hours ahead, not a futures price."
v5,natural_rollout,crypto,natural-v6-20261005/crypto/01,1,initial,target_description,different_value_or_type_not_adjudicated_semantically,True,True,"""BTC/USD spot price""","[""\""false\""""]","Can you forecast BTC/USD spot price in USD per BTC? My observations are hourly and I want 20 hours ahead, not a futures price."
v5,natural_rollout,crypto,natural-v6-20261005/crypto/01,1,initial,target_unit,absent_from_readable_emissions,True,True,"""USD per BTC""",[],"Can you forecast BTC/USD spot price in USD per BTC? My observations are hourly and I want 20 hours ahead, not a futures price."
v5,natural_rollout,crypto,natural-v6-20261005/crypto/01,2,correction,forecast_horizon,normalization_only,True,True,"{""periods"":23,""unit"":""hour""}","[""{\""periods\"":23.0,\""unit\"":\""hour\""}""]","Actually, change the forecast horizon to 23 hours instead. Leave the other requirements alone."
v5,natural_rollout,crypto,natural-v6-20261005/crypto/02,1,initial,forecast_horizon,exact_readable_content,True,True,"{""periods"":14,""unit"":""hour""}","[""{\""periods\"":14,\""unit\"":\""hour\""}""]","Please predict ETH trading volume, in ETH, using observations every 2 hours. I need the next 14 hours."
v5,natural_rollout,crypto,natural-v6-20261005/crypto/02,1,initial,frequency,absent_from_readable_emissions,True,True,"{""periods"":2,""unit"":""hour""}",[],"Please predict ETH trading volume, in ETH, using observations every 2 hours. I need the next 14 hours."
v5,natural_rollout,crypto,natural-v6-20261005/crypto/02,1,initial,target_description,absent_from_readable_emissions,True,True,"""ETH trading volume""",[],"Please predict ETH trading volume, in ETH, using observations every 2 hours. I need the next 14 hours."
v5,natural_rollout,crypto,natural-v6-20261005/crypto/02,1,initial,target_unit,absent_from_readable_emissions,True,True,"""ETH""",[],"Please predict ETH trading volume, in ETH, using observations every 2 hours. I need the next 14 hours."
v5,natural_rollout,crypto,natural-v6-20261005/crypto/02,2,correction,forecast_horizon,normalization_only,True,True,"{""periods"":17,""unit"":""hour""}","[""{\""periods\"":17.0,\""unit\"":\""hour\""}""]","Correction: I need 17 hours ahead, replacing the earlier horizon."
v5,natural_rollout,crypto,natural-v6-20261005/crypto/02,3,unknown,timezone,new_unmentioned_slot,True,False,,"[""\""undecided\""""]","Timezone is undecided, and I haven't chosen seasonal periods or prediction interval levels. I don't have credentials to share either."
v5,natural_rollout,crypto,natural-v6-20261005/crypto/03,1,initial,file_format,absent_from_readable_emissions,True,True,"""csv""",[],Help me forecast perpetual-swap funding rate. Units are percent per 8 hours and observations come every 8 hours. Look ahead 48 hours. I will upload CSV data.
v5,natural_rollout,crypto,natural-v6-20261005/crypto/03,1,initial,forecast_horizon,exact_readable_content,True,True,"{""periods"":48,""unit"":""hour""}","[""{\""periods\"":48,\""unit\"":\""hour\""}""]",Help me forecast perpetual-swap funding rate. Units are percent per 8 hours and observations come every 8 hours. Look ahead 48 hours. I will upload CSV data.
v5,natural_rollout,crypto,natural-v6-20261005/crypto/03,1,initial,frequency,exact_readable_content,True,True,"{""periods"":8,""unit"":""hour""}","[""{\""periods\"":8,\""unit\"":\""hour\""}""]",Help me forecast perpetual-swap funding rate. Units are percent per 8 hours and observations come every 8 hours. Look ahead 48 hours. I will upload CSV data.
v5,natural_rollout,crypto,natural-v6-20261005/crypto/03,1,initial,source_mode,exact_readable_content,True,True,"""upload""","[""\""upload\""""]",Help me forecast perpetual-swap funding rate. Units are percent per 8 hours and observations come every 8 hours. Look ahead 48 hours. I will upload CSV data.
v5,natural_rollout,crypto,natural-v6-20261005/crypto/03,1,initial,target_description,exact_readable_content,True,True,"""perpetual-swap funding rate""","[""\""perpetual-swap funding rate\""""]",Help me forecast perpetual-swap funding rate. Units are percent per 8 hours and observations come every 8 hours. Look ahead 48 hours. I will upload CSV data.
v5,natural_rollout,crypto,natural-v6-20261005/crypto/03,1,initial,target_unit,absent_from_readable_emissions,True,True,"""percent per 8 hours""",[],Help me forecast perpetual-swap funding rate. Units are percent per 8 hours and observations come every 8 hours. Look ahead 48 hours. I will upload CSV data.
v5,natural_rollout,crypto,natural-v6-20261005/crypto/03,2,correction,forecast_horizon,normalization_only,True,True,"{""periods"":51,""unit"":""hour""}","[""{\""periods\"":51.0,\""unit\"":\""hour\""}""]","I changed my mind about the horizon. Forecast the next 51 hours, please."
v5,natural_rollout,crypto,natural-v6-20261005/crypto/04,1,initial,forecast_horizon,different_value_or_type_not_adjudicated_semantically,True,True,"{""periods"":30,""unit"":""hour""}","[""{\""periods\"":1,\""unit\"":\""hour\""}""]",I need a forecast of futures open interest in contracts. This is hourly data and the horizon is 30 hours. Read open_contracts as the target and event_time as the timestamp.
v5,natural_rollout,crypto,natural-v6-20261005/crypto/04,1,initial,frequency,absent_from_readable_emissions,True,True,"{""periods"":1,""unit"":""hour""}",[],I need a forecast of futures open interest in contracts. This is hourly data and the horizon is 30 hours. Read open_contracts as the target and event_time as the timestamp.
v5,natural_rollout,crypto,natural-v6-20261005/crypto/04,1,initial,target_column,exact_readable_content,True,True,"""open_contracts""","[""\""open_contracts\""""]",I need a forecast of futures open interest in contracts. This is hourly data and the horizon is 30 hours. Read open_contracts as the target and event_time as the timestamp.
v5,natural_rollout,crypto,natural-v6-20261005/crypto/04,1,initial,target_description,absent_from_readable_emissions,True,True,"""futures open interest""",[],I need a forecast of futures open interest in contracts. This is hourly data and the horizon is 30 hours. Read open_contracts as the target and event_time as the timestamp.
v5,natural_rollout,crypto,natural-v6-20261005/crypto/04,1,initial,target_unit,absent_from_readable_emissions,True,True,"""contracts""",[],I need a forecast of futures open interest in contracts. This is hourly data and the horizon is 30 hours. Read open_contracts as the target and event_time as the timestamp.
v5,natural_rollout,crypto,natural-v6-20261005/crypto/04,1,initial,time_column,exact_readable_content,True,True,"""event_time""","[""\""event_time\""""]",I need a forecast of futures open interest in contracts. This is hourly data and the horizon is 30 hours. Read open_contracts as the target and event_time as the timestamp.
v5,natural_rollout,crypto,natural-v6-20261005/crypto/04,2,correction,forecast_horizon,normalization_only,True,True,"{""periods"":33,""unit"":""hour""}","[""{\""periods\"":33.0,\""unit\"":\""hour\""}""]",That previous forecast horizon is wrong: make it 33 hours.
v5,natural_rollout,crypto,natural-v6-20261005/crypto/05,1,initial,forecast_horizon,exact_readable_content,True,True,"{""periods"":7,""unit"":""day""}","[""{\""periods\"":7,\""unit\"":\""day\""}""]","Please forecast realized volatility, in percent per year, from daily observations for the next 7 days."
v5,natural_rollout,crypto,natural-v6-20261005/crypto/05,1,initial,frequency,absent_from_readable_emissions,True,True,"{""periods"":1,""unit"":""day""}",[],"Please forecast realized volatility, in percent per year, from daily observations for the next 7 days."
v5,natural_rollout,crypto,natural-v6-20261005/crypto/05,1,initial,target_description,absent_from_readable_emissions,True,True,"""realized volatility""",[],"Please forecast realized volatility, in percent per year, from daily observations for the next 7 days."
v5,natural_rollout,crypto,natural-v6-20261005/crypto/05,1,initial,target_unit,exact_readable_content,True,True,"""percent per year""","[""\""percent per year\""""]","Please forecast realized volatility, in percent per year, from daily observations for the next 7 days."
v5,natural_rollout,crypto,natural-v6-20261005/crypto/05,2,correction,forecast_horizon,normalization_only,True,True,"{""periods"":10,""unit"":""day""}","[""{\""periods\"":10.0,\""unit\"":\""day\""}""]",Please revise the forecast horizon to 10 days. Everything else stays the same.
v5,natural_rollout,crypto,natural-v6-20261005/crypto/06,1,initial,file_format,exact_readable_content,True,True,"""parquet""","[""\""parquet\""""]","Predict futures-minus-spot basis, measured in basis points. Each observation is 1 hour apart; I need a 2 day horizon. The file will be parquet."
v5,natural_rollout,crypto,natural-v6-20261005/crypto/06,1,initial,forecast_horizon,exact_readable_content,True,True,"{""periods"":2,""unit"":""day""}","[""{\""periods\"":2,\""unit\"":\""day\""}""]","Predict futures-minus-spot basis, measured in basis points. Each observation is 1 hour apart; I need a 2 day horizon. The file will be parquet."
v5,natural_rollout,crypto,natural-v6-20261005/crypto/06,1,initial,frequency,exact_readable_content,True,True,"{""periods"":1,""unit"":""hour""}","[""{\""periods\"":1,\""unit\"":\""hour\""}""]","Predict futures-minus-spot basis, measured in basis points. Each observation is 1 hour apart; I need a 2 day horizon. The file will be parquet."
v5,natural_rollout,crypto,natural-v6-20261005/crypto/06,1,initial,target_description,different_value_or_type_not_adjudicated_semantically,True,True,"""futures-minus-spot basis""","[""\""basis points\""""]","Predict futures-minus-spot basis, measured in basis points. Each observation is 1 hour apart; I need a 2 day horizon. The file will be parquet."
v5,natural_rollout,crypto,natural-v6-20261005/crypto/06,1,initial,target_unit,absent_from_readable_emissions,True,True,"""basis points""",[],"Predict futures-minus-spot basis, measured in basis points. Each observation is 1 hour apart; I need a 2 day horizon. The file will be parquet."
v5,natural_rollout,crypto,natural-v6-20261005/crypto/06,2,correction,forecast_horizon,normalization_only,True,True,"{""periods"":5,""unit"":""day""}","[""{\""periods\"":5.0,\""unit\"":\""day\""}""]",Use 5 days for the forecast horizon instead of my earlier request.
v5,natural_rollout,crypto,natural-v6-20261005/crypto/06,3,unknown,prediction_interval_levels,new_unmentioned_slot,True,True,,"[""\""prediction_interval_levels\""""]","I need your questions about timezone, seasonal periods and prediction interval levels because I don't know them."
v5,natural_rollout,crypto,natural-v6-20261005/crypto/06,3,unknown,seasonal_periods,new_unmentioned_slot,True,True,,"[""\""seasonal_periods\""""]","I need your questions about timezone, seasonal periods and prediction interval levels because I don't know them."
v5,natural_rollout,crypto,natural-v6-20261005/crypto/06,3,unknown,timezone,new_unmentioned_slot,True,True,,"[""\""timezone\""""]","I need your questions about timezone, seasonal periods and prediction interval levels because I don't know them."
v5,natural_rollout,crypto,natural-v6-20261005/crypto/07,1,initial,forecast_horizon,exact_readable_content,True,True,"{""periods"":18,""unit"":""hour""}","[""{\""periods\"":18,\""unit\"":\""hour\""}""]","Can you forecast BTC log return in percent? I have one observation every hour. Predict 18 hours ahead, but make a fresh forecast every 6 hours."
v5,natural_rollout,crypto,natural-v6-20261005/crypto/07,1,initial,frequency,exact_readable_content,True,True,"{""periods"":1,""unit"":""hour""}","[""{\""periods\"":1,\""unit\"":\""hour\""}""]","Can you forecast BTC log return in percent? I have one observation every hour. Predict 18 hours ahead, but make a fresh forecast every 6 hours."
v5,natural_rollout,crypto,natural-v6-20261005/crypto/07,1,initial,prediction_frequency,exact_readable_content,True,True,"{""periods"":6,""unit"":""hour""}","[""{\""periods\"":6,\""unit\"":\""hour\""}""]","Can you forecast BTC log return in percent? I have one observation every hour. Predict 18 hours ahead, but make a fresh forecast every 6 hours."
v5,natural_rollout,crypto,natural-v6-20261005/crypto/07,1,initial,target_description,absent_from_readable_emissions,True,True,"""BTC log return""",[],"Can you forecast BTC log return in percent? I have one observation every hour. Predict 18 hours ahead, but make a fresh forecast every 6 hours."
v5,natural_rollout,crypto,natural-v6-20261005/crypto/07,1,initial,target_unit,absent_from_readable_emissions,True,True,"""percent""",[],"Can you forecast BTC log return in percent? I have one observation every hour. Predict 18 hours ahead, but make a fresh forecast every 6 hours."
v5,natural_rollout,crypto,natural-v6-20261005/crypto/07,2,correction,forecast_horizon,normalization_only,True,True,"{""periods"":21,""unit"":""hour""}","[""{\""periods\"":21.0,\""unit\"":\""hour\""}""]",One correction to my specification: the forecast horizon is now 21 hours.
v5,natural_rollout,crypto,natural-v6-20261005/crypto/08,1,initial,file_format,absent_from_readable_emissions,True,True,"""json""",[],I want a forecast of digital-asset market capitalization in millions of USD. We observe it daily and need 15 days ahead. I will upload JSON data.
v5,natural_rollout,crypto,natural-v6-20261005/crypto/08,1,initial,forecast_horizon,exact_readable_content,True,True,"{""periods"":15,""unit"":""day""}","[""{\""periods\"":15,\""unit\"":\""day\""}""]",I want a forecast of digital-asset market capitalization in millions of USD. We observe it daily and need 15 days ahead. I will upload JSON data.
v5,natural_rollout,crypto,natural-v6-20261005/crypto/08,1,initial,frequency,absent_from_readable_emissions,True,True,"{""periods"":1,""unit"":""day""}",[],I want a forecast of digital-asset market capitalization in millions of USD. We observe it daily and need 15 days ahead. I will upload JSON data.
v5,natural_rollout,crypto,natural-v6-20261005/crypto/08,1,initial,source_mode,exact_readable_content,True,True,"""upload""","[""\""upload\""""]",I want a forecast of digital-asset market capitalization in millions of USD. We observe it daily and need 15 days ahead. I will upload JSON data.
v5,natural_rollout,crypto,natural-v6-20261005/crypto/08,1,initial,target_description,absent_from_readable_emissions,True,True,"""digital-asset market capitalization""",[],I want a forecast of digital-asset market capitalization in millions of USD. We observe it daily and need 15 days ahead. I will upload JSON data.
v5,natural_rollout,crypto,natural-v6-20261005/crypto/08,1,initial,target_unit,absent_from_readable_emissions,True,True,"""millions of USD""",[],I want a forecast of digital-asset market capitalization in millions of USD. We observe it daily and need 15 days ahead. I will upload JSON data.
v5,natural_rollout,crypto,natural-v6-20261005/crypto/08,2,correction,forecast_horizon,normalization_only,True,True,"{""periods"":18,""unit"":""day""}","[""{\""periods\"":18.0,\""unit\"":\""day\""}""]",Replace the horizon I gave you with 18 days.
v6,natural_component,weather,natural-v6-20261005/weather/01,1,initial,file_format,normalization_only,True,True,"""csv""","[""\""CSV\""""]","Could you forecast afternoon air temperature? My readings are daily, in degrees Celsius, and I need the next 5 days. The file is CSV."
v6,natural_component,weather,natural-v6-20261005/weather/01,1,initial,forecast_horizon,absent_from_readable_emissions,True,True,"{""periods"":5,""unit"":""day""}",[],"Could you forecast afternoon air temperature? My readings are daily, in degrees Celsius, and I need the next 5 days. The file is CSV."
v6,natural_component,weather,natural-v6-20261005/weather/01,1,initial,frequency,exact_readable_content,True,True,"{""periods"":1,""unit"":""day""}","[""{\""periods\"":1,\""unit\"":\""day\""}""]","Could you forecast afternoon air temperature? My readings are daily, in degrees Celsius, and I need the next 5 days. The file is CSV."
v6,natural_component,weather,natural-v6-20261005/weather/01,1,initial,target_description,exact_readable_content,True,True,"""afternoon air temperature""","[""\""afternoon air temperature\""""]","Could you forecast afternoon air temperature? My readings are daily, in degrees Celsius, and I need the next 5 days. The file is CSV."
v6,natural_component,weather,natural-v6-20261005/weather/01,1,initial,target_unit,absent_from_readable_emissions,True,True,"""degrees Celsius""",[],"Could you forecast afternoon air temperature? My readings are daily, in degrees Celsius, and I need the next 5 days. The file is CSV."
v6,natural_component,weather,natural-v6-20261005/weather/01,2,correction,forecast_horizon,exact_readable_content,True,True,"{""periods"":8,""unit"":""day""}","[""{\""periods\"":8,\""unit\"":\""day\""}""]","Actually, change the forecast horizon to 8 days instead. Leave the other requirements alone."
v6,natural_component,weather,natural-v6-20261005/weather/02,1,initial,forecast_horizon,exact_readable_content,True,False,"{""periods"":36,""unit"":""hour""}","[""{\""periods\"":36,\""unit\"":\""hour\""}""]","Rain is what I care about: please predict accumulated rainfall, measured in millimetres. I have hourly readings and want 36 hours ahead."
v6,natural_component,weather,natural-v6-20261005/weather/02,1,initial,frequency,exact_readable_content,True,False,"{""periods"":1,""unit"":""hour""}","[""{\""periods\"":1,\""unit\"":\""hour\""}""]","Rain is what I care about: please predict accumulated rainfall, measured in millimetres. I have hourly readings and want 36 hours ahead."
v6,natural_component,weather,natural-v6-20261005/weather/02,1,initial,target_description,duplicate_slot_emissions,True,False,"""accumulated rainfall""","[""\""rain\"""", ""\""accumulated rainfall, measured in millimetres\""""]","Rain is what I care about: please predict accumulated rainfall, measured in millimetres. I have hourly readings and want 36 hours ahead."
v6,natural_component,weather,natural-v6-20261005/weather/02,1,initial,target_unit,absent_from_readable_emissions,True,False,"""millimetres""",[],"Rain is what I care about: please predict accumulated rainfall, measured in millimetres. I have hourly readings and want 36 hours ahead."
v6,natural_component,weather,natural-v6-20261005/weather/02,2,correction,forecast_horizon,exact_readable_content,True,True,"{""periods"":39,""unit"":""hour""}","[""{\""periods\"":39,\""unit\"":\""hour\""}""]","Correction: I need 39 hours ahead, replacing the earlier horizon."
v6,natural_component,weather,natural-v6-20261005/weather/03,1,initial,file_format,exact_readable_content,True,True,"""parquet""","[""\""parquet\""""]","I need a forecast of peak wind speed in metres per second, every hour, out to 12 hours. I will upload the data as parquet."
v6,natural_component,weather,natural-v6-20261005/weather/03,1,initial,forecast_horizon,exact_readable_content,True,True,"{""periods"":12,""unit"":""hour""}","[""{\""periods\"":12,\""unit\"":\""hour\""}""]","I need a forecast of peak wind speed in metres per second, every hour, out to 12 hours. I will upload the data as parquet."
v6,natural_component,weather,natural-v6-20261005/weather/03,1,initial,frequency,exact_readable_content,True,True,"{""periods"":1,""unit"":""hour""}","[""{\""periods\"":1,\""unit\"":\""hour\""}""]","I need a forecast of peak wind speed in metres per second, every hour, out to 12 hours. I will upload the data as parquet."
v6,natural_component,weather,natural-v6-20261005/weather/03,1,initial,source_mode,absent_from_readable_emissions,True,True,"""upload""",[],"I need a forecast of peak wind speed in metres per second, every hour, out to 12 hours. I will upload the data as parquet."
v6,natural_component,weather,natural-v6-20261005/weather/03,1,initial,target_description,different_value_or_type_not_adjudicated_semantically,True,True,"""peak wind speed""","[""\""peak wind speed in metres per second, every hour, out to 12 hours\""""]","I need a forecast of peak wind speed in metres per second, every hour, out to 12 hours. I will upload the data as parquet."
v6,natural_component,weather,natural-v6-20261005/weather/03,1,initial,target_unit,absent_from_readable_emissions,True,True,"""metres per second""",[],"I need a forecast of peak wind speed in metres per second, every hour, out to 12 hours. I will upload the data as parquet."
v6,natural_component,weather,natural-v6-20261005/weather/03,2,correction,forecast_horizon,exact_readable_content,True,True,"{""periods"":15,""unit"":""hour""}","[""{\""periods\"":15,\""unit\"":\""hour\""}""]","I changed my mind about the horizon. Forecast the next 15 hours, please."
v6,natural_component,weather,natural-v6-20261005/weather/04,1,initial,forecast_horizon,exact_readable_content,True,True,"{""periods"":9,""unit"":""day""}","[""{\""periods\"":9,\""unit\"":\""day\""}""]","Help me predict relative humidity. It is in percent, observed daily; look ahead 9 days. Read humidity_pct as the target and observation_date as the timestamp."
v6,natural_component,weather,natural-v6-20261005/weather/04,1,initial,frequency,absent_from_readable_emissions,True,True,"{""periods"":1,""unit"":""day""}",[],"Help me predict relative humidity. It is in percent, observed daily; look ahead 9 days. Read humidity_pct as the target and observation_date as the timestamp."
v6,natural_component,weather,natural-v6-20261005/weather/04,1,initial,target_column,exact_readable_content,True,True,"""humidity_pct""","[""\""humidity_pct\""""]","Help me predict relative humidity. It is in percent, observed daily; look ahead 9 days. Read humidity_pct as the target and observation_date as the timestamp."
v6,natural_component,weather,natural-v6-20261005/weather/04,1,initial,target_description,exact_readable_content,True,True,"""relative humidity""","[""\""relative humidity\""""]","Help me predict relative humidity. It is in percent, observed daily; look ahead 9 days. Read humidity_pct as the target and observation_date as the timestamp."
v6,natural_component,weather,natural-v6-20261005/weather/04,1,initial,target_unit,exact_readable_content,True,True,"""percent""","[""\""percent\""""]","Help me predict relative humidity. It is in percent, observed daily; look ahead 9 days. Read humidity_pct as the target and observation_date as the timestamp."
v6,natural_component,weather,natural-v6-20261005/weather/04,1,initial,time_column,exact_readable_content,True,True,"""observation_date""","[""\""observation_date\""""]","Help me predict relative humidity. It is in percent, observed daily; look ahead 9 days. Read humidity_pct as the target and observation_date as the timestamp."
v6,natural_component,weather,natural-v6-20261005/weather/04,2,correction,forecast_horizon,exact_readable_content,True,True,"{""periods"":12,""unit"":""day""}","[""{\""periods\"":12,\""unit\"":\""day\""}""]",That previous forecast horizon is wrong: make it 12 days.
v6,natural_component,weather,natural-v6-20261005/weather/05,1,initial,forecast_horizon,exact_readable_content,True,True,"{""periods"":18,""unit"":""hour""}","[""{\""periods\"":18,\""unit\"":\""hour\""}""]","What I want forecast is cloud cover, in percent. We record it every 3 hours. Please look 18 hours into the future."
v6,natural_component,weather,natural-v6-20261005/weather/05,1,initial,frequency,exact_readable_content,True,True,"{""periods"":3,""unit"":""hour""}","[""{\""periods\"":3,\""unit\"":\""hour\""}""]","What I want forecast is cloud cover, in percent. We record it every 3 hours. Please look 18 hours into the future."
v6,natural_component,weather,natural-v6-20261005/weather/05,1,initial,target_description,different_value_or_type_not_adjudicated_semantically,True,True,"""cloud cover""","[""\""cloud cover, in percent\""""]","What I want forecast is cloud cover, in percent. We record it every 3 hours. Please look 18 hours into the future."
v6,natural_component,weather,natural-v6-20261005/weather/05,1,initial,target_unit,absent_from_readable_emissions,True,True,"""percent""",[],"What I want forecast is cloud cover, in percent. We record it every 3 hours. Please look 18 hours into the future."
v6,natural_component,weather,natural-v6-20261005/weather/05,2,correction,forecast_horizon,normalization_only,True,True,"{""periods"":21,""unit"":""hour""}","[""{\""periods\"":21.0,\""unit\"":\""hour\""}""]",Please revise the forecast horizon to 21 hours. Everything else stays the same.
v6,natural_component,weather,natural-v6-20261005/weather/06,1,initial,forecast_horizon,exact_readable_content,True,True,"{""periods"":2,""unit"":""day""}","[""{\""periods\"":2,\""unit\"":\""day\""}""]",Can we forecast sea-level pressure? Values are in hectopascals and arrive every 6 hours. I need a 2 day horizon.
v6,natural_component,weather,natural-v6-20261005/weather/06,1,initial,frequency,exact_readable_content,True,True,"{""periods"":6,""unit"":""hour""}","[""{\""periods\"":6,\""unit\"":\""hour\""}""]",Can we forecast sea-level pressure? Values are in hectopascals and arrive every 6 hours. I need a 2 day horizon.
v6,natural_component,weather,natural-v6-20261005/weather/06,1,initial,target_description,exact_readable_content,True,True,"""sea-level pressure""","[""\""sea-level pressure\""""]",Can we forecast sea-level pressure? Values are in hectopascals and arrive every 6 hours. I need a 2 day horizon.
v6,natural_component,weather,natural-v6-20261005/weather/06,1,initial,target_unit,exact_readable_content,True,True,"""hectopascals""","[""\""hectopascals\""""]",Can we forecast sea-level pressure? Values are in hectopascals and arrive every 6 hours. I need a 2 day horizon.
v6,natural_component,weather,natural-v6-20261005/weather/06,2,correction,forecast_horizon,normalization_only,True,True,"{""periods"":5,""unit"":""day""}","[""{\""periods\"":5.0,\""unit\"":\""day\""}""]",Use 5 days for the forecast horizon instead of my earlier request.
v6,natural_component,weather,natural-v6-20261005/weather/06,3,unknown,prediction_interval_levels,new_unmentioned_slot,True,True,,"[""[10,90]""]","I need your questions about timezone, seasonal periods and prediction interval levels because I don't know them."
v6,natural_component,weather,natural-v6-20261005/weather/06,3,unknown,seasonal_periods,new_unmentioned_slot,True,True,,"[""[{\""periods\"":2,\""unit\"":\""day\""},{\""periods\"":3,\""unit\"":\""day\""},{\""periods\"":4,\""unit\"":\""day\""},{\""periods\"":5,\""unit\"":\""day\""},{\""periods\"":6,\""unit\"":\""day\""}]""]","I need your questions about timezone, seasonal periods and prediction interval levels because I don't know them."
v6,natural_component,weather,natural-v6-20261005/weather/06,3,unknown,timezone,new_unmentioned_slot,True,True,,"[""\""timezone\""""]","I need your questions about timezone, seasonal periods and prediction interval levels because I don't know them."
v6,natural_component,weather,natural-v6-20261005/weather/07,1,initial,forecast_horizon,exact_readable_content,True,True,"{""periods"":8,""unit"":""day""}","[""{\""periods\"":8,\""unit\"":\""day\""}""]","Please predict overnight minimum temperature in degrees Fahrenheit. Observations are daily. Forecast 8 days ahead, and generate a fresh forecast every 2 days."
v6,natural_component,weather,natural-v6-20261005/weather/07,1,initial,frequency,exact_readable_content,True,True,"{""periods"":1,""unit"":""day""}","[""{\""periods\"":1,\""unit\"":\""day\""}""]","Please predict overnight minimum temperature in degrees Fahrenheit. Observations are daily. Forecast 8 days ahead, and generate a fresh forecast every 2 days."
v6,natural_component,weather,natural-v6-20261005/weather/07,1,initial,prediction_frequency,exact_readable_content,True,True,"{""periods"":2,""unit"":""day""}","[""{\""periods\"":2,\""unit\"":\""day\""}""]","Please predict overnight minimum temperature in degrees Fahrenheit. Observations are daily. Forecast 8 days ahead, and generate a fresh forecast every 2 days."
v6,natural_component,weather,natural-v6-20261005/weather/07,1,initial,target_description,different_value_or_type_not_adjudicated_semantically,True,True,"""overnight minimum temperature""","[""\""overnight minimum temperature in degrees Fahrenheit\""""]","Please predict overnight minimum temperature in degrees Fahrenheit. Observations are daily. Forecast 8 days ahead, and generate a fresh forecast every 2 days."
v6,natural_component,weather,natural-v6-20261005/weather/07,1,initial,target_unit,absent_from_readable_emissions,True,True,"""degrees Fahrenheit""",[],"Please predict overnight minimum temperature in degrees Fahrenheit. Observations are daily. Forecast 8 days ahead, and generate a fresh forecast every 2 days."
v6,natural_component,weather,natural-v6-20261005/weather/07,2,correction,forecast_horizon,exact_readable_content,True,True,"{""periods"":11,""unit"":""day""}","[""{\""periods\"":11,\""unit\"":\""day\""}""]",One correction to my specification: the forecast horizon is now 11 days.
v6,natural_component,weather,natural-v6-20261005/weather/08,1,initial,file_format,exact_readable_content,True,True,"""xlsx""","[""\""xlsx\""""]","Build a forecast for sunshine duration, measured in hours, with one observation every week. I need the next 4 weeks. The uploaded file is xlsx."
v6,natural_component,weather,natural-v6-20261005/weather/08,1,initial,forecast_horizon,exact_readable_content,True,True,"{""periods"":4,""unit"":""week""}","[""{\""periods\"":4,\""unit\"":\""week\""}""]","Build a forecast for sunshine duration, measured in hours, with one observation every week. I need the next 4 weeks. The uploaded file is xlsx."
v6,natural_component,weather,natural-v6-20261005/weather/08,1,initial,frequency,exact_readable_content,True,True,"{""periods"":1,""unit"":""week""}","[""{\""periods\"":1,\""unit\"":\""week\""}""]","Build a forecast for sunshine duration, measured in hours, with one observation every week. I need the next 4 weeks. The uploaded file is xlsx."
v6,natural_component,weather,natural-v6-20261005/weather/08,1,initial,source_mode,absent_from_readable_emissions,True,True,"""upload""",[],"Build a forecast for sunshine duration, measured in hours, with one observation every week. I need the next 4 weeks. The uploaded file is xlsx."
v6,natural_component,weather,natural-v6-20261005/weather/08,1,initial,target_description,different_value_or_type_not_adjudicated_semantically,True,True,"""sunshine duration""","[""\""sunshine duration, measured in hours, with one observation every week\""""]","Build a forecast for sunshine duration, measured in hours, with one observation every week. I need the next 4 weeks. The uploaded file is xlsx."
v6,natural_component,weather,natural-v6-20261005/weather/08,1,initial,target_unit,absent_from_readable_emissions,True,True,"""hours""",[],"Build a forecast for sunshine duration, measured in hours, with one observation every week. I need the next 4 weeks. The uploaded file is xlsx."
v6,natural_component,weather,natural-v6-20261005/weather/08,2,correction,forecast_horizon,exact_readable_content,True,True,"{""periods"":7,""unit"":""week""}","[""{\""periods\"":7,\""unit\"":\""week\""}""]",Replace the horizon I gave you with 7 weeks.
v6,natural_component,inflation,natural-v6-20261005/inflation/01,1,initial,forecast_horizon,exact_readable_content,True,True,"{""periods"":5,""unit"":""month""}","[""{\""periods\"":5,\""unit\"":\""month\""}""]","Please forecast year-over-year CPI inflation, in percent, from monthly observations. I need the coming 5 months, not a forecast of the CPI index."
v6,natural_component,inflation,natural-v6-20261005/inflation/01,1,initial,frequency,absent_from_readable_emissions,True,True,"{""periods"":1,""unit"":""month""}",[],"Please forecast year-over-year CPI inflation, in percent, from monthly observations. I need the coming 5 months, not a forecast of the CPI index."
v6,natural_component,inflation,natural-v6-20261005/inflation/01,1,initial,target_description,different_value_or_type_not_adjudicated_semantically,True,True,"""year-over-year CPI inflation""","[""\""year-over-year CPI inflation, in percent\""""]","Please forecast year-over-year CPI inflation, in percent, from monthly observations. I need the coming 5 months, not a forecast of the CPI index."
v6,natural_component,inflation,natural-v6-20261005/inflation/01,1,initial,target_unit,absent_from_readable_emissions,True,True,"""percent""",[],"Please forecast year-over-year CPI inflation, in percent, from monthly observations. I need the coming 5 months, not a forecast of the CPI index."
v6,natural_component,inflation,natural-v6-20261005/inflation/01,2,correction,forecast_horizon,exact_readable_content,True,True,"{""periods"":8,""unit"":""month""}","[""{\""periods\"":8,\""unit\"":\""month\""}""]","Actually, change the forecast horizon to 8 months instead. Leave the other requirements alone."
v6,natural_component,inflation,natural-v6-20261005/inflation/02,1,initial,forecast_horizon,exact_readable_content,True,True,"{""periods"":8,""unit"":""month""}","[""{\""periods\"":8,\""unit\"":\""month\""}""]","Can you predict the headline CPI index level? Units are index points, base 2015=100. It is monthly and I want 8 months ahead."
v6,natural_component,inflation,natural-v6-20261005/inflation/02,1,initial,frequency,exact_readable_content,True,True,"{""periods"":1,""unit"":""month""}","[""{\""periods\"":1,\""unit\"":\""month\""}""]","Can you predict the headline CPI index level? Units are index points, base 2015=100. It is monthly and I want 8 months ahead."
v6,natural_component,inflation,natural-v6-20261005/inflation/02,1,initial,target_description,exact_readable_content,True,True,"""headline CPI index level""","[""\""headline CPI index level\""""]","Can you predict the headline CPI index level? Units are index points, base 2015=100. It is monthly and I want 8 months ahead."
v6,natural_component,inflation,natural-v6-20261005/inflation/02,1,initial,target_unit,exact_readable_content,True,True,"""index points, base 2015=100""","[""\""index points, base 2015=100\""""]","Can you predict the headline CPI index level? Units are index points, base 2015=100. It is monthly and I want 8 months ahead."
v6,natural_component,inflation,natural-v6-20261005/inflation/02,2,correction,forecast_horizon,exact_readable_content,True,True,"{""periods"":11,""unit"":""month""}","[""{\""periods\"":11,\""unit\"":\""month\""}""]","Correction: I need 11 months ahead, replacing the earlier horizon."
v6,natural_component,inflation,natural-v6-20261005/inflation/03,1,initial,file_format,exact_readable_content,True,True,"""csv""","[""\""csv\""""]",I need a forecast of month-over-month core inflation. The unit is percent. Observations arrive monthly; forecast the next 3 months. The file is csv.
v6,natural_component,inflation,natural-v6-20261005/inflation/03,1,initial,forecast_horizon,absent_from_readable_emissions,True,True,"{""periods"":3,""unit"":""month""}",[],I need a forecast of month-over-month core inflation. The unit is percent. Observations arrive monthly; forecast the next 3 months. The file is csv.
v6,natural_component,inflation,natural-v6-20261005/inflation/03,1,initial,frequency,exact_readable_content,True,True,"{""periods"":1,""unit"":""month""}","[""{\""periods\"":1,\""unit\"":\""month\""}""]",I need a forecast of month-over-month core inflation. The unit is percent. Observations arrive monthly; forecast the next 3 months. The file is csv.
v6,natural_component,inflation,natural-v6-20261005/inflation/03,1,initial,target_description,exact_readable_content,True,True,"""month-over-month core inflation""","[""\""month-over-month core inflation\""""]",I need a forecast of month-over-month core inflation. The unit is percent. Observations arrive monthly; forecast the next 3 months. The file is csv.
v6,natural_component,inflation,natural-v6-20261005/inflation/03,1,initial,target_unit,exact_readable_content,True,True,"""percent""","[""\""percent\""""]",I need a forecast of month-over-month core inflation. The unit is percent. Observations arrive monthly; forecast the next 3 months. The file is csv.
v6,natural_component,inflation,natural-v6-20261005/inflation/03,2,correction,forecast_horizon,normalization_only,True,True,"{""periods"":6,""unit"":""month""}","[""{\""periods\"":6.0,\""unit\"":\""month\""}""]","I changed my mind about the horizon. Forecast the next 6 months, please."
v6,natural_component,inflation,natural-v6-20261005/inflation/04,1,initial,forecast_horizon,unassessable_strict_json_failure,False,False,"{""periods"":11,""unit"":""month""}",[],Help me predict food-price inflation in percent. There is one observation each month. Look 11 months ahead. The target column is food_inflation and the date column is month_end.
v6,natural_component,inflation,natural-v6-20261005/inflation/04,1,initial,frequency,unassessable_strict_json_failure,False,False,"{""periods"":1,""unit"":""month""}",[],Help me predict food-price inflation in percent. There is one observation each month. Look 11 months ahead. The target column is food_inflation and the date column is month_end.
v6,natural_component,inflation,natural-v6-20261005/inflation/04,1,initial,target_column,unassessable_strict_json_failure,False,False,"""food_inflation""",[],Help me predict food-price inflation in percent. There is one observation each month. Look 11 months ahead. The target column is food_inflation and the date column is month_end.
v6,natural_component,inflation,natural-v6-20261005/inflation/04,1,initial,target_description,unassessable_strict_json_failure,False,False,"""food-price inflation""",[],Help me predict food-price inflation in percent. There is one observation each month. Look 11 months ahead. The target column is food_inflation and the date column is month_end.
v6,natural_component,inflation,natural-v6-20261005/inflation/04,1,initial,target_unit,unassessable_strict_json_failure,False,False,"""percent""",[],Help me predict food-price inflation in percent. There is one observation each month. Look 11 months ahead. The target column is food_inflation and the date column is month_end.
v6,natural_component,inflation,natural-v6-20261005/inflation/04,1,initial,time_column,unassessable_strict_json_failure,False,False,"""month_end""",[],Help me predict food-price inflation in percent. There is one observation each month. Look 11 months ahead. The target column is food_inflation and the date column is month_end.
v6,natural_component,inflation,natural-v6-20261005/inflation/04,2,correction,forecast_horizon,exact_readable_content,True,True,"{""periods"":14,""unit"":""month""}","[""{\""periods\"":14,\""unit\"":\""month\""}""]",That previous forecast horizon is wrong: make it 14 months.
v6,natural_component,inflation,natural-v6-20261005/inflation/05,1,initial,forecast_horizon,exact_readable_content,True,True,"{""periods"":2,""unit"":""quarter""}","[""{\""periods\"":2,\""unit\"":\""quarter\""}""]","Please forecast producer price inflation, measured in percent, using quarterly observations. I want the next 2 quarters."
v6,natural_component,inflation,natural-v6-20261005/inflation/05,1,initial,frequency,absent_from_readable_emissions,True,True,"{""periods"":1,""unit"":""quarter""}",[],"Please forecast producer price inflation, measured in percent, using quarterly observations. I want the next 2 quarters."
v6,natural_component,inflation,natural-v6-20261005/inflation/05,1,initial,target_description,different_value_or_type_not_adjudicated_semantically,True,True,"""producer price inflation""","[""\""producer price inflation, measured in percent, using quarterly observations\""""]","Please forecast producer price inflation, measured in percent, using quarterly observations. I want the next 2 quarters."
v6,natural_component,inflation,natural-v6-20261005/inflation/05,1,initial,target_unit,absent_from_readable_emissions,True,True,"""percent""",[],"Please forecast producer price inflation, measured in percent, using quarterly observations. I want the next 2 quarters."
v6,natural_component,inflation,natural-v6-20261005/inflation/05,2,correction,forecast_horizon,exact_readable_content,True,True,"{""periods"":5,""unit"":""quarter""}","[""{\""periods\"":5,\""unit\"":\""quarter\""}""]",Please revise the forecast horizon to 5 quarters. Everything else stays the same.
v6,natural_component,inflation,natural-v6-20261005/inflation/06,1,initial,file_format,exact_readable_content,True,True,"""parquet""","[""\""parquet\""""]",Forecast the consumer price index level in index points. The series has a monthly observation and I need a 1 year horizon. I will upload a parquet file.
v6,natural_component,inflation,natural-v6-20261005/inflation/06,1,initial,forecast_horizon,absent_from_readable_emissions,True,True,"{""periods"":1,""unit"":""year""}",[],Forecast the consumer price index level in index points. The series has a monthly observation and I need a 1 year horizon. I will upload a parquet file.
v6,natural_component,inflation,natural-v6-20261005/inflation/06,1,initial,frequency,exact_readable_content,True,True,"{""periods"":1,""unit"":""month""}","[""{\""periods\"":1,\""unit\"":\""month\""}""]",Forecast the consumer price index level in index points. The series has a monthly observation and I need a 1 year horizon. I will upload a parquet file.
v6,natural_component,inflation,natural-v6-20261005/inflation/06,1,initial,source_mode,absent_from_readable_emissions,True,True,"""upload""",[],Forecast the consumer price index level in index points. The series has a monthly observation and I need a 1 year horizon. I will upload a parquet file.
v6,natural_component,inflation,natural-v6-20261005/inflation/06,1,initial,target_description,different_value_or_type_not_adjudicated_semantically,True,True,"""consumer price index level""","[""\""consumer price index level in index points\""""]",Forecast the consumer price index level in index points. The series has a monthly observation and I need a 1 year horizon. I will upload a parquet file.
v6,natural_component,inflation,natural-v6-20261005/inflation/06,1,initial,target_unit,absent_from_readable_emissions,True,True,"""index points""",[],Forecast the consumer price index level in index points. The series has a monthly observation and I need a 1 year horizon. I will upload a parquet file.
v6,natural_component,inflation,natural-v6-20261005/inflation/06,2,correction,forecast_horizon,normalization_only,True,True,"{""periods"":4,""unit"":""year""}","[""{\""periods\"":4.0,\""unit\"":\""year\""}""]",Use 4 years for the forecast horizon instead of my earlier request.
v6,natural_component,inflation,natural-v6-20261005/inflation/06,3,unknown,prediction_interval_levels,new_unmentioned_slot,True,True,,"[""[{\""periods\"":0.01,\""unit\"":\""percent\""}]""]","I need your questions about timezone, seasonal periods and prediction interval levels because I don't know them."
v6,natural_component,inflation,natural-v6-20261005/inflation/06,3,unknown,seasonal_periods,new_unmentioned_slot,True,True,,"[""[{\""periods\"":0,\""unit\"":\""year\""}]""]","I need your questions about timezone, seasonal periods and prediction interval levels because I don't know them."
v6,natural_component,inflation,natural-v6-20261005/inflation/06,3,unknown,timezone,new_unmentioned_slot,True,True,,"[""\""timezone\""""]","I need your questions about timezone, seasonal periods and prediction interval levels because I don't know them."
v6,natural_component,inflation,natural-v6-20261005/inflation/07,1,initial,forecast_horizon,different_value_or_type_not_adjudicated_semantically,True,True,"{""periods"":3,""unit"":""year""}","[""{\""periods\"":1,\""unit\"":\""year\""}""]",I want to forecast annual average inflation in percent. One observation per year; look ahead 3 years. Generate a new forecast every 1 year.
v6,natural_component,inflation,natural-v6-20261005/inflation/07,1,initial,frequency,absent_from_readable_emissions,True,True,"{""periods"":1,""unit"":""year""}",[],I want to forecast annual average inflation in percent. One observation per year; look ahead 3 years. Generate a new forecast every 1 year.
v6,natural_component,inflation,natural-v6-20261005/inflation/07,1,initial,prediction_frequency,exact_readable_content,True,True,"{""periods"":1,""unit"":""year""}","[""{\""periods\"":1,\""unit\"":\""year\""}""]",I want to forecast annual average inflation in percent. One observation per year; look ahead 3 years. Generate a new forecast every 1 year.
v6,natural_component,inflation,natural-v6-20261005/inflation/07,1,initial,target_description,different_value_or_type_not_adjudicated_semantically,True,True,"""annual average inflation""","[""\""annual average inflation in percent\""""]",I want to forecast annual average inflation in percent. One observation per year; look ahead 3 years. Generate a new forecast every 1 year.
v6,natural_component,inflation,natural-v6-20261005/inflation/07,1,initial,target_unit,absent_from_readable_emissions,True,True,"""percent""",[],I want to forecast annual average inflation in percent. One observation per year; look ahead 3 years. Generate a new forecast every 1 year.
v6,natural_component,inflation,natural-v6-20261005/inflation/07,2,correction,forecast_horizon,exact_readable_content,True,True,"{""periods"":6,""unit"":""year""}","[""{\""periods\"":6,\""unit\"":\""year\""}""]",One correction to my specification: the forecast horizon is now 6 years.
v6,natural_component,inflation,natural-v6-20261005/inflation/08,1,initial,file_format,exact_readable_content,True,True,"""xlsx""","[""\""xlsx\""""]","Could you predict trimmed-mean inflation? It is monthly, expressed in percent. We need 7 months into the future; the uploaded data will be in xlsx format."
v6,natural_component,inflation,natural-v6-20261005/inflation/08,1,initial,forecast_horizon,exact_readable_content,True,True,"{""periods"":7,""unit"":""month""}","[""{\""periods\"":7,\""unit\"":\""month\""}""]","Could you predict trimmed-mean inflation? It is monthly, expressed in percent. We need 7 months into the future; the uploaded data will be in xlsx format."
v6,natural_component,inflation,natural-v6-20261005/inflation/08,1,initial,frequency,absent_from_readable_emissions,True,True,"{""periods"":1,""unit"":""month""}",[],"Could you predict trimmed-mean inflation? It is monthly, expressed in percent. We need 7 months into the future; the uploaded data will be in xlsx format."
v6,natural_component,inflation,natural-v6-20261005/inflation/08,1,initial,source_mode,absent_from_readable_emissions,True,True,"""upload""",[],"Could you predict trimmed-mean inflation? It is monthly, expressed in percent. We need 7 months into the future; the uploaded data will be in xlsx format."
v6,natural_component,inflation,natural-v6-20261005/inflation/08,1,initial,target_description,exact_readable_content,True,True,"""trimmed-mean inflation""","[""\""trimmed-mean inflation\""""]","Could you predict trimmed-mean inflation? It is monthly, expressed in percent. We need 7 months into the future; the uploaded data will be in xlsx format."
v6,natural_component,inflation,natural-v6-20261005/inflation/08,1,initial,target_unit,different_value_or_type_not_adjudicated_semantically,True,True,"""percent""","[""\""monthly, expressed in percent\""""]","Could you predict trimmed-mean inflation? It is monthly, expressed in percent. We need 7 months into the future; the uploaded data will be in xlsx format."
v6,natural_component,inflation,natural-v6-20261005/inflation/08,2,correction,forecast_horizon,exact_readable_content,True,True,"{""periods"":10,""unit"":""month""}","[""{\""periods\"":10,\""unit\"":\""month\""}""]",Replace the horizon I gave you with 10 months.
v6,natural_component,stocks,natural-v6-20261005/stocks/01,1,initial,forecast_horizon,exact_readable_content,True,True,"{""periods"":10,""unit"":""day""}","[""{\""periods\"":10,\""unit\"":\""day\""}""]","Can you forecast NOVA's adjusted closing price, in USD per share? I have daily observations and need the next 10 days."
v6,natural_component,stocks,natural-v6-20261005/stocks/01,1,initial,frequency,exact_readable_content,True,True,"{""periods"":1,""unit"":""day""}","[""{\""periods\"":1,\""unit\"":\""day\""}""]","Can you forecast NOVA's adjusted closing price, in USD per share? I have daily observations and need the next 10 days."
v6,natural_component,stocks,natural-v6-20261005/stocks/01,1,initial,target_description,different_value_or_type_not_adjudicated_semantically,True,True,"""NOVA's adjusted closing price""","[""\""NOVA's adjusted closing price, in USD per share\""""]","Can you forecast NOVA's adjusted closing price, in USD per share? I have daily observations and need the next 10 days."
v6,natural_component,stocks,natural-v6-20261005/stocks/01,1,initial,target_unit,absent_from_readable_emissions,True,True,"""USD per share""",[],"Can you forecast NOVA's adjusted closing price, in USD per share? I have daily observations and need the next 10 days."
v6,natural_component,stocks,natural-v6-20261005/stocks/01,2,correction,forecast_horizon,exact_readable_content,True,True,"{""periods"":13,""unit"":""day""}","[""{\""periods\"":13,\""unit\"":\""day\""}""]","Actually, change the forecast horizon to 13 days instead. Leave the other requirements alone."
v6,natural_component,stocks,natural-v6-20261005/stocks/02,1,initial,forecast_horizon,exact_readable_content,True,True,"{""periods"":6,""unit"":""day""}","[""{\""periods\"":6,\""unit\"":\""day\""}""]","Please predict raw closing share price, without adjusting corporate actions. Prices are in GBP per share, observed every day. Look ahead 6 days."
v6,natural_component,stocks,natural-v6-20261005/stocks/02,1,initial,frequency,absent_from_readable_emissions,True,True,"{""periods"":1,""unit"":""day""}",[],"Please predict raw closing share price, without adjusting corporate actions. Prices are in GBP per share, observed every day. Look ahead 6 days."
v6,natural_component,stocks,natural-v6-20261005/stocks/02,1,initial,target_description,exact_readable_content,True,True,"""raw closing share price, without adjusting corporate actions""","[""\""raw closing share price, without adjusting corporate actions\""""]","Please predict raw closing share price, without adjusting corporate actions. Prices are in GBP per share, observed every day. Look ahead 6 days."
v6,natural_component,stocks,natural-v6-20261005/stocks/02,1,initial,target_unit,different_value_or_type_not_adjudicated_semantically,True,True,"""GBP per share""","[""\""GBP per share, observed every day\""""]","Please predict raw closing share price, without adjusting corporate actions. Prices are in GBP per share, observed every day. Look ahead 6 days."
v6,natural_component,stocks,natural-v6-20261005/stocks/02,2,correction,forecast_horizon,exact_readable_content,True,True,"{""periods"":9,""unit"":""day""}","[""{\""periods\"":9,\""unit\"":\""day\""}""]","Correction: I need 9 days ahead, replacing the earlier horizon."
v6,natural_component,stocks,natural-v6-20261005/stocks/03,1,initial,file_format,absent_from_readable_emissions,True,True,"""csv""",[],"Help me forecast total share return including dividends, measured in percent. Observations are weekly; I need 5 weeks ahead. I will upload CSV data."
v6,natural_component,stocks,natural-v6-20261005/stocks/03,1,initial,forecast_horizon,different_value_or_type_not_adjudicated_semantically,True,True,"{""periods"":5,""unit"":""week""}","[""{\""periods\"":7,\""unit\"":\""week\""}""]","Help me forecast total share return including dividends, measured in percent. Observations are weekly; I need 5 weeks ahead. I will upload CSV data."
v6,natural_component,stocks,natural-v6-20261005/stocks/03,1,initial,frequency,absent_from_readable_emissions,True,True,"{""periods"":1,""unit"":""week""}",[],"Help me forecast total share return including dividends, measured in percent. Observations are weekly; I need 5 weeks ahead. I will upload CSV data."
v6,natural_component,stocks,natural-v6-20261005/stocks/03,1,initial,source_mode,normalization_only,True,True,"""upload""","[""\""csv\""""]","Help me forecast total share return including dividends, measured in percent. Observations are weekly; I need 5 weeks ahead. I will upload CSV data."
v6,natural_component,stocks,natural-v6-20261005/stocks/03,1,initial,target_description,different_value_or_type_not_adjudicated_semantically,True,True,"""total share return including dividends""","[""\""total share return including dividends, measured in percent\""""]","Help me forecast total share return including dividends, measured in percent. Observations are weekly; I need 5 weeks ahead. I will upload CSV data."
v6,natural_component,stocks,natural-v6-20261005/stocks/03,1,initial,target_unit,absent_from_readable_emissions,True,True,"""percent""",[],"Help me forecast total share return including dividends, measured in percent. Observations are weekly; I need 5 weeks ahead. I will upload CSV data."
v6,natural_component,stocks,natural-v6-20261005/stocks/03,2,correction,forecast_horizon,exact_readable_content,True,True,"{""periods"":8,""unit"":""week""}","[""{\""periods\"":8,\""unit\"":\""week\""}""]","I changed my mind about the horizon. Forecast the next 8 weeks, please."
v6,natural_component,stocks,natural-v6-20261005/stocks/04,1,initial,forecast_horizon,absent_from_readable_emissions,True,True,"{""periods"":9,""unit"":""day""}",[],"Forecast trading volume, measured in shares, from daily observations for the next 9 days. Read the target from volume_shares and the timestamp from trade_date."
v6,natural_component,stocks,natural-v6-20261005/stocks/04,1,initial,frequency,absent_from_readable_emissions,True,True,"{""periods"":1,""unit"":""day""}",[],"Forecast trading volume, measured in shares, from daily observations for the next 9 days. Read the target from volume_shares and the timestamp from trade_date."
v6,natural_component,stocks,natural-v6-20261005/stocks/04,1,initial,target_column,exact_readable_content,True,True,"""volume_shares""","[""\""volume_shares\""""]","Forecast trading volume, measured in shares, from daily observations for the next 9 days. Read the target from volume_shares and the timestamp from trade_date."
v6,natural_component,stocks,natural-v6-20261005/stocks/04,1,initial,target_description,different_value_or_type_not_adjudicated_semantically,True,True,"""trading volume""","[""\""trading volume, measured in shares, from daily observations for the next 9 days\""""]","Forecast trading volume, measured in shares, from daily observations for the next 9 days. Read the target from volume_shares and the timestamp from trade_date."
v6,natural_component,stocks,natural-v6-20261005/stocks/04,1,initial,target_unit,absent_from_readable_emissions,True,True,"""shares""",[],"Forecast trading volume, measured in shares, from daily observations for the next 9 days. Read the target from volume_shares and the timestamp from trade_date."
v6,natural_component,stocks,natural-v6-20261005/stocks/04,1,initial,time_column,exact_readable_content,True,True,"""trade_date""","[""\""trade_date\""""]","Forecast trading volume, measured in shares, from daily observations for the next 9 days. Read the target from volume_shares and the timestamp from trade_date."
v6,natural_component,stocks,natural-v6-20261005/stocks/04,2,correction,forecast_horizon,exact_readable_content,True,True,"{""periods"":12,""unit"":""day""}","[""{\""periods\"":12,\""unit\"":\""day\""}""]",That previous forecast horizon is wrong: make it 12 days.
v6,natural_component,stocks,natural-v6-20261005/stocks/05,1,initial,forecast_horizon,exact_readable_content,True,True,"{""periods"":4,""unit"":""month""}","[""{\""periods\"":4,\""unit\"":\""month\""}""]","Please predict the dividend yield in percent. This series is monthly, and the horizon should be 4 months."
v6,natural_component,stocks,natural-v6-20261005/stocks/05,1,initial,frequency,exact_readable_content,True,True,"{""periods"":1,""unit"":""month""}","[""{\""periods\"":1,\""unit\"":\""month\""}""]","Please predict the dividend yield in percent. This series is monthly, and the horizon should be 4 months."
v6,natural_component,stocks,natural-v6-20261005/stocks/05,1,initial,target_description,different_value_or_type_not_adjudicated_semantically,True,True,"""dividend yield""","[""\""dividend yield in percent\""""]","Please predict the dividend yield in percent. This series is monthly, and the horizon should be 4 months."
v6,natural_component,stocks,natural-v6-20261005/stocks/05,1,initial,target_unit,absent_from_readable_emissions,True,True,"""percent""",[],"Please predict the dividend yield in percent. This series is monthly, and the horizon should be 4 months."
v6,natural_component,stocks,natural-v6-20261005/stocks/05,2,correction,forecast_horizon,exact_readable_content,True,True,"{""periods"":7,""unit"":""month""}","[""{\""periods\"":7,\""unit\"":\""month\""}""]",Please revise the forecast horizon to 7 months. Everything else stays the same.
v6,natural_component,stocks,natural-v6-20261005/stocks/06,1,initial,file_format,unassessable_strict_json_failure,False,False,"""parquet""",[],"I need a forecast of adjusted closing share price. It is in EUR per share, sampled hourly, and I want 16 hours ahead. The file format is parquet."
v6,natural_component,stocks,natural-v6-20261005/stocks/06,1,initial,forecast_horizon,unassessable_strict_json_failure,False,False,"{""periods"":16,""unit"":""hour""}",[],"I need a forecast of adjusted closing share price. It is in EUR per share, sampled hourly, and I want 16 hours ahead. The file format is parquet."
v6,natural_component,stocks,natural-v6-20261005/stocks/06,1,initial,frequency,unassessable_strict_json_failure,False,False,"{""periods"":1,""unit"":""hour""}",[],"I need a forecast of adjusted closing share price. It is in EUR per share, sampled hourly, and I want 16 hours ahead. The file format is parquet."
v6,natural_component,stocks,natural-v6-20261005/stocks/06,1,initial,target_description,unassessable_strict_json_failure,False,False,"""adjusted closing share price""",[],"I need a forecast of adjusted closing share price. It is in EUR per share, sampled hourly, and I want 16 hours ahead. The file format is parquet."
v6,natural_component,stocks,natural-v6-20261005/stocks/06,1,initial,target_unit,unassessable_strict_json_failure,False,False,"""EUR per share""",[],"I need a forecast of adjusted closing share price. It is in EUR per share, sampled hourly, and I want 16 hours ahead. The file format is parquet."
v6,natural_component,stocks,natural-v6-20261005/stocks/06,2,correction,forecast_horizon,exact_readable_content,True,True,"{""periods"":19,""unit"":""hour""}","[""{\""periods\"":19,\""unit\"":\""hour\""}""]",Use 19 hours for the forecast horizon instead of my earlier request.
v6,natural_component,stocks,natural-v6-20261005/stocks/06,3,unknown,prediction_interval_levels,new_unmentioned_slot,True,True,,"[""[0,100,95,90,85,80,75,70,65,60,55,50,45,40,35,30,25,20,15,10,5,0]""]","I need your questions about timezone, seasonal periods and prediction interval levels because I don't know them."
v6,natural_component,stocks,natural-v6-20261005/stocks/06,3,unknown,seasonal_periods,new_unmentioned_slot,True,True,,"[""[{\""periods\"":0,\""unit\"":\""year\""},{\""periods\"":0,\""unit\"":\""month\""},{\""periods\"":0,\""unit\"":\""day\""}]""]","I need your questions about timezone, seasonal periods and prediction interval levels because I don't know them."
v6,natural_component,stocks,natural-v6-20261005/stocks/06,3,unknown,timezone,new_unmentioned_slot,True,True,,"[""\""timezone\""""]","I need your questions about timezone, seasonal periods and prediction interval levels because I don't know them."
v6,natural_component,stocks,natural-v6-20261005/stocks/07,1,initial,forecast_horizon,exact_readable_content,True,True,"{""periods"":12,""unit"":""day""}","[""{\""periods\"":12,\""unit\"":\""day\""}""]",Could you forecast daily log share return in percent? There is one observation per day. Predict 12 days ahead but refresh the forecast every 3 days.
v6,natural_component,stocks,natural-v6-20261005/stocks/07,1,initial,frequency,exact_readable_content,True,True,"{""periods"":1,""unit"":""day""}","[""{\""periods\"":1,\""unit\"":\""day\""}""]",Could you forecast daily log share return in percent? There is one observation per day. Predict 12 days ahead but refresh the forecast every 3 days.
v6,natural_component,stocks,natural-v6-20261005/stocks/07,1,initial,prediction_frequency,absent_from_readable_emissions,True,True,"{""periods"":3,""unit"":""day""}",[],Could you forecast daily log share return in percent? There is one observation per day. Predict 12 days ahead but refresh the forecast every 3 days.
v6,natural_component,stocks,natural-v6-20261005/stocks/07,1,initial,refresh_frequency,new_unmentioned_slot,True,True,,"[""{\""periods\"":3,\""unit\"":\""day\""}""]",Could you forecast daily log share return in percent? There is one observation per day. Predict 12 days ahead but refresh the forecast every 3 days.
v6,natural_component,stocks,natural-v6-20261005/stocks/07,1,initial,target_description,different_value_or_type_not_adjudicated_semantically,True,True,"""daily log share return""","[""\""daily log share return in percent\""""]",Could you forecast daily log share return in percent? There is one observation per day. Predict 12 days ahead but refresh the forecast every 3 days.
v6,natural_component,stocks,natural-v6-20261005/stocks/07,1,initial,target_unit,absent_from_readable_emissions,True,True,"""percent""",[],Could you forecast daily log share return in percent? There is one observation per day. Predict 12 days ahead but refresh the forecast every 3 days.
v6,natural_component,stocks,natural-v6-20261005/stocks/07,2,correction,forecast_horizon,normalization_only,True,True,"{""periods"":15,""unit"":""day""}","[""{\""periods\"":15.0,\""unit\"":\""day\""}""]",One correction to my specification: the forecast horizon is now 15 days.
v6,natural_component,stocks,natural-v6-20261005/stocks/08,1,initial,file_format,exact_readable_content,True,True,"""xlsx""","[""\""xlsx\""""]",I want to forecast ETF trading volume in shares. I have weekly data and need the next 6 weeks. I will upload the spreadsheet in xlsx format.
v6,natural_component,stocks,natural-v6-20261005/stocks/08,1,initial,forecast_horizon,different_value_or_type_not_adjudicated_semantically,True,True,"{""periods"":6,""unit"":""week""}","[""{\""periods\"":1,\""unit\"":\""week\""}""]",I want to forecast ETF trading volume in shares. I have weekly data and need the next 6 weeks. I will upload the spreadsheet in xlsx format.
v6,natural_component,stocks,natural-v6-20261005/stocks/08,1,initial,frequency,absent_from_readable_emissions,True,True,"{""periods"":1,""unit"":""week""}",[],I want to forecast ETF trading volume in shares. I have weekly data and need the next 6 weeks. I will upload the spreadsheet in xlsx format.
v6,natural_component,stocks,natural-v6-20261005/stocks/08,1,initial,source_mode,absent_from_readable_emissions,True,True,"""upload""",[],I want to forecast ETF trading volume in shares. I have weekly data and need the next 6 weeks. I will upload the spreadsheet in xlsx format.
v6,natural_component,stocks,natural-v6-20261005/stocks/08,1,initial,target_description,different_value_or_type_not_adjudicated_semantically,True,True,"""ETF trading volume""","[""\""ETF trading volume in shares\""""]",I want to forecast ETF trading volume in shares. I have weekly data and need the next 6 weeks. I will upload the spreadsheet in xlsx format.
v6,natural_component,stocks,natural-v6-20261005/stocks/08,1,initial,target_unit,absent_from_readable_emissions,True,True,"""shares""",[],I want to forecast ETF trading volume in shares. I have weekly data and need the next 6 weeks. I will upload the spreadsheet in xlsx format.
v6,natural_component,stocks,natural-v6-20261005/stocks/08,2,correction,forecast_horizon,exact_readable_content,True,True,"{""periods"":9,""unit"":""week""}","[""{\""periods\"":9,\""unit\"":\""week\""}""]",Replace the horizon I gave you with 9 weeks.
v6,natural_component,crypto,natural-v6-20261005/crypto/01,1,initial,forecast_horizon,exact_readable_content,True,True,"{""periods"":20,""unit"":""hour""}","[""{\""periods\"":20,\""unit\"":\""hour\""}""]","Can you forecast BTC/USD spot price in USD per BTC? My observations are hourly and I want 20 hours ahead, not a futures price."
v6,natural_component,crypto,natural-v6-20261005/crypto/01,1,initial,frequency,exact_readable_content,True,True,"{""periods"":1,""unit"":""hour""}","[""{\""periods\"":1,\""unit\"":\""hour\""}""]","Can you forecast BTC/USD spot price in USD per BTC? My observations are hourly and I want 20 hours ahead, not a futures price."
v6,natural_component,crypto,natural-v6-20261005/crypto/01,1,initial,target_description,different_value_or_type_not_adjudicated_semantically,True,True,"""BTC/USD spot price""","[""\""BTC/USD spot price in USD per BTC\""""]","Can you forecast BTC/USD spot price in USD per BTC? My observations are hourly and I want 20 hours ahead, not a futures price."
v6,natural_component,crypto,natural-v6-20261005/crypto/01,1,initial,target_unit,different_value_or_type_not_adjudicated_semantically,True,True,"""USD per BTC""","[""\""not a futures price\""""]","Can you forecast BTC/USD spot price in USD per BTC? My observations are hourly and I want 20 hours ahead, not a futures price."
v6,natural_component,crypto,natural-v6-20261005/crypto/01,2,correction,forecast_horizon,normalization_only,True,True,"{""periods"":23,""unit"":""hour""}","[""{\""periods\"":23.0,\""unit\"":\""hour\""}""]","Actually, change the forecast horizon to 23 hours instead. Leave the other requirements alone."
v6,natural_component,crypto,natural-v6-20261005/crypto/02,1,initial,forecast_horizon,exact_readable_content,True,True,"{""periods"":14,""unit"":""hour""}","[""{\""periods\"":14,\""unit\"":\""hour\""}""]","Please predict ETH trading volume, in ETH, using observations every 2 hours. I need the next 14 hours."
v6,natural_component,crypto,natural-v6-20261005/crypto/02,1,initial,frequency,exact_readable_content,True,True,"{""periods"":2,""unit"":""hour""}","[""{\""periods\"":2,\""unit\"":\""hour\""}""]","Please predict ETH trading volume, in ETH, using observations every 2 hours. I need the next 14 hours."
v6,natural_component,crypto,natural-v6-20261005/crypto/02,1,initial,target_description,different_value_or_type_not_adjudicated_semantically,True,True,"""ETH trading volume""","[""\""ETH trading volume, in ETH\""""]","Please predict ETH trading volume, in ETH, using observations every 2 hours. I need the next 14 hours."
v6,natural_component,crypto,natural-v6-20261005/crypto/02,1,initial,target_unit,absent_from_readable_emissions,True,True,"""ETH""",[],"Please predict ETH trading volume, in ETH, using observations every 2 hours. I need the next 14 hours."
v6,natural_component,crypto,natural-v6-20261005/crypto/02,2,correction,forecast_horizon,exact_readable_content,True,True,"{""periods"":17,""unit"":""hour""}","[""{\""periods\"":17,\""unit\"":\""hour\""}""]","Correction: I need 17 hours ahead, replacing the earlier horizon."
v6,natural_component,crypto,natural-v6-20261005/crypto/03,1,initial,file_format,absent_from_readable_emissions,True,True,"""csv""",[],Help me forecast perpetual-swap funding rate. Units are percent per 8 hours and observations come every 8 hours. Look ahead 48 hours. I will upload CSV data.
v6,natural_component,crypto,natural-v6-20261005/crypto/03,1,initial,forecast_horizon,exact_readable_content,True,True,"{""periods"":48,""unit"":""hour""}","[""{\""periods\"":48,\""unit\"":\""hour\""}""]",Help me forecast perpetual-swap funding rate. Units are percent per 8 hours and observations come every 8 hours. Look ahead 48 hours. I will upload CSV data.
v6,natural_component,crypto,natural-v6-20261005/crypto/03,1,initial,frequency,absent_from_readable_emissions,True,True,"{""periods"":8,""unit"":""hour""}",[],Help me forecast perpetual-swap funding rate. Units are percent per 8 hours and observations come every 8 hours. Look ahead 48 hours. I will upload CSV data.
v6,natural_component,crypto,natural-v6-20261005/crypto/03,1,initial,source_mode,normalization_only,True,True,"""upload""","[""\""csv\""""]",Help me forecast perpetual-swap funding rate. Units are percent per 8 hours and observations come every 8 hours. Look ahead 48 hours. I will upload CSV data.
v6,natural_component,crypto,natural-v6-20261005/crypto/03,1,initial,target_description,exact_readable_content,True,True,"""perpetual-swap funding rate""","[""\""perpetual-swap funding rate\""""]",Help me forecast perpetual-swap funding rate. Units are percent per 8 hours and observations come every 8 hours. Look ahead 48 hours. I will upload CSV data.
v6,natural_component,crypto,natural-v6-20261005/crypto/03,1,initial,target_unit,exact_readable_content,True,True,"""percent per 8 hours""","[""\""percent per 8 hours\""""]",Help me forecast perpetual-swap funding rate. Units are percent per 8 hours and observations come every 8 hours. Look ahead 48 hours. I will upload CSV data.
v6,natural_component,crypto,natural-v6-20261005/crypto/03,2,correction,forecast_horizon,exact_readable_content,True,True,"{""periods"":51,""unit"":""hour""}","[""{\""periods\"":51,\""unit\"":\""hour\""}""]","I changed my mind about the horizon. Forecast the next 51 hours, please."
v6,natural_component,crypto,natural-v6-20261005/crypto/04,1,initial,forecast_horizon,absent_from_readable_emissions,True,True,"{""periods"":30,""unit"":""hour""}",[],I need a forecast of futures open interest in contracts. This is hourly data and the horizon is 30 hours. Read open_contracts as the target and event_time as the timestamp.
v6,natural_component,crypto,natural-v6-20261005/crypto/04,1,initial,frequency,exact_readable_content,True,True,"{""periods"":1,""unit"":""hour""}","[""{\""periods\"":1,\""unit\"":\""hour\""}""]",I need a forecast of futures open interest in contracts. This is hourly data and the horizon is 30 hours. Read open_contracts as the target and event_time as the timestamp.
v6,natural_component,crypto,natural-v6-20261005/crypto/04,1,initial,target_column,exact_readable_content,True,True,"""open_contracts""","[""\""open_contracts\""""]",I need a forecast of futures open interest in contracts. This is hourly data and the horizon is 30 hours. Read open_contracts as the target and event_time as the timestamp.
v6,natural_component,crypto,natural-v6-20261005/crypto/04,1,initial,target_description,different_value_or_type_not_adjudicated_semantically,True,True,"""futures open interest""","[""\""futures open interest in contracts\""""]",I need a forecast of futures open interest in contracts. This is hourly data and the horizon is 30 hours. Read open_contracts as the target and event_time as the timestamp.
v6,natural_component,crypto,natural-v6-20261005/crypto/04,1,initial,target_unit,absent_from_readable_emissions,True,True,"""contracts""",[],I need a forecast of futures open interest in contracts. This is hourly data and the horizon is 30 hours. Read open_contracts as the target and event_time as the timestamp.
v6,natural_component,crypto,natural-v6-20261005/crypto/04,1,initial,time_column,exact_readable_content,True,True,"""event_time""","[""\""event_time\""""]",I need a forecast of futures open interest in contracts. This is hourly data and the horizon is 30 hours. Read open_contracts as the target and event_time as the timestamp.
v6,natural_component,crypto,natural-v6-20261005/crypto/04,2,correction,forecast_horizon,exact_readable_content,True,True,"{""periods"":33,""unit"":""hour""}","[""{\""periods\"":33,\""unit\"":\""hour\""}""]",That previous forecast horizon is wrong: make it 33 hours.
v6,natural_component,crypto,natural-v6-20261005/crypto/05,1,initial,forecast_horizon,exact_readable_content,True,True,"{""periods"":7,""unit"":""day""}","[""{\""periods\"":7,\""unit\"":\""day\""}""]","Please forecast realized volatility, in percent per year, from daily observations for the next 7 days."
v6,natural_component,crypto,natural-v6-20261005/crypto/05,1,initial,frequency,absent_from_readable_emissions,True,True,"{""periods"":1,""unit"":""day""}",[],"Please forecast realized volatility, in percent per year, from daily observations for the next 7 days."
v6,natural_component,crypto,natural-v6-20261005/crypto/05,1,initial,target_description,different_value_or_type_not_adjudicated_semantically,True,True,"""realized volatility""","[""\""realized volatility, in percent per year\""""]","Please forecast realized volatility, in percent per year, from daily observations for the next 7 days."
v6,natural_component,crypto,natural-v6-20261005/crypto/05,1,initial,target_unit,absent_from_readable_emissions,True,True,"""percent per year""",[],"Please forecast realized volatility, in percent per year, from daily observations for the next 7 days."
v6,natural_component,crypto,natural-v6-20261005/crypto/05,2,correction,forecast_horizon,normalization_only,True,True,"{""periods"":10,""unit"":""day""}","[""{\""periods\"":10.0,\""unit\"":\""day\""}""]",Please revise the forecast horizon to 10 days. Everything else stays the same.
v6,natural_component,crypto,natural-v6-20261005/crypto/06,1,initial,file_format,exact_readable_content,True,True,"""parquet""","[""\""parquet\""""]","Predict futures-minus-spot basis, measured in basis points. Each observation is 1 hour apart; I need a 2 day horizon. The file will be parquet."
v6,natural_component,crypto,natural-v6-20261005/crypto/06,1,initial,forecast_horizon,exact_readable_content,True,True,"{""periods"":2,""unit"":""day""}","[""{\""periods\"":2,\""unit\"":\""day\""}""]","Predict futures-minus-spot basis, measured in basis points. Each observation is 1 hour apart; I need a 2 day horizon. The file will be parquet."
v6,natural_component,crypto,natural-v6-20261005/crypto/06,1,initial,frequency,exact_readable_content,True,True,"{""periods"":1,""unit"":""hour""}","[""{\""periods\"":1,\""unit\"":\""hour\""}""]","Predict futures-minus-spot basis, measured in basis points. Each observation is 1 hour apart; I need a 2 day horizon. The file will be parquet."
v6,natural_component,crypto,natural-v6-20261005/crypto/06,1,initial,target_description,different_value_or_type_not_adjudicated_semantically,True,True,"""futures-minus-spot basis""","[""\""basis points\""""]","Predict futures-minus-spot basis, measured in basis points. Each observation is 1 hour apart; I need a 2 day horizon. The file will be parquet."
v6,natural_component,crypto,natural-v6-20261005/crypto/06,1,initial,target_unit,absent_from_readable_emissions,True,True,"""basis points""",[],"Predict futures-minus-spot basis, measured in basis points. Each observation is 1 hour apart; I need a 2 day horizon. The file will be parquet."
v6,natural_component,crypto,natural-v6-20261005/crypto/06,2,correction,forecast_horizon,normalization_only,True,True,"{""periods"":5,""unit"":""day""}","[""{\""periods\"":5.0,\""unit\"":\""day\""}""]",Use 5 days for the forecast horizon instead of my earlier request.
v6,natural_component,crypto,natural-v6-20261005/crypto/06,3,unknown,prediction_interval_levels,new_unmentioned_slot,True,True,,"[""[0.01,0.02,0.03,0.04,0.05]""]","I need your questions about timezone, seasonal periods and prediction interval levels because I don't know them."
v6,natural_component,crypto,natural-v6-20261005/crypto/06,3,unknown,seasonal_periods,new_unmentioned_slot,True,True,,"[""[{\""periods\"":1,\""unit\"":\""day\""},{\""periods\"":1,\""unit\"":\""day\""},{\""periods\"":1,\""unit\"":\""day\""}]""]","I need your questions about timezone, seasonal periods and prediction interval levels because I don't know them."
v6,natural_component,crypto,natural-v6-20261005/crypto/06,3,unknown,timezone,new_unmentioned_slot,True,True,,"[""\""timezone\""""]","I need your questions about timezone, seasonal periods and prediction interval levels because I don't know them."
v6,natural_component,crypto,natural-v6-20261005/crypto/07,1,initial,forecast_horizon,exact_readable_content,True,True,"{""periods"":18,""unit"":""hour""}","[""{\""periods\"":18,\""unit\"":\""hour\""}""]","Can you forecast BTC log return in percent? I have one observation every hour. Predict 18 hours ahead, but make a fresh forecast every 6 hours."
v6,natural_component,crypto,natural-v6-20261005/crypto/07,1,initial,frequency,exact_readable_content,True,True,"{""periods"":1,""unit"":""hour""}","[""{\""periods\"":1,\""unit\"":\""hour\""}""]","Can you forecast BTC log return in percent? I have one observation every hour. Predict 18 hours ahead, but make a fresh forecast every 6 hours."
v6,natural_component,crypto,natural-v6-20261005/crypto/07,1,initial,prediction_frequency,absent_from_readable_emissions,True,True,"{""periods"":6,""unit"":""hour""}",[],"Can you forecast BTC log return in percent? I have one observation every hour. Predict 18 hours ahead, but make a fresh forecast every 6 hours."
v6,natural_component,crypto,natural-v6-20261005/crypto/07,1,initial,target_description,different_value_or_type_not_adjudicated_semantically,True,True,"""BTC log return""","[""\""BTC log return in percent\""""]","Can you forecast BTC log return in percent? I have one observation every hour. Predict 18 hours ahead, but make a fresh forecast every 6 hours."
v6,natural_component,crypto,natural-v6-20261005/crypto/07,1,initial,target_unit,absent_from_readable_emissions,True,True,"""percent""",[],"Can you forecast BTC log return in percent? I have one observation every hour. Predict 18 hours ahead, but make a fresh forecast every 6 hours."
v6,natural_component,crypto,natural-v6-20261005/crypto/07,2,correction,forecast_horizon,normalization_only,True,True,"{""periods"":21,""unit"":""hour""}","[""{\""periods\"":21.0,\""unit\"":\""hour\""}""]",One correction to my specification: the forecast horizon is now 21 hours.
v6,natural_component,crypto,natural-v6-20261005/crypto/08,1,initial,file_format,exact_readable_content,True,True,"""json""","[""\""json\""""]",I want a forecast of digital-asset market capitalization in millions of USD. We observe it daily and need 15 days ahead. I will upload JSON data.
v6,natural_component,crypto,natural-v6-20261005/crypto/08,1,initial,forecast_horizon,absent_from_readable_emissions,True,True,"{""periods"":15,""unit"":""day""}",[],I want a forecast of digital-asset market capitalization in millions of USD. We observe it daily and need 15 days ahead. I will upload JSON data.
v6,natural_component,crypto,natural-v6-20261005/crypto/08,1,initial,frequency,exact_readable_content,True,True,"{""periods"":1,""unit"":""day""}","[""{\""periods\"":1,\""unit\"":\""day\""}""]",I want a forecast of digital-asset market capitalization in millions of USD. We observe it daily and need 15 days ahead. I will upload JSON data.
v6,natural_component,crypto,natural-v6-20261005/crypto/08,1,initial,source_mode,absent_from_readable_emissions,True,True,"""upload""",[],I want a forecast of digital-asset market capitalization in millions of USD. We observe it daily and need 15 days ahead. I will upload JSON data.
v6,natural_component,crypto,natural-v6-20261005/crypto/08,1,initial,target_description,different_value_or_type_not_adjudicated_semantically,True,True,"""digital-asset market capitalization""","[""\""digital-asset market capitalization in millions of USD\""""]",I want a forecast of digital-asset market capitalization in millions of USD. We observe it daily and need 15 days ahead. I will upload JSON data.
v6,natural_component,crypto,natural-v6-20261005/crypto/08,1,initial,target_unit,absent_from_readable_emissions,True,True,"""millions of USD""",[],I want a forecast of digital-asset market capitalization in millions of USD. We observe it daily and need 15 days ahead. I will upload JSON data.
v6,natural_component,crypto,natural-v6-20261005/crypto/08,2,correction,forecast_horizon,exact_readable_content,True,True,"{""periods"":18,""unit"":""day""}","[""{\""periods\"":18,\""unit\"":\""day\""}""]",Replace the horizon I gave you with 18 days.
v6,natural_rollout,weather,natural-v6-20261005/weather/01,1,initial,file_format,normalization_only,True,True,"""csv""","[""\""CSV\""""]","Could you forecast afternoon air temperature? My readings are daily, in degrees Celsius, and I need the next 5 days. The file is CSV."
v6,natural_rollout,weather,natural-v6-20261005/weather/01,1,initial,forecast_horizon,absent_from_readable_emissions,True,True,"{""periods"":5,""unit"":""day""}",[],"Could you forecast afternoon air temperature? My readings are daily, in degrees Celsius, and I need the next 5 days. The file is CSV."
v6,natural_rollout,weather,natural-v6-20261005/weather/01,1,initial,frequency,exact_readable_content,True,True,"{""periods"":1,""unit"":""day""}","[""{\""periods\"":1,\""unit\"":\""day\""}""]","Could you forecast afternoon air temperature? My readings are daily, in degrees Celsius, and I need the next 5 days. The file is CSV."
v6,natural_rollout,weather,natural-v6-20261005/weather/01,1,initial,target_description,exact_readable_content,True,True,"""afternoon air temperature""","[""\""afternoon air temperature\""""]","Could you forecast afternoon air temperature? My readings are daily, in degrees Celsius, and I need the next 5 days. The file is CSV."
v6,natural_rollout,weather,natural-v6-20261005/weather/01,1,initial,target_unit,absent_from_readable_emissions,True,True,"""degrees Celsius""",[],"Could you forecast afternoon air temperature? My readings are daily, in degrees Celsius, and I need the next 5 days. The file is CSV."
v6,natural_rollout,weather,natural-v6-20261005/weather/01,2,correction,forecast_horizon,exact_readable_content,True,True,"{""periods"":8,""unit"":""day""}","[""{\""periods\"":8,\""unit\"":\""day\""}""]","Actually, change the forecast horizon to 8 days instead. Leave the other requirements alone."
v6,natural_rollout,weather,natural-v6-20261005/weather/02,1,initial,forecast_horizon,exact_readable_content,True,False,"{""periods"":36,""unit"":""hour""}","[""{\""periods\"":36,\""unit\"":\""hour\""}""]","Rain is what I care about: please predict accumulated rainfall, measured in millimetres. I have hourly readings and want 36 hours ahead."
v6,natural_rollout,weather,natural-v6-20261005/weather/02,1,initial,frequency,exact_readable_content,True,False,"{""periods"":1,""unit"":""hour""}","[""{\""periods\"":1,\""unit\"":\""hour\""}""]","Rain is what I care about: please predict accumulated rainfall, measured in millimetres. I have hourly readings and want 36 hours ahead."
v6,natural_rollout,weather,natural-v6-20261005/weather/02,1,initial,target_description,duplicate_slot_emissions,True,False,"""accumulated rainfall""","[""\""rain\"""", ""\""accumulated rainfall, measured in millimetres\""""]","Rain is what I care about: please predict accumulated rainfall, measured in millimetres. I have hourly readings and want 36 hours ahead."
v6,natural_rollout,weather,natural-v6-20261005/weather/02,1,initial,target_unit,absent_from_readable_emissions,True,False,"""millimetres""",[],"Rain is what I care about: please predict accumulated rainfall, measured in millimetres. I have hourly readings and want 36 hours ahead."
v6,natural_rollout,weather,natural-v6-20261005/weather/02,2,correction,forecast_horizon,exact_readable_content,True,True,"{""periods"":39,""unit"":""hour""}","[""{\""periods\"":39,\""unit\"":\""hour\""}""]","Correction: I need 39 hours ahead, replacing the earlier horizon."
v6,natural_rollout,weather,natural-v6-20261005/weather/03,1,initial,file_format,exact_readable_content,True,True,"""parquet""","[""\""parquet\""""]","I need a forecast of peak wind speed in metres per second, every hour, out to 12 hours. I will upload the data as parquet."
v6,natural_rollout,weather,natural-v6-20261005/weather/03,1,initial,forecast_horizon,exact_readable_content,True,True,"{""periods"":12,""unit"":""hour""}","[""{\""periods\"":12,\""unit\"":\""hour\""}""]","I need a forecast of peak wind speed in metres per second, every hour, out to 12 hours. I will upload the data as parquet."
v6,natural_rollout,weather,natural-v6-20261005/weather/03,1,initial,frequency,exact_readable_content,True,True,"{""periods"":1,""unit"":""hour""}","[""{\""periods\"":1,\""unit\"":\""hour\""}""]","I need a forecast of peak wind speed in metres per second, every hour, out to 12 hours. I will upload the data as parquet."
v6,natural_rollout,weather,natural-v6-20261005/weather/03,1,initial,source_mode,absent_from_readable_emissions,True,True,"""upload""",[],"I need a forecast of peak wind speed in metres per second, every hour, out to 12 hours. I will upload the data as parquet."
v6,natural_rollout,weather,natural-v6-20261005/weather/03,1,initial,target_description,different_value_or_type_not_adjudicated_semantically,True,True,"""peak wind speed""","[""\""peak wind speed in metres per second, every hour, out to 12 hours\""""]","I need a forecast of peak wind speed in metres per second, every hour, out to 12 hours. I will upload the data as parquet."
v6,natural_rollout,weather,natural-v6-20261005/weather/03,1,initial,target_unit,absent_from_readable_emissions,True,True,"""metres per second""",[],"I need a forecast of peak wind speed in metres per second, every hour, out to 12 hours. I will upload the data as parquet."
v6,natural_rollout,weather,natural-v6-20261005/weather/03,2,correction,forecast_horizon,exact_readable_content,True,True,"{""periods"":15,""unit"":""hour""}","[""{\""periods\"":15,\""unit\"":\""hour\""}""]","I changed my mind about the horizon. Forecast the next 15 hours, please."
v6,natural_rollout,weather,natural-v6-20261005/weather/04,1,initial,forecast_horizon,exact_readable_content,True,True,"{""periods"":9,""unit"":""day""}","[""{\""periods\"":9,\""unit\"":\""day\""}""]","Help me predict relative humidity. It is in percent, observed daily; look ahead 9 days. Read humidity_pct as the target and observation_date as the timestamp."
v6,natural_rollout,weather,natural-v6-20261005/weather/04,1,initial,frequency,absent_from_readable_emissions,True,True,"{""periods"":1,""unit"":""day""}",[],"Help me predict relative humidity. It is in percent, observed daily; look ahead 9 days. Read humidity_pct as the target and observation_date as the timestamp."
v6,natural_rollout,weather,natural-v6-20261005/weather/04,1,initial,target_column,exact_readable_content,True,True,"""humidity_pct""","[""\""humidity_pct\""""]","Help me predict relative humidity. It is in percent, observed daily; look ahead 9 days. Read humidity_pct as the target and observation_date as the timestamp."
v6,natural_rollout,weather,natural-v6-20261005/weather/04,1,initial,target_description,exact_readable_content,True,True,"""relative humidity""","[""\""relative humidity\""""]","Help me predict relative humidity. It is in percent, observed daily; look ahead 9 days. Read humidity_pct as the target and observation_date as the timestamp."
v6,natural_rollout,weather,natural-v6-20261005/weather/04,1,initial,target_unit,exact_readable_content,True,True,"""percent""","[""\""percent\""""]","Help me predict relative humidity. It is in percent, observed daily; look ahead 9 days. Read humidity_pct as the target and observation_date as the timestamp."
v6,natural_rollout,weather,natural-v6-20261005/weather/04,1,initial,time_column,exact_readable_content,True,True,"""observation_date""","[""\""observation_date\""""]","Help me predict relative humidity. It is in percent, observed daily; look ahead 9 days. Read humidity_pct as the target and observation_date as the timestamp."
v6,natural_rollout,weather,natural-v6-20261005/weather/04,2,correction,forecast_horizon,exact_readable_content,True,True,"{""periods"":12,""unit"":""day""}","[""{\""periods\"":12,\""unit\"":\""day\""}""]",That previous forecast horizon is wrong: make it 12 days.
v6,natural_rollout,weather,natural-v6-20261005/weather/05,1,initial,forecast_horizon,exact_readable_content,True,True,"{""periods"":18,""unit"":""hour""}","[""{\""periods\"":18,\""unit\"":\""hour\""}""]","What I want forecast is cloud cover, in percent. We record it every 3 hours. Please look 18 hours into the future."
v6,natural_rollout,weather,natural-v6-20261005/weather/05,1,initial,frequency,exact_readable_content,True,True,"{""periods"":3,""unit"":""hour""}","[""{\""periods\"":3,\""unit\"":\""hour\""}""]","What I want forecast is cloud cover, in percent. We record it every 3 hours. Please look 18 hours into the future."
v6,natural_rollout,weather,natural-v6-20261005/weather/05,1,initial,target_description,different_value_or_type_not_adjudicated_semantically,True,True,"""cloud cover""","[""\""cloud cover, in percent\""""]","What I want forecast is cloud cover, in percent. We record it every 3 hours. Please look 18 hours into the future."
v6,natural_rollout,weather,natural-v6-20261005/weather/05,1,initial,target_unit,absent_from_readable_emissions,True,True,"""percent""",[],"What I want forecast is cloud cover, in percent. We record it every 3 hours. Please look 18 hours into the future."
v6,natural_rollout,weather,natural-v6-20261005/weather/05,2,correction,forecast_horizon,normalization_only,True,True,"{""periods"":21,""unit"":""hour""}","[""{\""periods\"":21.0,\""unit\"":\""hour\""}""]",Please revise the forecast horizon to 21 hours. Everything else stays the same.
v6,natural_rollout,weather,natural-v6-20261005/weather/06,1,initial,forecast_horizon,exact_readable_content,True,True,"{""periods"":2,""unit"":""day""}","[""{\""periods\"":2,\""unit\"":\""day\""}""]",Can we forecast sea-level pressure? Values are in hectopascals and arrive every 6 hours. I need a 2 day horizon.
v6,natural_rollout,weather,natural-v6-20261005/weather/06,1,initial,frequency,exact_readable_content,True,True,"{""periods"":6,""unit"":""hour""}","[""{\""periods\"":6,\""unit\"":\""hour\""}""]",Can we forecast sea-level pressure? Values are in hectopascals and arrive every 6 hours. I need a 2 day horizon.
v6,natural_rollout,weather,natural-v6-20261005/weather/06,1,initial,target_description,exact_readable_content,True,True,"""sea-level pressure""","[""\""sea-level pressure\""""]",Can we forecast sea-level pressure? Values are in hectopascals and arrive every 6 hours. I need a 2 day horizon.
v6,natural_rollout,weather,natural-v6-20261005/weather/06,1,initial,target_unit,exact_readable_content,True,True,"""hectopascals""","[""\""hectopascals\""""]",Can we forecast sea-level pressure? Values are in hectopascals and arrive every 6 hours. I need a 2 day horizon.
v6,natural_rollout,weather,natural-v6-20261005/weather/06,2,correction,forecast_horizon,normalization_only,True,True,"{""periods"":5,""unit"":""day""}","[""{\""periods\"":5.0,\""unit\"":\""day\""}""]",Use 5 days for the forecast horizon instead of my earlier request.
v6,natural_rollout,weather,natural-v6-20261005/weather/06,3,unknown,prediction_interval_levels,new_unmentioned_slot,True,True,,"[""[10,90]""]","I need your questions about timezone, seasonal periods and prediction interval levels because I don't know them."
v6,natural_rollout,weather,natural-v6-20261005/weather/06,3,unknown,seasonal_periods,new_unmentioned_slot,True,True,,"[""[{\""periods\"":2,\""unit\"":\""day\""},{\""periods\"":3,\""unit\"":\""day\""},{\""periods\"":4,\""unit\"":\""day\""},{\""periods\"":5,\""unit\"":\""day\""},{\""periods\"":6,\""unit\"":\""day\""}]""]","I need your questions about timezone, seasonal periods and prediction interval levels because I don't know them."
v6,natural_rollout,weather,natural-v6-20261005/weather/06,3,unknown,timezone,new_unmentioned_slot,True,True,,"[""\""timezone\""""]","I need your questions about timezone, seasonal periods and prediction interval levels because I don't know them."
v6,natural_rollout,weather,natural-v6-20261005/weather/07,1,initial,forecast_horizon,exact_readable_content,True,True,"{""periods"":8,""unit"":""day""}","[""{\""periods\"":8,\""unit\"":\""day\""}""]","Please predict overnight minimum temperature in degrees Fahrenheit. Observations are daily. Forecast 8 days ahead, and generate a fresh forecast every 2 days."
v6,natural_rollout,weather,natural-v6-20261005/weather/07,1,initial,frequency,exact_readable_content,True,True,"{""periods"":1,""unit"":""day""}","[""{\""periods\"":1,\""unit\"":\""day\""}""]","Please predict overnight minimum temperature in degrees Fahrenheit. Observations are daily. Forecast 8 days ahead, and generate a fresh forecast every 2 days."
v6,natural_rollout,weather,natural-v6-20261005/weather/07,1,initial,prediction_frequency,exact_readable_content,True,True,"{""periods"":2,""unit"":""day""}","[""{\""periods\"":2,\""unit\"":\""day\""}""]","Please predict overnight minimum temperature in degrees Fahrenheit. Observations are daily. Forecast 8 days ahead, and generate a fresh forecast every 2 days."
v6,natural_rollout,weather,natural-v6-20261005/weather/07,1,initial,target_description,different_value_or_type_not_adjudicated_semantically,True,True,"""overnight minimum temperature""","[""\""overnight minimum temperature in degrees Fahrenheit\""""]","Please predict overnight minimum temperature in degrees Fahrenheit. Observations are daily. Forecast 8 days ahead, and generate a fresh forecast every 2 days."
v6,natural_rollout,weather,natural-v6-20261005/weather/07,1,initial,target_unit,absent_from_readable_emissions,True,True,"""degrees Fahrenheit""",[],"Please predict overnight minimum temperature in degrees Fahrenheit. Observations are daily. Forecast 8 days ahead, and generate a fresh forecast every 2 days."
v6,natural_rollout,weather,natural-v6-20261005/weather/07,2,correction,forecast_horizon,exact_readable_content,True,True,"{""periods"":11,""unit"":""day""}","[""{\""periods\"":11,\""unit\"":\""day\""}""]",One correction to my specification: the forecast horizon is now 11 days.
v6,natural_rollout,weather,natural-v6-20261005/weather/08,1,initial,file_format,exact_readable_content,True,True,"""xlsx""","[""\""xlsx\""""]","Build a forecast for sunshine duration, measured in hours, with one observation every week. I need the next 4 weeks. The uploaded file is xlsx."
v6,natural_rollout,weather,natural-v6-20261005/weather/08,1,initial,forecast_horizon,exact_readable_content,True,True,"{""periods"":4,""unit"":""week""}","[""{\""periods\"":4,\""unit\"":\""week\""}""]","Build a forecast for sunshine duration, measured in hours, with one observation every week. I need the next 4 weeks. The uploaded file is xlsx."
v6,natural_rollout,weather,natural-v6-20261005/weather/08,1,initial,frequency,exact_readable_content,True,True,"{""periods"":1,""unit"":""week""}","[""{\""periods\"":1,\""unit\"":\""week\""}""]","Build a forecast for sunshine duration, measured in hours, with one observation every week. I need the next 4 weeks. The uploaded file is xlsx."
v6,natural_rollout,weather,natural-v6-20261005/weather/08,1,initial,source_mode,absent_from_readable_emissions,True,True,"""upload""",[],"Build a forecast for sunshine duration, measured in hours, with one observation every week. I need the next 4 weeks. The uploaded file is xlsx."
v6,natural_rollout,weather,natural-v6-20261005/weather/08,1,initial,target_description,different_value_or_type_not_adjudicated_semantically,True,True,"""sunshine duration""","[""\""sunshine duration, measured in hours, with one observation every week\""""]","Build a forecast for sunshine duration, measured in hours, with one observation every week. I need the next 4 weeks. The uploaded file is xlsx."
v6,natural_rollout,weather,natural-v6-20261005/weather/08,1,initial,target_unit,absent_from_readable_emissions,True,True,"""hours""",[],"Build a forecast for sunshine duration, measured in hours, with one observation every week. I need the next 4 weeks. The uploaded file is xlsx."
v6,natural_rollout,weather,natural-v6-20261005/weather/08,2,correction,forecast_horizon,exact_readable_content,True,True,"{""periods"":7,""unit"":""week""}","[""{\""periods\"":7,\""unit\"":\""week\""}""]",Replace the horizon I gave you with 7 weeks.
v6,natural_rollout,inflation,natural-v6-20261005/inflation/01,1,initial,forecast_horizon,exact_readable_content,True,True,"{""periods"":5,""unit"":""month""}","[""{\""periods\"":5,\""unit\"":\""month\""}""]","Please forecast year-over-year CPI inflation, in percent, from monthly observations. I need the coming 5 months, not a forecast of the CPI index."
v6,natural_rollout,inflation,natural-v6-20261005/inflation/01,1,initial,frequency,absent_from_readable_emissions,True,True,"{""periods"":1,""unit"":""month""}",[],"Please forecast year-over-year CPI inflation, in percent, from monthly observations. I need the coming 5 months, not a forecast of the CPI index."
v6,natural_rollout,inflation,natural-v6-20261005/inflation/01,1,initial,target_description,different_value_or_type_not_adjudicated_semantically,True,True,"""year-over-year CPI inflation""","[""\""year-over-year CPI inflation, in percent\""""]","Please forecast year-over-year CPI inflation, in percent, from monthly observations. I need the coming 5 months, not a forecast of the CPI index."
v6,natural_rollout,inflation,natural-v6-20261005/inflation/01,1,initial,target_unit,absent_from_readable_emissions,True,True,"""percent""",[],"Please forecast year-over-year CPI inflation, in percent, from monthly observations. I need the coming 5 months, not a forecast of the CPI index."
v6,natural_rollout,inflation,natural-v6-20261005/inflation/01,2,correction,forecast_horizon,exact_readable_content,True,True,"{""periods"":8,""unit"":""month""}","[""{\""periods\"":8,\""unit\"":\""month\""}""]","Actually, change the forecast horizon to 8 months instead. Leave the other requirements alone."
v6,natural_rollout,inflation,natural-v6-20261005/inflation/02,1,initial,forecast_horizon,exact_readable_content,True,True,"{""periods"":8,""unit"":""month""}","[""{\""periods\"":8,\""unit\"":\""month\""}""]","Can you predict the headline CPI index level? Units are index points, base 2015=100. It is monthly and I want 8 months ahead."
v6,natural_rollout,inflation,natural-v6-20261005/inflation/02,1,initial,frequency,exact_readable_content,True,True,"{""periods"":1,""unit"":""month""}","[""{\""periods\"":1,\""unit\"":\""month\""}""]","Can you predict the headline CPI index level? Units are index points, base 2015=100. It is monthly and I want 8 months ahead."
v6,natural_rollout,inflation,natural-v6-20261005/inflation/02,1,initial,target_description,exact_readable_content,True,True,"""headline CPI index level""","[""\""headline CPI index level\""""]","Can you predict the headline CPI index level? Units are index points, base 2015=100. It is monthly and I want 8 months ahead."
v6,natural_rollout,inflation,natural-v6-20261005/inflation/02,1,initial,target_unit,exact_readable_content,True,True,"""index points, base 2015=100""","[""\""index points, base 2015=100\""""]","Can you predict the headline CPI index level? Units are index points, base 2015=100. It is monthly and I want 8 months ahead."
v6,natural_rollout,inflation,natural-v6-20261005/inflation/02,2,correction,forecast_horizon,exact_readable_content,True,True,"{""periods"":11,""unit"":""month""}","[""{\""periods\"":11,\""unit\"":\""month\""}""]","Correction: I need 11 months ahead, replacing the earlier horizon."
v6,natural_rollout,inflation,natural-v6-20261005/inflation/03,1,initial,file_format,exact_readable_content,True,True,"""csv""","[""\""csv\""""]",I need a forecast of month-over-month core inflation. The unit is percent. Observations arrive monthly; forecast the next 3 months. The file is csv.
v6,natural_rollout,inflation,natural-v6-20261005/inflation/03,1,initial,forecast_horizon,absent_from_readable_emissions,True,True,"{""periods"":3,""unit"":""month""}",[],I need a forecast of month-over-month core inflation. The unit is percent. Observations arrive monthly; forecast the next 3 months. The file is csv.
v6,natural_rollout,inflation,natural-v6-20261005/inflation/03,1,initial,frequency,exact_readable_content,True,True,"{""periods"":1,""unit"":""month""}","[""{\""periods\"":1,\""unit\"":\""month\""}""]",I need a forecast of month-over-month core inflation. The unit is percent. Observations arrive monthly; forecast the next 3 months. The file is csv.
v6,natural_rollout,inflation,natural-v6-20261005/inflation/03,1,initial,target_description,exact_readable_content,True,True,"""month-over-month core inflation""","[""\""month-over-month core inflation\""""]",I need a forecast of month-over-month core inflation. The unit is percent. Observations arrive monthly; forecast the next 3 months. The file is csv.
v6,natural_rollout,inflation,natural-v6-20261005/inflation/03,1,initial,target_unit,exact_readable_content,True,True,"""percent""","[""\""percent\""""]",I need a forecast of month-over-month core inflation. The unit is percent. Observations arrive monthly; forecast the next 3 months. The file is csv.
v6,natural_rollout,inflation,natural-v6-20261005/inflation/03,2,correction,forecast_horizon,exact_readable_content,True,True,"{""periods"":6,""unit"":""month""}","[""{\""periods\"":6,\""unit\"":\""month\""}""]","I changed my mind about the horizon. Forecast the next 6 months, please."
v6,natural_rollout,inflation,natural-v6-20261005/inflation/04,1,initial,forecast_horizon,unassessable_strict_json_failure,False,False,"{""periods"":11,""unit"":""month""}",[],Help me predict food-price inflation in percent. There is one observation each month. Look 11 months ahead. The target column is food_inflation and the date column is month_end.
v6,natural_rollout,inflation,natural-v6-20261005/inflation/04,1,initial,frequency,unassessable_strict_json_failure,False,False,"{""periods"":1,""unit"":""month""}",[],Help me predict food-price inflation in percent. There is one observation each month. Look 11 months ahead. The target column is food_inflation and the date column is month_end.
v6,natural_rollout,inflation,natural-v6-20261005/inflation/04,1,initial,target_column,unassessable_strict_json_failure,False,False,"""food_inflation""",[],Help me predict food-price inflation in percent. There is one observation each month. Look 11 months ahead. The target column is food_inflation and the date column is month_end.
v6,natural_rollout,inflation,natural-v6-20261005/inflation/04,1,initial,target_description,unassessable_strict_json_failure,False,False,"""food-price inflation""",[],Help me predict food-price inflation in percent. There is one observation each month. Look 11 months ahead. The target column is food_inflation and the date column is month_end.
v6,natural_rollout,inflation,natural-v6-20261005/inflation/04,1,initial,target_unit,unassessable_strict_json_failure,False,False,"""percent""",[],Help me predict food-price inflation in percent. There is one observation each month. Look 11 months ahead. The target column is food_inflation and the date column is month_end.
v6,natural_rollout,inflation,natural-v6-20261005/inflation/04,1,initial,time_column,unassessable_strict_json_failure,False,False,"""month_end""",[],Help me predict food-price inflation in percent. There is one observation each month. Look 11 months ahead. The target column is food_inflation and the date column is month_end.
v6,natural_rollout,inflation,natural-v6-20261005/inflation/04,2,correction,forecast_horizon,exact_readable_content,True,True,"{""periods"":14,""unit"":""month""}","[""{\""periods\"":14,\""unit\"":\""month\""}""]",That previous forecast horizon is wrong: make it 14 months.
v6,natural_rollout,inflation,natural-v6-20261005/inflation/05,1,initial,forecast_horizon,exact_readable_content,True,True,"{""periods"":2,""unit"":""quarter""}","[""{\""periods\"":2,\""unit\"":\""quarter\""}""]","Please forecast producer price inflation, measured in percent, using quarterly observations. I want the next 2 quarters."
v6,natural_rollout,inflation,natural-v6-20261005/inflation/05,1,initial,frequency,absent_from_readable_emissions,True,True,"{""periods"":1,""unit"":""quarter""}",[],"Please forecast producer price inflation, measured in percent, using quarterly observations. I want the next 2 quarters."
v6,natural_rollout,inflation,natural-v6-20261005/inflation/05,1,initial,target_description,different_value_or_type_not_adjudicated_semantically,True,True,"""producer price inflation""","[""\""producer price inflation, measured in percent, using quarterly observations\""""]","Please forecast producer price inflation, measured in percent, using quarterly observations. I want the next 2 quarters."
v6,natural_rollout,inflation,natural-v6-20261005/inflation/05,1,initial,target_unit,absent_from_readable_emissions,True,True,"""percent""",[],"Please forecast producer price inflation, measured in percent, using quarterly observations. I want the next 2 quarters."
v6,natural_rollout,inflation,natural-v6-20261005/inflation/05,2,correction,forecast_horizon,exact_readable_content,True,True,"{""periods"":5,""unit"":""quarter""}","[""{\""periods\"":5,\""unit\"":\""quarter\""}""]",Please revise the forecast horizon to 5 quarters. Everything else stays the same.
v6,natural_rollout,inflation,natural-v6-20261005/inflation/06,1,initial,file_format,exact_readable_content,True,True,"""parquet""","[""\""parquet\""""]",Forecast the consumer price index level in index points. The series has a monthly observation and I need a 1 year horizon. I will upload a parquet file.
v6,natural_rollout,inflation,natural-v6-20261005/inflation/06,1,initial,forecast_horizon,absent_from_readable_emissions,True,True,"{""periods"":1,""unit"":""year""}",[],Forecast the consumer price index level in index points. The series has a monthly observation and I need a 1 year horizon. I will upload a parquet file.
v6,natural_rollout,inflation,natural-v6-20261005/inflation/06,1,initial,frequency,exact_readable_content,True,True,"{""periods"":1,""unit"":""month""}","[""{\""periods\"":1,\""unit\"":\""month\""}""]",Forecast the consumer price index level in index points. The series has a monthly observation and I need a 1 year horizon. I will upload a parquet file.
v6,natural_rollout,inflation,natural-v6-20261005/inflation/06,1,initial,source_mode,absent_from_readable_emissions,True,True,"""upload""",[],Forecast the consumer price index level in index points. The series has a monthly observation and I need a 1 year horizon. I will upload a parquet file.
v6,natural_rollout,inflation,natural-v6-20261005/inflation/06,1,initial,target_description,different_value_or_type_not_adjudicated_semantically,True,True,"""consumer price index level""","[""\""consumer price index level in index points\""""]",Forecast the consumer price index level in index points. The series has a monthly observation and I need a 1 year horizon. I will upload a parquet file.
v6,natural_rollout,inflation,natural-v6-20261005/inflation/06,1,initial,target_unit,absent_from_readable_emissions,True,True,"""index points""",[],Forecast the consumer price index level in index points. The series has a monthly observation and I need a 1 year horizon. I will upload a parquet file.
v6,natural_rollout,inflation,natural-v6-20261005/inflation/06,2,correction,forecast_horizon,exact_readable_content,True,True,"{""periods"":4,""unit"":""year""}","[""{\""periods\"":4,\""unit\"":\""year\""}""]",Use 4 years for the forecast horizon instead of my earlier request.
v6,natural_rollout,inflation,natural-v6-20261005/inflation/06,3,unknown,prediction_interval_levels,new_unmentioned_slot,True,True,,"[""[0.9,0.99]""]","I need your questions about timezone, seasonal periods and prediction interval levels because I don't know them."
v6,natural_rollout,inflation,natural-v6-20261005/inflation/06,3,unknown,seasonal_periods,new_unmentioned_slot,True,True,,"[""{\""periods\"":2.0,\""unit\"":\""month\""}""]","I need your questions about timezone, seasonal periods and prediction interval levels because I don't know them."
v6,natural_rollout,inflation,natural-v6-20261005/inflation/06,3,unknown,timezone,new_unmentioned_slot,True,True,,"[""\""timezone\""""]","I need your questions about timezone, seasonal periods and prediction interval levels because I don't know them."
v6,natural_rollout,inflation,natural-v6-20261005/inflation/07,1,initial,forecast_horizon,different_value_or_type_not_adjudicated_semantically,True,True,"{""periods"":3,""unit"":""year""}","[""{\""periods\"":1,\""unit\"":\""year\""}""]",I want to forecast annual average inflation in percent. One observation per year; look ahead 3 years. Generate a new forecast every 1 year.
v6,natural_rollout,inflation,natural-v6-20261005/inflation/07,1,initial,frequency,absent_from_readable_emissions,True,True,"{""periods"":1,""unit"":""year""}",[],I want to forecast annual average inflation in percent. One observation per year; look ahead 3 years. Generate a new forecast every 1 year.
v6,natural_rollout,inflation,natural-v6-20261005/inflation/07,1,initial,prediction_frequency,exact_readable_content,True,True,"{""periods"":1,""unit"":""year""}","[""{\""periods\"":1,\""unit\"":\""year\""}""]",I want to forecast annual average inflation in percent. One observation per year; look ahead 3 years. Generate a new forecast every 1 year.
v6,natural_rollout,inflation,natural-v6-20261005/inflation/07,1,initial,target_description,different_value_or_type_not_adjudicated_semantically,True,True,"""annual average inflation""","[""\""annual average inflation in percent\""""]",I want to forecast annual average inflation in percent. One observation per year; look ahead 3 years. Generate a new forecast every 1 year.
v6,natural_rollout,inflation,natural-v6-20261005/inflation/07,1,initial,target_unit,absent_from_readable_emissions,True,True,"""percent""",[],I want to forecast annual average inflation in percent. One observation per year; look ahead 3 years. Generate a new forecast every 1 year.
v6,natural_rollout,inflation,natural-v6-20261005/inflation/07,2,correction,forecast_horizon,exact_readable_content,True,True,"{""periods"":6,""unit"":""year""}","[""{\""periods\"":6,\""unit\"":\""year\""}""]",One correction to my specification: the forecast horizon is now 6 years.
v6,natural_rollout,inflation,natural-v6-20261005/inflation/08,1,initial,file_format,exact_readable_content,True,True,"""xlsx""","[""\""xlsx\""""]","Could you predict trimmed-mean inflation? It is monthly, expressed in percent. We need 7 months into the future; the uploaded data will be in xlsx format."
v6,natural_rollout,inflation,natural-v6-20261005/inflation/08,1,initial,forecast_horizon,exact_readable_content,True,True,"{""periods"":7,""unit"":""month""}","[""{\""periods\"":7,\""unit\"":\""month\""}""]","Could you predict trimmed-mean inflation? It is monthly, expressed in percent. We need 7 months into the future; the uploaded data will be in xlsx format."
v6,natural_rollout,inflation,natural-v6-20261005/inflation/08,1,initial,frequency,absent_from_readable_emissions,True,True,"{""periods"":1,""unit"":""month""}",[],"Could you predict trimmed-mean inflation? It is monthly, expressed in percent. We need 7 months into the future; the uploaded data will be in xlsx format."
v6,natural_rollout,inflation,natural-v6-20261005/inflation/08,1,initial,source_mode,absent_from_readable_emissions,True,True,"""upload""",[],"Could you predict trimmed-mean inflation? It is monthly, expressed in percent. We need 7 months into the future; the uploaded data will be in xlsx format."
v6,natural_rollout,inflation,natural-v6-20261005/inflation/08,1,initial,target_description,exact_readable_content,True,True,"""trimmed-mean inflation""","[""\""trimmed-mean inflation\""""]","Could you predict trimmed-mean inflation? It is monthly, expressed in percent. We need 7 months into the future; the uploaded data will be in xlsx format."
v6,natural_rollout,inflation,natural-v6-20261005/inflation/08,1,initial,target_unit,different_value_or_type_not_adjudicated_semantically,True,True,"""percent""","[""\""monthly, expressed in percent\""""]","Could you predict trimmed-mean inflation? It is monthly, expressed in percent. We need 7 months into the future; the uploaded data will be in xlsx format."
v6,natural_rollout,inflation,natural-v6-20261005/inflation/08,2,correction,forecast_horizon,exact_readable_content,True,True,"{""periods"":10,""unit"":""month""}","[""{\""periods\"":10,\""unit\"":\""month\""}""]",Replace the horizon I gave you with 10 months.
v6,natural_rollout,stocks,natural-v6-20261005/stocks/01,1,initial,forecast_horizon,exact_readable_content,True,True,"{""periods"":10,""unit"":""day""}","[""{\""periods\"":10,\""unit\"":\""day\""}""]","Can you forecast NOVA's adjusted closing price, in USD per share? I have daily observations and need the next 10 days."
v6,natural_rollout,stocks,natural-v6-20261005/stocks/01,1,initial,frequency,exact_readable_content,True,True,"{""periods"":1,""unit"":""day""}","[""{\""periods\"":1,\""unit\"":\""day\""}""]","Can you forecast NOVA's adjusted closing price, in USD per share? I have daily observations and need the next 10 days."
v6,natural_rollout,stocks,natural-v6-20261005/stocks/01,1,initial,target_description,different_value_or_type_not_adjudicated_semantically,True,True,"""NOVA's adjusted closing price""","[""\""NOVA's adjusted closing price, in USD per share\""""]","Can you forecast NOVA's adjusted closing price, in USD per share? I have daily observations and need the next 10 days."
v6,natural_rollout,stocks,natural-v6-20261005/stocks/01,1,initial,target_unit,absent_from_readable_emissions,True,True,"""USD per share""",[],"Can you forecast NOVA's adjusted closing price, in USD per share? I have daily observations and need the next 10 days."
v6,natural_rollout,stocks,natural-v6-20261005/stocks/01,2,correction,forecast_horizon,normalization_only,True,True,"{""periods"":13,""unit"":""day""}","[""{\""periods\"":13.0,\""unit\"":\""day\""}""]","Actually, change the forecast horizon to 13 days instead. Leave the other requirements alone."
v6,natural_rollout,stocks,natural-v6-20261005/stocks/02,1,initial,forecast_horizon,exact_readable_content,True,True,"{""periods"":6,""unit"":""day""}","[""{\""periods\"":6,\""unit\"":\""day\""}""]","Please predict raw closing share price, without adjusting corporate actions. Prices are in GBP per share, observed every day. Look ahead 6 days."
v6,natural_rollout,stocks,natural-v6-20261005/stocks/02,1,initial,frequency,absent_from_readable_emissions,True,True,"{""periods"":1,""unit"":""day""}",[],"Please predict raw closing share price, without adjusting corporate actions. Prices are in GBP per share, observed every day. Look ahead 6 days."
v6,natural_rollout,stocks,natural-v6-20261005/stocks/02,1,initial,target_description,exact_readable_content,True,True,"""raw closing share price, without adjusting corporate actions""","[""\""raw closing share price, without adjusting corporate actions\""""]","Please predict raw closing share price, without adjusting corporate actions. Prices are in GBP per share, observed every day. Look ahead 6 days."
v6,natural_rollout,stocks,natural-v6-20261005/stocks/02,1,initial,target_unit,different_value_or_type_not_adjudicated_semantically,True,True,"""GBP per share""","[""\""GBP per share, observed every day\""""]","Please predict raw closing share price, without adjusting corporate actions. Prices are in GBP per share, observed every day. Look ahead 6 days."
v6,natural_rollout,stocks,natural-v6-20261005/stocks/02,2,correction,forecast_horizon,exact_readable_content,True,True,"{""periods"":9,""unit"":""day""}","[""{\""periods\"":9,\""unit\"":\""day\""}""]","Correction: I need 9 days ahead, replacing the earlier horizon."
v6,natural_rollout,stocks,natural-v6-20261005/stocks/03,1,initial,file_format,absent_from_readable_emissions,True,True,"""csv""",[],"Help me forecast total share return including dividends, measured in percent. Observations are weekly; I need 5 weeks ahead. I will upload CSV data."
v6,natural_rollout,stocks,natural-v6-20261005/stocks/03,1,initial,forecast_horizon,different_value_or_type_not_adjudicated_semantically,True,True,"{""periods"":5,""unit"":""week""}","[""{\""periods\"":7,\""unit\"":\""week\""}""]","Help me forecast total share return including dividends, measured in percent. Observations are weekly; I need 5 weeks ahead. I will upload CSV data."
v6,natural_rollout,stocks,natural-v6-20261005/stocks/03,1,initial,frequency,absent_from_readable_emissions,True,True,"{""periods"":1,""unit"":""week""}",[],"Help me forecast total share return including dividends, measured in percent. Observations are weekly; I need 5 weeks ahead. I will upload CSV data."
v6,natural_rollout,stocks,natural-v6-20261005/stocks/03,1,initial,source_mode,normalization_only,True,True,"""upload""","[""\""csv\""""]","Help me forecast total share return including dividends, measured in percent. Observations are weekly; I need 5 weeks ahead. I will upload CSV data."
v6,natural_rollout,stocks,natural-v6-20261005/stocks/03,1,initial,target_description,different_value_or_type_not_adjudicated_semantically,True,True,"""total share return including dividends""","[""\""total share return including dividends, measured in percent\""""]","Help me forecast total share return including dividends, measured in percent. Observations are weekly; I need 5 weeks ahead. I will upload CSV data."
v6,natural_rollout,stocks,natural-v6-20261005/stocks/03,1,initial,target_unit,absent_from_readable_emissions,True,True,"""percent""",[],"Help me forecast total share return including dividends, measured in percent. Observations are weekly; I need 5 weeks ahead. I will upload CSV data."
v6,natural_rollout,stocks,natural-v6-20261005/stocks/03,2,correction,forecast_horizon,exact_readable_content,True,True,"{""periods"":8,""unit"":""week""}","[""{\""periods\"":8,\""unit\"":\""week\""}""]","I changed my mind about the horizon. Forecast the next 8 weeks, please."
v6,natural_rollout,stocks,natural-v6-20261005/stocks/04,1,initial,forecast_horizon,absent_from_readable_emissions,True,True,"{""periods"":9,""unit"":""day""}",[],"Forecast trading volume, measured in shares, from daily observations for the next 9 days. Read the target from volume_shares and the timestamp from trade_date."
v6,natural_rollout,stocks,natural-v6-20261005/stocks/04,1,initial,frequency,absent_from_readable_emissions,True,True,"{""periods"":1,""unit"":""day""}",[],"Forecast trading volume, measured in shares, from daily observations for the next 9 days. Read the target from volume_shares and the timestamp from trade_date."
v6,natural_rollout,stocks,natural-v6-20261005/stocks/04,1,initial,target_column,exact_readable_content,True,True,"""volume_shares""","[""\""volume_shares\""""]","Forecast trading volume, measured in shares, from daily observations for the next 9 days. Read the target from volume_shares and the timestamp from trade_date."
v6,natural_rollout,stocks,natural-v6-20261005/stocks/04,1,initial,target_description,different_value_or_type_not_adjudicated_semantically,True,True,"""trading volume""","[""\""trading volume, measured in shares, from daily observations for the next 9 days\""""]","Forecast trading volume, measured in shares, from daily observations for the next 9 days. Read the target from volume_shares and the timestamp from trade_date."
v6,natural_rollout,stocks,natural-v6-20261005/stocks/04,1,initial,target_unit,absent_from_readable_emissions,True,True,"""shares""",[],"Forecast trading volume, measured in shares, from daily observations for the next 9 days. Read the target from volume_shares and the timestamp from trade_date."
v6,natural_rollout,stocks,natural-v6-20261005/stocks/04,1,initial,time_column,exact_readable_content,True,True,"""trade_date""","[""\""trade_date\""""]","Forecast trading volume, measured in shares, from daily observations for the next 9 days. Read the target from volume_shares and the timestamp from trade_date."
v6,natural_rollout,stocks,natural-v6-20261005/stocks/04,2,correction,forecast_horizon,exact_readable_content,True,True,"{""periods"":12,""unit"":""day""}","[""{\""periods\"":12,\""unit\"":\""day\""}""]",That previous forecast horizon is wrong: make it 12 days.
v6,natural_rollout,stocks,natural-v6-20261005/stocks/05,1,initial,forecast_horizon,exact_readable_content,True,True,"{""periods"":4,""unit"":""month""}","[""{\""periods\"":4,\""unit\"":\""month\""}""]","Please predict the dividend yield in percent. This series is monthly, and the horizon should be 4 months."
v6,natural_rollout,stocks,natural-v6-20261005/stocks/05,1,initial,frequency,exact_readable_content,True,True,"{""periods"":1,""unit"":""month""}","[""{\""periods\"":1,\""unit\"":\""month\""}""]","Please predict the dividend yield in percent. This series is monthly, and the horizon should be 4 months."
v6,natural_rollout,stocks,natural-v6-20261005/stocks/05,1,initial,target_description,different_value_or_type_not_adjudicated_semantically,True,True,"""dividend yield""","[""\""dividend yield in percent\""""]","Please predict the dividend yield in percent. This series is monthly, and the horizon should be 4 months."
v6,natural_rollout,stocks,natural-v6-20261005/stocks/05,1,initial,target_unit,absent_from_readable_emissions,True,True,"""percent""",[],"Please predict the dividend yield in percent. This series is monthly, and the horizon should be 4 months."
v6,natural_rollout,stocks,natural-v6-20261005/stocks/05,2,correction,forecast_horizon,exact_readable_content,True,True,"{""periods"":7,""unit"":""month""}","[""{\""periods\"":7,\""unit\"":\""month\""}""]",Please revise the forecast horizon to 7 months. Everything else stays the same.
v6,natural_rollout,stocks,natural-v6-20261005/stocks/06,1,initial,file_format,unassessable_strict_json_failure,False,False,"""parquet""",[],"I need a forecast of adjusted closing share price. It is in EUR per share, sampled hourly, and I want 16 hours ahead. The file format is parquet."
v6,natural_rollout,stocks,natural-v6-20261005/stocks/06,1,initial,forecast_horizon,unassessable_strict_json_failure,False,False,"{""periods"":16,""unit"":""hour""}",[],"I need a forecast of adjusted closing share price. It is in EUR per share, sampled hourly, and I want 16 hours ahead. The file format is parquet."
v6,natural_rollout,stocks,natural-v6-20261005/stocks/06,1,initial,frequency,unassessable_strict_json_failure,False,False,"{""periods"":1,""unit"":""hour""}",[],"I need a forecast of adjusted closing share price. It is in EUR per share, sampled hourly, and I want 16 hours ahead. The file format is parquet."
v6,natural_rollout,stocks,natural-v6-20261005/stocks/06,1,initial,target_description,unassessable_strict_json_failure,False,False,"""adjusted closing share price""",[],"I need a forecast of adjusted closing share price. It is in EUR per share, sampled hourly, and I want 16 hours ahead. The file format is parquet."
v6,natural_rollout,stocks,natural-v6-20261005/stocks/06,1,initial,target_unit,unassessable_strict_json_failure,False,False,"""EUR per share""",[],"I need a forecast of adjusted closing share price. It is in EUR per share, sampled hourly, and I want 16 hours ahead. The file format is parquet."
v6,natural_rollout,stocks,natural-v6-20261005/stocks/06,2,correction,forecast_horizon,exact_readable_content,True,True,"{""periods"":19,""unit"":""hour""}","[""{\""periods\"":19,\""unit\"":\""hour\""}""]",Use 19 hours for the forecast horizon instead of my earlier request.
v6,natural_rollout,stocks,natural-v6-20261005/stocks/06,3,unknown,prediction_interval_levels,new_unmentioned_slot,True,True,,"[""\""prediction_interval_levels\""""]","I need your questions about timezone, seasonal periods and prediction interval levels because I don't know them."
v6,natural_rollout,stocks,natural-v6-20261005/stocks/06,3,unknown,seasonal_periods,new_unmentioned_slot,True,True,,"[""\""seasonal periods and prediction interval levels\""""]","I need your questions about timezone, seasonal periods and prediction interval levels because I don't know them."
v6,natural_rollout,stocks,natural-v6-20261005/stocks/06,3,unknown,timezone,new_unmentioned_slot,True,True,,"[""\""timezone\""""]","I need your questions about timezone, seasonal periods and prediction interval levels because I don't know them."
v6,natural_rollout,stocks,natural-v6-20261005/stocks/07,1,initial,forecast_horizon,exact_readable_content,True,True,"{""periods"":12,""unit"":""day""}","[""{\""periods\"":12,\""unit\"":\""day\""}""]",Could you forecast daily log share return in percent? There is one observation per day. Predict 12 days ahead but refresh the forecast every 3 days.
v6,natural_rollout,stocks,natural-v6-20261005/stocks/07,1,initial,frequency,exact_readable_content,True,True,"{""periods"":1,""unit"":""day""}","[""{\""periods\"":1,\""unit\"":\""day\""}""]",Could you forecast daily log share return in percent? There is one observation per day. Predict 12 days ahead but refresh the forecast every 3 days.
v6,natural_rollout,stocks,natural-v6-20261005/stocks/07,1,initial,prediction_frequency,absent_from_readable_emissions,True,True,"{""periods"":3,""unit"":""day""}",[],Could you forecast daily log share return in percent? There is one observation per day. Predict 12 days ahead but refresh the forecast every 3 days.
v6,natural_rollout,stocks,natural-v6-20261005/stocks/07,1,initial,refresh_frequency,new_unmentioned_slot,True,True,,"[""{\""periods\"":3,\""unit\"":\""day\""}""]",Could you forecast daily log share return in percent? There is one observation per day. Predict 12 days ahead but refresh the forecast every 3 days.
v6,natural_rollout,stocks,natural-v6-20261005/stocks/07,1,initial,target_description,different_value_or_type_not_adjudicated_semantically,True,True,"""daily log share return""","[""\""daily log share return in percent\""""]",Could you forecast daily log share return in percent? There is one observation per day. Predict 12 days ahead but refresh the forecast every 3 days.
v6,natural_rollout,stocks,natural-v6-20261005/stocks/07,1,initial,target_unit,absent_from_readable_emissions,True,True,"""percent""",[],Could you forecast daily log share return in percent? There is one observation per day. Predict 12 days ahead but refresh the forecast every 3 days.
v6,natural_rollout,stocks,natural-v6-20261005/stocks/07,2,correction,forecast_horizon,normalization_only,True,True,"{""periods"":15,""unit"":""day""}","[""{\""periods\"":15.0,\""unit\"":\""day\""}""]",One correction to my specification: the forecast horizon is now 15 days.
v6,natural_rollout,stocks,natural-v6-20261005/stocks/08,1,initial,file_format,exact_readable_content,True,True,"""xlsx""","[""\""xlsx\""""]",I want to forecast ETF trading volume in shares. I have weekly data and need the next 6 weeks. I will upload the spreadsheet in xlsx format.
v6,natural_rollout,stocks,natural-v6-20261005/stocks/08,1,initial,forecast_horizon,different_value_or_type_not_adjudicated_semantically,True,True,"{""periods"":6,""unit"":""week""}","[""{\""periods\"":1,\""unit\"":\""week\""}""]",I want to forecast ETF trading volume in shares. I have weekly data and need the next 6 weeks. I will upload the spreadsheet in xlsx format.
v6,natural_rollout,stocks,natural-v6-20261005/stocks/08,1,initial,frequency,absent_from_readable_emissions,True,True,"{""periods"":1,""unit"":""week""}",[],I want to forecast ETF trading volume in shares. I have weekly data and need the next 6 weeks. I will upload the spreadsheet in xlsx format.
v6,natural_rollout,stocks,natural-v6-20261005/stocks/08,1,initial,source_mode,absent_from_readable_emissions,True,True,"""upload""",[],I want to forecast ETF trading volume in shares. I have weekly data and need the next 6 weeks. I will upload the spreadsheet in xlsx format.
v6,natural_rollout,stocks,natural-v6-20261005/stocks/08,1,initial,target_description,different_value_or_type_not_adjudicated_semantically,True,True,"""ETF trading volume""","[""\""ETF trading volume in shares\""""]",I want to forecast ETF trading volume in shares. I have weekly data and need the next 6 weeks. I will upload the spreadsheet in xlsx format.
v6,natural_rollout,stocks,natural-v6-20261005/stocks/08,1,initial,target_unit,absent_from_readable_emissions,True,True,"""shares""",[],I want to forecast ETF trading volume in shares. I have weekly data and need the next 6 weeks. I will upload the spreadsheet in xlsx format.
v6,natural_rollout,stocks,natural-v6-20261005/stocks/08,2,correction,forecast_horizon,exact_readable_content,True,True,"{""periods"":9,""unit"":""week""}","[""{\""periods\"":9,\""unit\"":\""week\""}""]",Replace the horizon I gave you with 9 weeks.
v6,natural_rollout,crypto,natural-v6-20261005/crypto/01,1,initial,forecast_horizon,exact_readable_content,True,True,"{""periods"":20,""unit"":""hour""}","[""{\""periods\"":20,\""unit\"":\""hour\""}""]","Can you forecast BTC/USD spot price in USD per BTC? My observations are hourly and I want 20 hours ahead, not a futures price."
v6,natural_rollout,crypto,natural-v6-20261005/crypto/01,1,initial,frequency,exact_readable_content,True,True,"{""periods"":1,""unit"":""hour""}","[""{\""periods\"":1,\""unit\"":\""hour\""}""]","Can you forecast BTC/USD spot price in USD per BTC? My observations are hourly and I want 20 hours ahead, not a futures price."
v6,natural_rollout,crypto,natural-v6-20261005/crypto/01,1,initial,target_description,different_value_or_type_not_adjudicated_semantically,True,True,"""BTC/USD spot price""","[""\""BTC/USD spot price in USD per BTC\""""]","Can you forecast BTC/USD spot price in USD per BTC? My observations are hourly and I want 20 hours ahead, not a futures price."
v6,natural_rollout,crypto,natural-v6-20261005/crypto/01,1,initial,target_unit,different_value_or_type_not_adjudicated_semantically,True,True,"""USD per BTC""","[""\""not a futures price\""""]","Can you forecast BTC/USD spot price in USD per BTC? My observations are hourly and I want 20 hours ahead, not a futures price."
v6,natural_rollout,crypto,natural-v6-20261005/crypto/01,2,correction,forecast_horizon,normalization_only,True,True,"{""periods"":23,""unit"":""hour""}","[""{\""periods\"":23.0,\""unit\"":\""hour\""}""]","Actually, change the forecast horizon to 23 hours instead. Leave the other requirements alone."
v6,natural_rollout,crypto,natural-v6-20261005/crypto/02,1,initial,forecast_horizon,exact_readable_content,True,True,"{""periods"":14,""unit"":""hour""}","[""{\""periods\"":14,\""unit\"":\""hour\""}""]","Please predict ETH trading volume, in ETH, using observations every 2 hours. I need the next 14 hours."
v6,natural_rollout,crypto,natural-v6-20261005/crypto/02,1,initial,frequency,exact_readable_content,True,True,"{""periods"":2,""unit"":""hour""}","[""{\""periods\"":2,\""unit\"":\""hour\""}""]","Please predict ETH trading volume, in ETH, using observations every 2 hours. I need the next 14 hours."
v6,natural_rollout,crypto,natural-v6-20261005/crypto/02,1,initial,target_description,different_value_or_type_not_adjudicated_semantically,True,True,"""ETH trading volume""","[""\""ETH trading volume, in ETH\""""]","Please predict ETH trading volume, in ETH, using observations every 2 hours. I need the next 14 hours."
v6,natural_rollout,crypto,natural-v6-20261005/crypto/02,1,initial,target_unit,absent_from_readable_emissions,True,True,"""ETH""",[],"Please predict ETH trading volume, in ETH, using observations every 2 hours. I need the next 14 hours."
v6,natural_rollout,crypto,natural-v6-20261005/crypto/02,2,correction,forecast_horizon,exact_readable_content,True,True,"{""periods"":17,""unit"":""hour""}","[""{\""periods\"":17,\""unit\"":\""hour\""}""]","Correction: I need 17 hours ahead, replacing the earlier horizon."
v6,natural_rollout,crypto,natural-v6-20261005/crypto/03,1,initial,file_format,absent_from_readable_emissions,True,True,"""csv""",[],Help me forecast perpetual-swap funding rate. Units are percent per 8 hours and observations come every 8 hours. Look ahead 48 hours. I will upload CSV data.
v6,natural_rollout,crypto,natural-v6-20261005/crypto/03,1,initial,forecast_horizon,exact_readable_content,True,True,"{""periods"":48,""unit"":""hour""}","[""{\""periods\"":48,\""unit\"":\""hour\""}""]",Help me forecast perpetual-swap funding rate. Units are percent per 8 hours and observations come every 8 hours. Look ahead 48 hours. I will upload CSV data.
v6,natural_rollout,crypto,natural-v6-20261005/crypto/03,1,initial,frequency,absent_from_readable_emissions,True,True,"{""periods"":8,""unit"":""hour""}",[],Help me forecast perpetual-swap funding rate. Units are percent per 8 hours and observations come every 8 hours. Look ahead 48 hours. I will upload CSV data.
v6,natural_rollout,crypto,natural-v6-20261005/crypto/03,1,initial,source_mode,normalization_only,True,True,"""upload""","[""\""csv\""""]",Help me forecast perpetual-swap funding rate. Units are percent per 8 hours and observations come every 8 hours. Look ahead 48 hours. I will upload CSV data.
v6,natural_rollout,crypto,natural-v6-20261005/crypto/03,1,initial,target_description,exact_readable_content,True,True,"""perpetual-swap funding rate""","[""\""perpetual-swap funding rate\""""]",Help me forecast perpetual-swap funding rate. Units are percent per 8 hours and observations come every 8 hours. Look ahead 48 hours. I will upload CSV data.
v6,natural_rollout,crypto,natural-v6-20261005/crypto/03,1,initial,target_unit,exact_readable_content,True,True,"""percent per 8 hours""","[""\""percent per 8 hours\""""]",Help me forecast perpetual-swap funding rate. Units are percent per 8 hours and observations come every 8 hours. Look ahead 48 hours. I will upload CSV data.
v6,natural_rollout,crypto,natural-v6-20261005/crypto/03,2,correction,forecast_horizon,exact_readable_content,True,True,"{""periods"":51,""unit"":""hour""}","[""{\""periods\"":51,\""unit\"":\""hour\""}""]","I changed my mind about the horizon. Forecast the next 51 hours, please."
v6,natural_rollout,crypto,natural-v6-20261005/crypto/04,1,initial,forecast_horizon,absent_from_readable_emissions,True,True,"{""periods"":30,""unit"":""hour""}",[],I need a forecast of futures open interest in contracts. This is hourly data and the horizon is 30 hours. Read open_contracts as the target and event_time as the timestamp.
v6,natural_rollout,crypto,natural-v6-20261005/crypto/04,1,initial,frequency,exact_readable_content,True,True,"{""periods"":1,""unit"":""hour""}","[""{\""periods\"":1,\""unit\"":\""hour\""}""]",I need a forecast of futures open interest in contracts. This is hourly data and the horizon is 30 hours. Read open_contracts as the target and event_time as the timestamp.
v6,natural_rollout,crypto,natural-v6-20261005/crypto/04,1,initial,target_column,exact_readable_content,True,True,"""open_contracts""","[""\""open_contracts\""""]",I need a forecast of futures open interest in contracts. This is hourly data and the horizon is 30 hours. Read open_contracts as the target and event_time as the timestamp.
v6,natural_rollout,crypto,natural-v6-20261005/crypto/04,1,initial,target_description,different_value_or_type_not_adjudicated_semantically,True,True,"""futures open interest""","[""\""futures open interest in contracts\""""]",I need a forecast of futures open interest in contracts. This is hourly data and the horizon is 30 hours. Read open_contracts as the target and event_time as the timestamp.
v6,natural_rollout,crypto,natural-v6-20261005/crypto/04,1,initial,target_unit,absent_from_readable_emissions,True,True,"""contracts""",[],I need a forecast of futures open interest in contracts. This is hourly data and the horizon is 30 hours. Read open_contracts as the target and event_time as the timestamp.
v6,natural_rollout,crypto,natural-v6-20261005/crypto/04,1,initial,time_column,exact_readable_content,True,True,"""event_time""","[""\""event_time\""""]",I need a forecast of futures open interest in contracts. This is hourly data and the horizon is 30 hours. Read open_contracts as the target and event_time as the timestamp.
v6,natural_rollout,crypto,natural-v6-20261005/crypto/04,2,correction,forecast_horizon,exact_readable_content,True,True,"{""periods"":33,""unit"":""hour""}","[""{\""periods\"":33,\""unit\"":\""hour\""}""]",That previous forecast horizon is wrong: make it 33 hours.
v6,natural_rollout,crypto,natural-v6-20261005/crypto/05,1,initial,forecast_horizon,exact_readable_content,True,True,"{""periods"":7,""unit"":""day""}","[""{\""periods\"":7,\""unit\"":\""day\""}""]","Please forecast realized volatility, in percent per year, from daily observations for the next 7 days."
v6,natural_rollout,crypto,natural-v6-20261005/crypto/05,1,initial,frequency,absent_from_readable_emissions,True,True,"{""periods"":1,""unit"":""day""}",[],"Please forecast realized volatility, in percent per year, from daily observations for the next 7 days."
v6,natural_rollout,crypto,natural-v6-20261005/crypto/05,1,initial,target_description,different_value_or_type_not_adjudicated_semantically,True,True,"""realized volatility""","[""\""realized volatility, in percent per year\""""]","Please forecast realized volatility, in percent per year, from daily observations for the next 7 days."
v6,natural_rollout,crypto,natural-v6-20261005/crypto/05,1,initial,target_unit,absent_from_readable_emissions,True,True,"""percent per year""",[],"Please forecast realized volatility, in percent per year, from daily observations for the next 7 days."
v6,natural_rollout,crypto,natural-v6-20261005/crypto/05,2,correction,forecast_horizon,exact_readable_content,True,True,"{""periods"":10,""unit"":""day""}","[""{\""periods\"":10,\""unit\"":\""day\""}""]",Please revise the forecast horizon to 10 days. Everything else stays the same.
v6,natural_rollout,crypto,natural-v6-20261005/crypto/06,1,initial,file_format,exact_readable_content,True,True,"""parquet""","[""\""parquet\""""]","Predict futures-minus-spot basis, measured in basis points. Each observation is 1 hour apart; I need a 2 day horizon. The file will be parquet."
v6,natural_rollout,crypto,natural-v6-20261005/crypto/06,1,initial,forecast_horizon,exact_readable_content,True,True,"{""periods"":2,""unit"":""day""}","[""{\""periods\"":2,\""unit\"":\""day\""}""]","Predict futures-minus-spot basis, measured in basis points. Each observation is 1 hour apart; I need a 2 day horizon. The file will be parquet."
v6,natural_rollout,crypto,natural-v6-20261005/crypto/06,1,initial,frequency,exact_readable_content,True,True,"{""periods"":1,""unit"":""hour""}","[""{\""periods\"":1,\""unit\"":\""hour\""}""]","Predict futures-minus-spot basis, measured in basis points. Each observation is 1 hour apart; I need a 2 day horizon. The file will be parquet."
v6,natural_rollout,crypto,natural-v6-20261005/crypto/06,1,initial,target_description,different_value_or_type_not_adjudicated_semantically,True,True,"""futures-minus-spot basis""","[""\""basis points\""""]","Predict futures-minus-spot basis, measured in basis points. Each observation is 1 hour apart; I need a 2 day horizon. The file will be parquet."
v6,natural_rollout,crypto,natural-v6-20261005/crypto/06,1,initial,target_unit,absent_from_readable_emissions,True,True,"""basis points""",[],"Predict futures-minus-spot basis, measured in basis points. Each observation is 1 hour apart; I need a 2 day horizon. The file will be parquet."
v6,natural_rollout,crypto,natural-v6-20261005/crypto/06,2,correction,forecast_horizon,normalization_only,True,True,"{""periods"":5,""unit"":""day""}","[""{\""periods\"":5.0,\""unit\"":\""day\""}""]",Use 5 days for the forecast horizon instead of my earlier request.
v6,natural_rollout,crypto,natural-v6-20261005/crypto/06,3,unknown,prediction_interval_levels,new_unmentioned_slot,True,True,,"[""{\""periods\"":0.01,\""unit\"":\""percent\""}""]","I need your questions about timezone, seasonal periods and prediction interval levels because I don't know them."
v6,natural_rollout,crypto,natural-v6-20261005/crypto/06,3,unknown,seasonal_periods,new_unmentioned_slot,True,True,,"[""{\""periods\"":2,\""unit\"":\""period\""}""]","I need your questions about timezone, seasonal periods and prediction interval levels because I don't know them."
v6,natural_rollout,crypto,natural-v6-20261005/crypto/06,3,unknown,timezone,new_unmentioned_slot,True,True,,"[""\""timezone\""""]","I need your questions about timezone, seasonal periods and prediction interval levels because I don't know them."
v6,natural_rollout,crypto,natural-v6-20261005/crypto/07,1,initial,forecast_horizon,exact_readable_content,True,True,"{""periods"":18,""unit"":""hour""}","[""{\""periods\"":18,\""unit\"":\""hour\""}""]","Can you forecast BTC log return in percent? I have one observation every hour. Predict 18 hours ahead, but make a fresh forecast every 6 hours."
v6,natural_rollout,crypto,natural-v6-20261005/crypto/07,1,initial,frequency,exact_readable_content,True,True,"{""periods"":1,""unit"":""hour""}","[""{\""periods\"":1,\""unit\"":\""hour\""}""]","Can you forecast BTC log return in percent? I have one observation every hour. Predict 18 hours ahead, but make a fresh forecast every 6 hours."
v6,natural_rollout,crypto,natural-v6-20261005/crypto/07,1,initial,prediction_frequency,absent_from_readable_emissions,True,True,"{""periods"":6,""unit"":""hour""}",[],"Can you forecast BTC log return in percent? I have one observation every hour. Predict 18 hours ahead, but make a fresh forecast every 6 hours."
v6,natural_rollout,crypto,natural-v6-20261005/crypto/07,1,initial,target_description,different_value_or_type_not_adjudicated_semantically,True,True,"""BTC log return""","[""\""BTC log return in percent\""""]","Can you forecast BTC log return in percent? I have one observation every hour. Predict 18 hours ahead, but make a fresh forecast every 6 hours."
v6,natural_rollout,crypto,natural-v6-20261005/crypto/07,1,initial,target_unit,absent_from_readable_emissions,True,True,"""percent""",[],"Can you forecast BTC log return in percent? I have one observation every hour. Predict 18 hours ahead, but make a fresh forecast every 6 hours."
v6,natural_rollout,crypto,natural-v6-20261005/crypto/07,2,correction,forecast_horizon,exact_readable_content,True,True,"{""periods"":21,""unit"":""hour""}","[""{\""periods\"":21,\""unit\"":\""hour\""}""]",One correction to my specification: the forecast horizon is now 21 hours.
v6,natural_rollout,crypto,natural-v6-20261005/crypto/08,1,initial,file_format,exact_readable_content,True,True,"""json""","[""\""json\""""]",I want a forecast of digital-asset market capitalization in millions of USD. We observe it daily and need 15 days ahead. I will upload JSON data.
v6,natural_rollout,crypto,natural-v6-20261005/crypto/08,1,initial,forecast_horizon,absent_from_readable_emissions,True,True,"{""periods"":15,""unit"":""day""}",[],I want a forecast of digital-asset market capitalization in millions of USD. We observe it daily and need 15 days ahead. I will upload JSON data.
v6,natural_rollout,crypto,natural-v6-20261005/crypto/08,1,initial,frequency,exact_readable_content,True,True,"{""periods"":1,""unit"":""day""}","[""{\""periods\"":1,\""unit\"":\""day\""}""]",I want a forecast of digital-asset market capitalization in millions of USD. We observe it daily and need 15 days ahead. I will upload JSON data.
v6,natural_rollout,crypto,natural-v6-20261005/crypto/08,1,initial,source_mode,absent_from_readable_emissions,True,True,"""upload""",[],I want a forecast of digital-asset market capitalization in millions of USD. We observe it daily and need 15 days ahead. I will upload JSON data.
v6,natural_rollout,crypto,natural-v6-20261005/crypto/08,1,initial,target_description,different_value_or_type_not_adjudicated_semantically,True,True,"""digital-asset market capitalization""","[""\""digital-asset market capitalization in millions of USD\""""]",I want a forecast of digital-asset market capitalization in millions of USD. We observe it daily and need 15 days ahead. I will upload JSON data.
v6,natural_rollout,crypto,natural-v6-20261005/crypto/08,1,initial,target_unit,absent_from_readable_emissions,True,True,"""millions of USD""",[],I want a forecast of digital-asset market capitalization in millions of USD. We observe it daily and need 15 days ahead. I will upload JSON data.
v6,natural_rollout,crypto,natural-v6-20261005/crypto/08,2,correction,forecast_horizon,exact_readable_content,True,True,"{""periods"":18,""unit"":""day""}","[""{\""periods\"":18,\""unit\"":\""day\""}""]",Replace the horizon I gave you with 18 days.
