arm,scenario_id,track,turn,kind,slot,category,prediction_valid,message,expected_value,observed_value,expected_status,observed_status
original,natural-v6-20261005/weather/01,natural_component,1,initial,file_format,normalization_only,True,"Could you forecast afternoon air temperature? My readings are daily, in degrees Celsius, and I need the next 5 days. The file is CSV.","""csv""","""CSV""",provided,provided
original,natural-v6-20261005/weather/01,natural_component,1,initial,forecast_horizon,omitted_slot,True,"Could you forecast afternoon air temperature? My readings are daily, in degrees Celsius, and I need the next 5 days. The file is CSV.","{""periods"":5,""unit"":""day""}",,provided,
original,natural-v6-20261005/weather/01,natural_component,1,initial,frequency,exact_content,True,"Could you forecast afternoon air temperature? My readings are daily, in degrees Celsius, and I need the next 5 days. The file is CSV.","{""periods"":1,""unit"":""day""}","{""periods"":1,""unit"":""day""}",provided,provided
original,natural-v6-20261005/weather/01,natural_component,1,initial,target_description,exact_content,True,"Could you forecast afternoon air temperature? My readings are daily, in degrees Celsius, and I need the next 5 days. The file is CSV.","""afternoon air temperature""","""afternoon air temperature""",provided,provided
original,natural-v6-20261005/weather/01,natural_component,1,initial,target_unit,omitted_slot,True,"Could you forecast afternoon air temperature? My readings are daily, in degrees Celsius, and I need the next 5 days. The file is CSV.","""degrees Celsius""",,provided,
original,natural-v6-20261005/weather/01,natural_component,2,correction,forecast_horizon,exact_content,True,"Actually, change the forecast horizon to 8 days instead. Leave the other requirements alone.","{""periods"":8,""unit"":""day""}","{""periods"":8,""unit"":""day""}",provided,provided
original,natural-v6-20261005/weather/02,natural_component,1,initial,forecast_horizon,exact_content,False,"Rain is what I care about: please predict accumulated rainfall, measured in millimetres. I have hourly readings and want 36 hours ahead.","{""periods"":36,""unit"":""hour""}","{""periods"":36,""unit"":""hour""}",provided,provided
original,natural-v6-20261005/weather/02,natural_component,1,initial,frequency,exact_content,False,"Rain is what I care about: please predict accumulated rainfall, measured in millimetres. I have hourly readings and want 36 hours ahead.","{""periods"":1,""unit"":""hour""}","{""periods"":1,""unit"":""hour""}",provided,provided
original,natural-v6-20261005/weather/02,natural_component,1,initial,target_description,wrong_value_or_type,False,"Rain is what I care about: please predict accumulated rainfall, measured in millimetres. I have hourly readings and want 36 hours ahead.","""accumulated rainfall""","""accumulated rainfall, measured in millimetres""",provided,provided
original,natural-v6-20261005/weather/02,natural_component,1,initial,target_unit,omitted_slot,False,"Rain is what I care about: please predict accumulated rainfall, measured in millimetres. I have hourly readings and want 36 hours ahead.","""millimetres""",,provided,
original,natural-v6-20261005/weather/02,natural_component,2,correction,forecast_horizon,exact_content,True,"Correction: I need 39 hours ahead, replacing the earlier horizon.","{""periods"":39,""unit"":""hour""}","{""periods"":39,""unit"":""hour""}",provided,provided
original,natural-v6-20261005/weather/03,natural_component,1,initial,file_format,exact_content,True,"I need a forecast of peak wind speed in metres per second, every hour, out to 12 hours. I will upload the data as parquet.","""parquet""","""parquet""",provided,provided
original,natural-v6-20261005/weather/03,natural_component,1,initial,forecast_horizon,exact_content,True,"I need a forecast of peak wind speed in metres per second, every hour, out to 12 hours. I will upload the data as parquet.","{""periods"":12,""unit"":""hour""}","{""periods"":12,""unit"":""hour""}",provided,provided
original,natural-v6-20261005/weather/03,natural_component,1,initial,frequency,exact_content,True,"I need a forecast of peak wind speed in metres per second, every hour, out to 12 hours. I will upload the data as parquet.","{""periods"":1,""unit"":""hour""}","{""periods"":1,""unit"":""hour""}",provided,provided
original,natural-v6-20261005/weather/03,natural_component,1,initial,source_mode,omitted_slot,True,"I need a forecast of peak wind speed in metres per second, every hour, out to 12 hours. I will upload the data as parquet.","""upload""",,provided,
original,natural-v6-20261005/weather/03,natural_component,1,initial,target_description,wrong_value_or_type,True,"I need a forecast of peak wind speed in metres per second, every hour, out to 12 hours. I will upload the data as parquet.","""peak wind speed""","""peak wind speed in metres per second, every hour, out to 12 hours""",provided,provided
original,natural-v6-20261005/weather/03,natural_component,1,initial,target_unit,omitted_slot,True,"I need a forecast of peak wind speed in metres per second, every hour, out to 12 hours. I will upload the data as parquet.","""metres per second""",,provided,
original,natural-v6-20261005/weather/03,natural_component,2,correction,forecast_horizon,exact_content,True,"I changed my mind about the horizon. Forecast the next 15 hours, please.","{""periods"":15,""unit"":""hour""}","{""periods"":15,""unit"":""hour""}",provided,provided
original,natural-v6-20261005/weather/04,natural_component,1,initial,forecast_horizon,exact_content,True,"Help me predict relative humidity. It is in percent, observed daily; look ahead 9 days. Read humidity_pct as the target and observation_date as the timestamp.","{""periods"":9,""unit"":""day""}","{""periods"":9,""unit"":""day""}",provided,provided
original,natural-v6-20261005/weather/04,natural_component,1,initial,frequency,omitted_slot,True,"Help me predict relative humidity. It is in percent, observed daily; look ahead 9 days. Read humidity_pct as the target and observation_date as the timestamp.","{""periods"":1,""unit"":""day""}",,provided,
original,natural-v6-20261005/weather/04,natural_component,1,initial,target_column,exact_content,True,"Help me predict relative humidity. It is in percent, observed daily; look ahead 9 days. Read humidity_pct as the target and observation_date as the timestamp.","""humidity_pct""","""humidity_pct""",provided,provided
original,natural-v6-20261005/weather/04,natural_component,1,initial,target_description,exact_content,True,"Help me predict relative humidity. It is in percent, observed daily; look ahead 9 days. Read humidity_pct as the target and observation_date as the timestamp.","""relative humidity""","""relative humidity""",provided,provided
original,natural-v6-20261005/weather/04,natural_component,1,initial,target_unit,exact_content,True,"Help me predict relative humidity. It is in percent, observed daily; look ahead 9 days. Read humidity_pct as the target and observation_date as the timestamp.","""percent""","""percent""",provided,provided
original,natural-v6-20261005/weather/04,natural_component,1,initial,time_column,exact_content,True,"Help me predict relative humidity. It is in percent, observed daily; look ahead 9 days. Read humidity_pct as the target and observation_date as the timestamp.","""observation_date""","""observation_date""",provided,provided
original,natural-v6-20261005/weather/04,natural_component,2,correction,forecast_horizon,exact_content,True,That previous forecast horizon is wrong: make it 12 days.,"{""periods"":12,""unit"":""day""}","{""periods"":12,""unit"":""day""}",provided,provided
original,natural-v6-20261005/weather/05,natural_component,1,initial,forecast_horizon,exact_content,True,"What I want forecast is cloud cover, in percent. We record it every 3 hours. Please look 18 hours into the future.","{""periods"":18,""unit"":""hour""}","{""periods"":18,""unit"":""hour""}",provided,provided
original,natural-v6-20261005/weather/05,natural_component,1,initial,frequency,exact_content,True,"What I want forecast is cloud cover, in percent. We record it every 3 hours. Please look 18 hours into the future.","{""periods"":3,""unit"":""hour""}","{""periods"":3,""unit"":""hour""}",provided,provided
original,natural-v6-20261005/weather/05,natural_component,1,initial,target_description,wrong_value_or_type,True,"What I want forecast is cloud cover, in percent. We record it every 3 hours. Please look 18 hours into the future.","""cloud cover""","""cloud cover, in percent""",provided,provided
original,natural-v6-20261005/weather/05,natural_component,1,initial,target_unit,omitted_slot,True,"What I want forecast is cloud cover, in percent. We record it every 3 hours. Please look 18 hours into the future.","""percent""",,provided,
original,natural-v6-20261005/weather/05,natural_component,2,correction,forecast_horizon,normalization_only,True,Please revise the forecast horizon to 21 hours. Everything else stays the same.,"{""periods"":21,""unit"":""hour""}","{""periods"":21.0,""unit"":""hour""}",provided,provided
original,natural-v6-20261005/weather/06,natural_component,1,initial,forecast_horizon,exact_content,True,Can we forecast sea-level pressure? Values are in hectopascals and arrive every 6 hours. I need a 2 day horizon.,"{""periods"":2,""unit"":""day""}","{""periods"":2,""unit"":""day""}",provided,provided
original,natural-v6-20261005/weather/06,natural_component,1,initial,frequency,exact_content,True,Can we forecast sea-level pressure? Values are in hectopascals and arrive every 6 hours. I need a 2 day horizon.,"{""periods"":6,""unit"":""hour""}","{""periods"":6,""unit"":""hour""}",provided,provided
original,natural-v6-20261005/weather/06,natural_component,1,initial,target_description,exact_content,True,Can we forecast sea-level pressure? Values are in hectopascals and arrive every 6 hours. I need a 2 day horizon.,"""sea-level pressure""","""sea-level pressure""",provided,provided
original,natural-v6-20261005/weather/06,natural_component,1,initial,target_unit,exact_content,True,Can we forecast sea-level pressure? Values are in hectopascals and arrive every 6 hours. I need a 2 day horizon.,"""hectopascals""","""hectopascals""",provided,provided
original,natural-v6-20261005/weather/06,natural_component,2,correction,forecast_horizon,normalization_only,True,Use 5 days for the forecast horizon instead of my earlier request.,"{""periods"":5,""unit"":""day""}","{""periods"":5.0,""unit"":""day""}",provided,provided
original,natural-v6-20261005/weather/06,natural_component,3,unknown,prediction_interval_levels,new_unmentioned_slot,True,"I need your questions about timezone, seasonal periods and prediction interval levels because I don't know them.",,"[10,90]",,provided
original,natural-v6-20261005/weather/06,natural_component,3,unknown,seasonal_periods,new_unmentioned_slot,True,"I need your questions about timezone, seasonal periods and prediction interval levels because I don't know them.",,"[{""periods"":2,""unit"":""day""},{""periods"":3,""unit"":""day""},{""periods"":4,""unit"":""day""},{""periods"":5,""unit"":""day""},{""periods"":6,""unit"":""day""}]",,provided
original,natural-v6-20261005/weather/06,natural_component,3,unknown,timezone,new_unmentioned_slot,True,"I need your questions about timezone, seasonal periods and prediction interval levels because I don't know them.",,"""timezone""",,provided
original,natural-v6-20261005/weather/07,natural_component,1,initial,forecast_horizon,exact_content,True,"Please predict overnight minimum temperature in degrees Fahrenheit. Observations are daily. Forecast 8 days ahead, and generate a fresh forecast every 2 days.","{""periods"":8,""unit"":""day""}","{""periods"":8,""unit"":""day""}",provided,provided
original,natural-v6-20261005/weather/07,natural_component,1,initial,frequency,exact_content,True,"Please predict overnight minimum temperature in degrees Fahrenheit. Observations are daily. Forecast 8 days ahead, and generate a fresh forecast every 2 days.","{""periods"":1,""unit"":""day""}","{""periods"":1,""unit"":""day""}",provided,provided
original,natural-v6-20261005/weather/07,natural_component,1,initial,prediction_frequency,exact_content,True,"Please predict overnight minimum temperature in degrees Fahrenheit. Observations are daily. Forecast 8 days ahead, and generate a fresh forecast every 2 days.","{""periods"":2,""unit"":""day""}","{""periods"":2,""unit"":""day""}",provided,provided
original,natural-v6-20261005/weather/07,natural_component,1,initial,target_description,wrong_value_or_type,True,"Please predict overnight minimum temperature in degrees Fahrenheit. Observations are daily. Forecast 8 days ahead, and generate a fresh forecast every 2 days.","""overnight minimum temperature""","""overnight minimum temperature in degrees Fahrenheit""",provided,provided
original,natural-v6-20261005/weather/07,natural_component,1,initial,target_unit,omitted_slot,True,"Please predict overnight minimum temperature in degrees Fahrenheit. Observations are daily. Forecast 8 days ahead, and generate a fresh forecast every 2 days.","""degrees Fahrenheit""",,provided,
original,natural-v6-20261005/weather/07,natural_component,2,correction,forecast_horizon,exact_content,True,One correction to my specification: the forecast horizon is now 11 days.,"{""periods"":11,""unit"":""day""}","{""periods"":11,""unit"":""day""}",provided,provided
original,natural-v6-20261005/weather/08,natural_component,1,initial,file_format,exact_content,True,"Build a forecast for sunshine duration, measured in hours, with one observation every week. I need the next 4 weeks. The uploaded file is xlsx.","""xlsx""","""xlsx""",provided,provided
original,natural-v6-20261005/weather/08,natural_component,1,initial,forecast_horizon,exact_content,True,"Build a forecast for sunshine duration, measured in hours, with one observation every week. I need the next 4 weeks. The uploaded file is xlsx.","{""periods"":4,""unit"":""week""}","{""periods"":4,""unit"":""week""}",provided,provided
original,natural-v6-20261005/weather/08,natural_component,1,initial,frequency,exact_content,True,"Build a forecast for sunshine duration, measured in hours, with one observation every week. I need the next 4 weeks. The uploaded file is xlsx.","{""periods"":1,""unit"":""week""}","{""periods"":1,""unit"":""week""}",provided,provided
original,natural-v6-20261005/weather/08,natural_component,1,initial,source_mode,omitted_slot,True,"Build a forecast for sunshine duration, measured in hours, with one observation every week. I need the next 4 weeks. The uploaded file is xlsx.","""upload""",,provided,
original,natural-v6-20261005/weather/08,natural_component,1,initial,target_description,wrong_value_or_type,True,"Build a forecast for sunshine duration, measured in hours, with one observation every week. I need the next 4 weeks. The uploaded file is xlsx.","""sunshine duration""","""sunshine duration, measured in hours, with one observation every week""",provided,provided
original,natural-v6-20261005/weather/08,natural_component,1,initial,target_unit,omitted_slot,True,"Build a forecast for sunshine duration, measured in hours, with one observation every week. I need the next 4 weeks. The uploaded file is xlsx.","""hours""",,provided,
original,natural-v6-20261005/weather/08,natural_component,2,correction,forecast_horizon,exact_content,True,Replace the horizon I gave you with 7 weeks.,"{""periods"":7,""unit"":""week""}","{""periods"":7,""unit"":""week""}",provided,provided
original,natural-v6-20261005/inflation/01,natural_component,1,initial,forecast_horizon,exact_content,True,"Please forecast year-over-year CPI inflation, in percent, from monthly observations. I need the coming 5 months, not a forecast of the CPI index.","{""periods"":5,""unit"":""month""}","{""periods"":5,""unit"":""month""}",provided,provided
original,natural-v6-20261005/inflation/01,natural_component,1,initial,frequency,omitted_slot,True,"Please forecast year-over-year CPI inflation, in percent, from monthly observations. I need the coming 5 months, not a forecast of the CPI index.","{""periods"":1,""unit"":""month""}",,provided,
original,natural-v6-20261005/inflation/01,natural_component,1,initial,target_description,wrong_value_or_type,True,"Please forecast year-over-year CPI inflation, in percent, from monthly observations. I need the coming 5 months, not a forecast of the CPI index.","""year-over-year CPI inflation""","""year-over-year CPI inflation, in percent""",provided,provided
original,natural-v6-20261005/inflation/01,natural_component,1,initial,target_unit,omitted_slot,True,"Please forecast year-over-year CPI inflation, in percent, from monthly observations. I need the coming 5 months, not a forecast of the CPI index.","""percent""",,provided,
original,natural-v6-20261005/inflation/01,natural_component,2,correction,forecast_horizon,exact_content,True,"Actually, change the forecast horizon to 8 months instead. Leave the other requirements alone.","{""periods"":8,""unit"":""month""}","{""periods"":8,""unit"":""month""}",provided,provided
original,natural-v6-20261005/inflation/02,natural_component,1,initial,forecast_horizon,exact_content,True,"Can you predict the headline CPI index level? Units are index points, base 2015=100. It is monthly and I want 8 months ahead.","{""periods"":8,""unit"":""month""}","{""periods"":8,""unit"":""month""}",provided,provided
original,natural-v6-20261005/inflation/02,natural_component,1,initial,frequency,exact_content,True,"Can you predict the headline CPI index level? Units are index points, base 2015=100. It is monthly and I want 8 months ahead.","{""periods"":1,""unit"":""month""}","{""periods"":1,""unit"":""month""}",provided,provided
original,natural-v6-20261005/inflation/02,natural_component,1,initial,target_description,exact_content,True,"Can you predict the headline CPI index level? Units are index points, base 2015=100. It is monthly and I want 8 months ahead.","""headline CPI index level""","""headline CPI index level""",provided,provided
original,natural-v6-20261005/inflation/02,natural_component,1,initial,target_unit,exact_content,True,"Can you predict the headline CPI index level? Units are index points, base 2015=100. It is monthly and I want 8 months ahead.","""index points, base 2015=100""","""index points, base 2015=100""",provided,provided
original,natural-v6-20261005/inflation/02,natural_component,2,correction,forecast_horizon,exact_content,True,"Correction: I need 11 months ahead, replacing the earlier horizon.","{""periods"":11,""unit"":""month""}","{""periods"":11,""unit"":""month""}",provided,provided
original,natural-v6-20261005/inflation/03,natural_component,1,initial,file_format,exact_content,True,I need a forecast of month-over-month core inflation. The unit is percent. Observations arrive monthly; forecast the next 3 months. The file is csv.,"""csv""","""csv""",provided,provided
original,natural-v6-20261005/inflation/03,natural_component,1,initial,forecast_horizon,omitted_slot,True,I need a forecast of month-over-month core inflation. The unit is percent. Observations arrive monthly; forecast the next 3 months. The file is csv.,"{""periods"":3,""unit"":""month""}",,provided,
original,natural-v6-20261005/inflation/03,natural_component,1,initial,frequency,exact_content,True,I need a forecast of month-over-month core inflation. The unit is percent. Observations arrive monthly; forecast the next 3 months. The file is csv.,"{""periods"":1,""unit"":""month""}","{""periods"":1,""unit"":""month""}",provided,provided
original,natural-v6-20261005/inflation/03,natural_component,1,initial,target_description,exact_content,True,I need a forecast of month-over-month core inflation. The unit is percent. Observations arrive monthly; forecast the next 3 months. The file is csv.,"""month-over-month core inflation""","""month-over-month core inflation""",provided,provided
original,natural-v6-20261005/inflation/03,natural_component,1,initial,target_unit,exact_content,True,I need a forecast of month-over-month core inflation. The unit is percent. Observations arrive monthly; forecast the next 3 months. The file is csv.,"""percent""","""percent""",provided,provided
original,natural-v6-20261005/inflation/03,natural_component,2,correction,forecast_horizon,normalization_only,True,"I changed my mind about the horizon. Forecast the next 6 months, please.","{""periods"":6,""unit"":""month""}","{""periods"":6.0,""unit"":""month""}",provided,provided
original,natural-v6-20261005/inflation/04,natural_component,1,initial,forecast_horizon,omitted_slot,False,Help me predict food-price inflation in percent. There is one observation each month. Look 11 months ahead. The target column is food_inflation and the date column is month_end.,"{""periods"":11,""unit"":""month""}",,provided,
original,natural-v6-20261005/inflation/04,natural_component,1,initial,frequency,omitted_slot,False,Help me predict food-price inflation in percent. There is one observation each month. Look 11 months ahead. The target column is food_inflation and the date column is month_end.,"{""periods"":1,""unit"":""month""}",,provided,
original,natural-v6-20261005/inflation/04,natural_component,1,initial,target_column,omitted_slot,False,Help me predict food-price inflation in percent. There is one observation each month. Look 11 months ahead. The target column is food_inflation and the date column is month_end.,"""food_inflation""",,provided,
original,natural-v6-20261005/inflation/04,natural_component,1,initial,target_description,omitted_slot,False,Help me predict food-price inflation in percent. There is one observation each month. Look 11 months ahead. The target column is food_inflation and the date column is month_end.,"""food-price inflation""",,provided,
original,natural-v6-20261005/inflation/04,natural_component,1,initial,target_unit,omitted_slot,False,Help me predict food-price inflation in percent. There is one observation each month. Look 11 months ahead. The target column is food_inflation and the date column is month_end.,"""percent""",,provided,
original,natural-v6-20261005/inflation/04,natural_component,1,initial,time_column,omitted_slot,False,Help me predict food-price inflation in percent. There is one observation each month. Look 11 months ahead. The target column is food_inflation and the date column is month_end.,"""month_end""",,provided,
original,natural-v6-20261005/inflation/04,natural_component,2,correction,forecast_horizon,exact_content,True,That previous forecast horizon is wrong: make it 14 months.,"{""periods"":14,""unit"":""month""}","{""periods"":14,""unit"":""month""}",provided,provided
original,natural-v6-20261005/inflation/05,natural_component,1,initial,forecast_horizon,exact_content,True,"Please forecast producer price inflation, measured in percent, using quarterly observations. I want the next 2 quarters.","{""periods"":2,""unit"":""quarter""}","{""periods"":2,""unit"":""quarter""}",provided,provided
original,natural-v6-20261005/inflation/05,natural_component,1,initial,frequency,omitted_slot,True,"Please forecast producer price inflation, measured in percent, using quarterly observations. I want the next 2 quarters.","{""periods"":1,""unit"":""quarter""}",,provided,
original,natural-v6-20261005/inflation/05,natural_component,1,initial,target_description,wrong_value_or_type,True,"Please forecast producer price inflation, measured in percent, using quarterly observations. I want the next 2 quarters.","""producer price inflation""","""producer price inflation, measured in percent, using quarterly observations""",provided,provided
original,natural-v6-20261005/inflation/05,natural_component,1,initial,target_unit,omitted_slot,True,"Please forecast producer price inflation, measured in percent, using quarterly observations. I want the next 2 quarters.","""percent""",,provided,
original,natural-v6-20261005/inflation/05,natural_component,2,correction,forecast_horizon,exact_content,True,Please revise the forecast horizon to 5 quarters. Everything else stays the same.,"{""periods"":5,""unit"":""quarter""}","{""periods"":5,""unit"":""quarter""}",provided,provided
original,natural-v6-20261005/inflation/06,natural_component,1,initial,file_format,exact_content,True,Forecast the consumer price index level in index points. The series has a monthly observation and I need a 1 year horizon. I will upload a parquet file.,"""parquet""","""parquet""",provided,provided
original,natural-v6-20261005/inflation/06,natural_component,1,initial,forecast_horizon,omitted_slot,True,Forecast the consumer price index level in index points. The series has a monthly observation and I need a 1 year horizon. I will upload a parquet file.,"{""periods"":1,""unit"":""year""}",,provided,
original,natural-v6-20261005/inflation/06,natural_component,1,initial,frequency,exact_content,True,Forecast the consumer price index level in index points. The series has a monthly observation and I need a 1 year horizon. I will upload a parquet file.,"{""periods"":1,""unit"":""month""}","{""periods"":1,""unit"":""month""}",provided,provided
original,natural-v6-20261005/inflation/06,natural_component,1,initial,source_mode,omitted_slot,True,Forecast the consumer price index level in index points. The series has a monthly observation and I need a 1 year horizon. I will upload a parquet file.,"""upload""",,provided,
original,natural-v6-20261005/inflation/06,natural_component,1,initial,target_description,wrong_value_or_type,True,Forecast the consumer price index level in index points. The series has a monthly observation and I need a 1 year horizon. I will upload a parquet file.,"""consumer price index level""","""consumer price index level in index points""",provided,provided
original,natural-v6-20261005/inflation/06,natural_component,1,initial,target_unit,omitted_slot,True,Forecast the consumer price index level in index points. The series has a monthly observation and I need a 1 year horizon. I will upload a parquet file.,"""index points""",,provided,
original,natural-v6-20261005/inflation/06,natural_component,2,correction,forecast_horizon,normalization_only,True,Use 4 years for the forecast horizon instead of my earlier request.,"{""periods"":4,""unit"":""year""}","{""periods"":4.0,""unit"":""year""}",provided,provided
original,natural-v6-20261005/inflation/06,natural_component,3,unknown,prediction_interval_levels,new_unmentioned_slot,True,"I need your questions about timezone, seasonal periods and prediction interval levels because I don't know them.",,"[{""periods"":0.01,""unit"":""percent""}]",,provided
original,natural-v6-20261005/inflation/06,natural_component,3,unknown,seasonal_periods,new_unmentioned_slot,True,"I need your questions about timezone, seasonal periods and prediction interval levels because I don't know them.",,"[{""periods"":0,""unit"":""year""}]",,provided
original,natural-v6-20261005/inflation/06,natural_component,3,unknown,timezone,new_unmentioned_slot,True,"I need your questions about timezone, seasonal periods and prediction interval levels because I don't know them.",,"""timezone""",,provided
original,natural-v6-20261005/inflation/07,natural_component,1,initial,forecast_horizon,wrong_value_or_type,True,I want to forecast annual average inflation in percent. One observation per year; look ahead 3 years. Generate a new forecast every 1 year.,"{""periods"":3,""unit"":""year""}","{""periods"":1,""unit"":""year""}",provided,provided
original,natural-v6-20261005/inflation/07,natural_component,1,initial,frequency,omitted_slot,True,I want to forecast annual average inflation in percent. One observation per year; look ahead 3 years. Generate a new forecast every 1 year.,"{""periods"":1,""unit"":""year""}",,provided,
original,natural-v6-20261005/inflation/07,natural_component,1,initial,prediction_frequency,exact_content,True,I want to forecast annual average inflation in percent. One observation per year; look ahead 3 years. Generate a new forecast every 1 year.,"{""periods"":1,""unit"":""year""}","{""periods"":1,""unit"":""year""}",provided,provided
original,natural-v6-20261005/inflation/07,natural_component,1,initial,target_description,wrong_value_or_type,True,I want to forecast annual average inflation in percent. One observation per year; look ahead 3 years. Generate a new forecast every 1 year.,"""annual average inflation""","""annual average inflation in percent""",provided,provided
original,natural-v6-20261005/inflation/07,natural_component,1,initial,target_unit,omitted_slot,True,I want to forecast annual average inflation in percent. One observation per year; look ahead 3 years. Generate a new forecast every 1 year.,"""percent""",,provided,
original,natural-v6-20261005/inflation/07,natural_component,2,correction,forecast_horizon,exact_content,True,One correction to my specification: the forecast horizon is now 6 years.,"{""periods"":6,""unit"":""year""}","{""periods"":6,""unit"":""year""}",provided,provided
original,natural-v6-20261005/inflation/08,natural_component,1,initial,file_format,exact_content,True,"Could you predict trimmed-mean inflation? It is monthly, expressed in percent. We need 7 months into the future; the uploaded data will be in xlsx format.","""xlsx""","""xlsx""",provided,provided
original,natural-v6-20261005/inflation/08,natural_component,1,initial,forecast_horizon,exact_content,True,"Could you predict trimmed-mean inflation? It is monthly, expressed in percent. We need 7 months into the future; the uploaded data will be in xlsx format.","{""periods"":7,""unit"":""month""}","{""periods"":7,""unit"":""month""}",provided,provided
original,natural-v6-20261005/inflation/08,natural_component,1,initial,frequency,omitted_slot,True,"Could you predict trimmed-mean inflation? It is monthly, expressed in percent. We need 7 months into the future; the uploaded data will be in xlsx format.","{""periods"":1,""unit"":""month""}",,provided,
original,natural-v6-20261005/inflation/08,natural_component,1,initial,source_mode,omitted_slot,True,"Could you predict trimmed-mean inflation? It is monthly, expressed in percent. We need 7 months into the future; the uploaded data will be in xlsx format.","""upload""",,provided,
original,natural-v6-20261005/inflation/08,natural_component,1,initial,target_description,exact_content,True,"Could you predict trimmed-mean inflation? It is monthly, expressed in percent. We need 7 months into the future; the uploaded data will be in xlsx format.","""trimmed-mean inflation""","""trimmed-mean inflation""",provided,provided
original,natural-v6-20261005/inflation/08,natural_component,1,initial,target_unit,wrong_value_or_type,True,"Could you predict trimmed-mean inflation? It is monthly, expressed in percent. We need 7 months into the future; the uploaded data will be in xlsx format.","""percent""","""monthly, expressed in percent""",provided,provided
original,natural-v6-20261005/inflation/08,natural_component,2,correction,forecast_horizon,exact_content,True,Replace the horizon I gave you with 10 months.,"{""periods"":10,""unit"":""month""}","{""periods"":10,""unit"":""month""}",provided,provided
original,natural-v6-20261005/stocks/01,natural_component,1,initial,forecast_horizon,exact_content,True,"Can you forecast NOVA's adjusted closing price, in USD per share? I have daily observations and need the next 10 days.","{""periods"":10,""unit"":""day""}","{""periods"":10,""unit"":""day""}",provided,provided
original,natural-v6-20261005/stocks/01,natural_component,1,initial,frequency,exact_content,True,"Can you forecast NOVA's adjusted closing price, in USD per share? I have daily observations and need the next 10 days.","{""periods"":1,""unit"":""day""}","{""periods"":1,""unit"":""day""}",provided,provided
original,natural-v6-20261005/stocks/01,natural_component,1,initial,target_description,wrong_value_or_type,True,"Can you forecast NOVA's adjusted closing price, in USD per share? I have daily observations and need the next 10 days.","""NOVA's adjusted closing price""","""NOVA's adjusted closing price, in USD per share""",provided,provided
original,natural-v6-20261005/stocks/01,natural_component,1,initial,target_unit,omitted_slot,True,"Can you forecast NOVA's adjusted closing price, in USD per share? I have daily observations and need the next 10 days.","""USD per share""",,provided,
original,natural-v6-20261005/stocks/01,natural_component,2,correction,forecast_horizon,exact_content,True,"Actually, change the forecast horizon to 13 days instead. Leave the other requirements alone.","{""periods"":13,""unit"":""day""}","{""periods"":13,""unit"":""day""}",provided,provided
original,natural-v6-20261005/stocks/02,natural_component,1,initial,forecast_horizon,exact_content,True,"Please predict raw closing share price, without adjusting corporate actions. Prices are in GBP per share, observed every day. Look ahead 6 days.","{""periods"":6,""unit"":""day""}","{""periods"":6,""unit"":""day""}",provided,provided
original,natural-v6-20261005/stocks/02,natural_component,1,initial,frequency,omitted_slot,True,"Please predict raw closing share price, without adjusting corporate actions. Prices are in GBP per share, observed every day. Look ahead 6 days.","{""periods"":1,""unit"":""day""}",,provided,
original,natural-v6-20261005/stocks/02,natural_component,1,initial,target_description,exact_content,True,"Please predict raw closing share price, without adjusting corporate actions. Prices are in GBP per share, observed every day. Look ahead 6 days.","""raw closing share price, without adjusting corporate actions""","""raw closing share price, without adjusting corporate actions""",provided,provided
original,natural-v6-20261005/stocks/02,natural_component,1,initial,target_unit,wrong_value_or_type,True,"Please predict raw closing share price, without adjusting corporate actions. Prices are in GBP per share, observed every day. Look ahead 6 days.","""GBP per share""","""GBP per share, observed every day""",provided,provided
original,natural-v6-20261005/stocks/02,natural_component,2,correction,forecast_horizon,exact_content,True,"Correction: I need 9 days ahead, replacing the earlier horizon.","{""periods"":9,""unit"":""day""}","{""periods"":9,""unit"":""day""}",provided,provided
original,natural-v6-20261005/stocks/03,natural_component,1,initial,file_format,omitted_slot,True,"Help me forecast total share return including dividends, measured in percent. Observations are weekly; I need 5 weeks ahead. I will upload CSV data.","""csv""",,provided,
original,natural-v6-20261005/stocks/03,natural_component,1,initial,forecast_horizon,wrong_value_or_type,True,"Help me forecast total share return including dividends, measured in percent. Observations are weekly; I need 5 weeks ahead. I will upload CSV data.","{""periods"":5,""unit"":""week""}","{""periods"":7,""unit"":""week""}",provided,provided
original,natural-v6-20261005/stocks/03,natural_component,1,initial,frequency,omitted_slot,True,"Help me forecast total share return including dividends, measured in percent. Observations are weekly; I need 5 weeks ahead. I will upload CSV data.","{""periods"":1,""unit"":""week""}",,provided,
original,natural-v6-20261005/stocks/03,natural_component,1,initial,source_mode,normalization_only,True,"Help me forecast total share return including dividends, measured in percent. Observations are weekly; I need 5 weeks ahead. I will upload CSV data.","""upload""","""csv""",provided,provided
original,natural-v6-20261005/stocks/03,natural_component,1,initial,target_description,wrong_value_or_type,True,"Help me forecast total share return including dividends, measured in percent. Observations are weekly; I need 5 weeks ahead. I will upload CSV data.","""total share return including dividends""","""total share return including dividends, measured in percent""",provided,provided
original,natural-v6-20261005/stocks/03,natural_component,1,initial,target_unit,omitted_slot,True,"Help me forecast total share return including dividends, measured in percent. Observations are weekly; I need 5 weeks ahead. I will upload CSV data.","""percent""",,provided,
original,natural-v6-20261005/stocks/03,natural_component,2,correction,forecast_horizon,exact_content,True,"I changed my mind about the horizon. Forecast the next 8 weeks, please.","{""periods"":8,""unit"":""week""}","{""periods"":8,""unit"":""week""}",provided,provided
original,natural-v6-20261005/stocks/04,natural_component,1,initial,forecast_horizon,omitted_slot,True,"Forecast trading volume, measured in shares, from daily observations for the next 9 days. Read the target from volume_shares and the timestamp from trade_date.","{""periods"":9,""unit"":""day""}",,provided,
original,natural-v6-20261005/stocks/04,natural_component,1,initial,frequency,omitted_slot,True,"Forecast trading volume, measured in shares, from daily observations for the next 9 days. Read the target from volume_shares and the timestamp from trade_date.","{""periods"":1,""unit"":""day""}",,provided,
original,natural-v6-20261005/stocks/04,natural_component,1,initial,target_column,exact_content,True,"Forecast trading volume, measured in shares, from daily observations for the next 9 days. Read the target from volume_shares and the timestamp from trade_date.","""volume_shares""","""volume_shares""",provided,provided
original,natural-v6-20261005/stocks/04,natural_component,1,initial,target_description,wrong_value_or_type,True,"Forecast trading volume, measured in shares, from daily observations for the next 9 days. Read the target from volume_shares and the timestamp from trade_date.","""trading volume""","""trading volume, measured in shares, from daily observations for the next 9 days""",provided,provided
original,natural-v6-20261005/stocks/04,natural_component,1,initial,target_unit,omitted_slot,True,"Forecast trading volume, measured in shares, from daily observations for the next 9 days. Read the target from volume_shares and the timestamp from trade_date.","""shares""",,provided,
original,natural-v6-20261005/stocks/04,natural_component,1,initial,time_column,exact_content,True,"Forecast trading volume, measured in shares, from daily observations for the next 9 days. Read the target from volume_shares and the timestamp from trade_date.","""trade_date""","""trade_date""",provided,provided
original,natural-v6-20261005/stocks/04,natural_component,2,correction,forecast_horizon,exact_content,True,That previous forecast horizon is wrong: make it 12 days.,"{""periods"":12,""unit"":""day""}","{""periods"":12,""unit"":""day""}",provided,provided
original,natural-v6-20261005/stocks/05,natural_component,1,initial,forecast_horizon,exact_content,True,"Please predict the dividend yield in percent. This series is monthly, and the horizon should be 4 months.","{""periods"":4,""unit"":""month""}","{""periods"":4,""unit"":""month""}",provided,provided
original,natural-v6-20261005/stocks/05,natural_component,1,initial,frequency,exact_content,True,"Please predict the dividend yield in percent. This series is monthly, and the horizon should be 4 months.","{""periods"":1,""unit"":""month""}","{""periods"":1,""unit"":""month""}",provided,provided
original,natural-v6-20261005/stocks/05,natural_component,1,initial,target_description,wrong_value_or_type,True,"Please predict the dividend yield in percent. This series is monthly, and the horizon should be 4 months.","""dividend yield""","""dividend yield in percent""",provided,provided
original,natural-v6-20261005/stocks/05,natural_component,1,initial,target_unit,omitted_slot,True,"Please predict the dividend yield in percent. This series is monthly, and the horizon should be 4 months.","""percent""",,provided,
original,natural-v6-20261005/stocks/05,natural_component,2,correction,forecast_horizon,exact_content,True,Please revise the forecast horizon to 7 months. Everything else stays the same.,"{""periods"":7,""unit"":""month""}","{""periods"":7,""unit"":""month""}",provided,provided
original,natural-v6-20261005/stocks/06,natural_component,1,initial,file_format,omitted_slot,False,"I need a forecast of adjusted closing share price. It is in EUR per share, sampled hourly, and I want 16 hours ahead. The file format is parquet.","""parquet""",,provided,
original,natural-v6-20261005/stocks/06,natural_component,1,initial,forecast_horizon,omitted_slot,False,"I need a forecast of adjusted closing share price. It is in EUR per share, sampled hourly, and I want 16 hours ahead. The file format is parquet.","{""periods"":16,""unit"":""hour""}",,provided,
original,natural-v6-20261005/stocks/06,natural_component,1,initial,frequency,omitted_slot,False,"I need a forecast of adjusted closing share price. It is in EUR per share, sampled hourly, and I want 16 hours ahead. The file format is parquet.","{""periods"":1,""unit"":""hour""}",,provided,
original,natural-v6-20261005/stocks/06,natural_component,1,initial,target_description,omitted_slot,False,"I need a forecast of adjusted closing share price. It is in EUR per share, sampled hourly, and I want 16 hours ahead. The file format is parquet.","""adjusted closing share price""",,provided,
original,natural-v6-20261005/stocks/06,natural_component,1,initial,target_unit,omitted_slot,False,"I need a forecast of adjusted closing share price. It is in EUR per share, sampled hourly, and I want 16 hours ahead. The file format is parquet.","""EUR per share""",,provided,
original,natural-v6-20261005/stocks/06,natural_component,2,correction,forecast_horizon,exact_content,True,Use 19 hours for the forecast horizon instead of my earlier request.,"{""periods"":19,""unit"":""hour""}","{""periods"":19,""unit"":""hour""}",provided,provided
original,natural-v6-20261005/stocks/06,natural_component,3,unknown,prediction_interval_levels,new_unmentioned_slot,True,"I need your questions about timezone, seasonal periods and prediction interval levels because I don't know them.",,"[0,100,95,90,85,80,75,70,65,60,55,50,45,40,35,30,25,20,15,10,5,0]",,provided
original,natural-v6-20261005/stocks/06,natural_component,3,unknown,seasonal_periods,new_unmentioned_slot,True,"I need your questions about timezone, seasonal periods and prediction interval levels because I don't know them.",,"[{""periods"":0,""unit"":""year""},{""periods"":0,""unit"":""month""},{""periods"":0,""unit"":""day""}]",,provided
original,natural-v6-20261005/stocks/06,natural_component,3,unknown,timezone,new_unmentioned_slot,True,"I need your questions about timezone, seasonal periods and prediction interval levels because I don't know them.",,"""timezone""",,provided
original,natural-v6-20261005/stocks/07,natural_component,1,initial,forecast_horizon,exact_content,True,Could you forecast daily log share return in percent? There is one observation per day. Predict 12 days ahead but refresh the forecast every 3 days.,"{""periods"":12,""unit"":""day""}","{""periods"":12,""unit"":""day""}",provided,provided
original,natural-v6-20261005/stocks/07,natural_component,1,initial,frequency,exact_content,True,Could you forecast daily log share return in percent? There is one observation per day. Predict 12 days ahead but refresh the forecast every 3 days.,"{""periods"":1,""unit"":""day""}","{""periods"":1,""unit"":""day""}",provided,provided
original,natural-v6-20261005/stocks/07,natural_component,1,initial,prediction_frequency,omitted_slot,True,Could you forecast daily log share return in percent? There is one observation per day. Predict 12 days ahead but refresh the forecast every 3 days.,"{""periods"":3,""unit"":""day""}",,provided,
original,natural-v6-20261005/stocks/07,natural_component,1,initial,refresh_frequency,new_unmentioned_slot,True,Could you forecast daily log share return in percent? There is one observation per day. Predict 12 days ahead but refresh the forecast every 3 days.,,"{""periods"":3,""unit"":""day""}",,provided
original,natural-v6-20261005/stocks/07,natural_component,1,initial,target_description,wrong_value_or_type,True,Could you forecast daily log share return in percent? There is one observation per day. Predict 12 days ahead but refresh the forecast every 3 days.,"""daily log share return""","""daily log share return in percent""",provided,provided
original,natural-v6-20261005/stocks/07,natural_component,1,initial,target_unit,omitted_slot,True,Could you forecast daily log share return in percent? There is one observation per day. Predict 12 days ahead but refresh the forecast every 3 days.,"""percent""",,provided,
original,natural-v6-20261005/stocks/07,natural_component,2,correction,forecast_horizon,normalization_only,True,One correction to my specification: the forecast horizon is now 15 days.,"{""periods"":15,""unit"":""day""}","{""periods"":15.0,""unit"":""day""}",provided,provided
original,natural-v6-20261005/stocks/08,natural_component,1,initial,file_format,exact_content,True,I want to forecast ETF trading volume in shares. I have weekly data and need the next 6 weeks. I will upload the spreadsheet in xlsx format.,"""xlsx""","""xlsx""",provided,provided
original,natural-v6-20261005/stocks/08,natural_component,1,initial,forecast_horizon,wrong_value_or_type,True,I want to forecast ETF trading volume in shares. I have weekly data and need the next 6 weeks. I will upload the spreadsheet in xlsx format.,"{""periods"":6,""unit"":""week""}","{""periods"":1,""unit"":""week""}",provided,provided
original,natural-v6-20261005/stocks/08,natural_component,1,initial,frequency,omitted_slot,True,I want to forecast ETF trading volume in shares. I have weekly data and need the next 6 weeks. I will upload the spreadsheet in xlsx format.,"{""periods"":1,""unit"":""week""}",,provided,
original,natural-v6-20261005/stocks/08,natural_component,1,initial,source_mode,omitted_slot,True,I want to forecast ETF trading volume in shares. I have weekly data and need the next 6 weeks. I will upload the spreadsheet in xlsx format.,"""upload""",,provided,
original,natural-v6-20261005/stocks/08,natural_component,1,initial,target_description,wrong_value_or_type,True,I want to forecast ETF trading volume in shares. I have weekly data and need the next 6 weeks. I will upload the spreadsheet in xlsx format.,"""ETF trading volume""","""ETF trading volume in shares""",provided,provided
original,natural-v6-20261005/stocks/08,natural_component,1,initial,target_unit,omitted_slot,True,I want to forecast ETF trading volume in shares. I have weekly data and need the next 6 weeks. I will upload the spreadsheet in xlsx format.,"""shares""",,provided,
original,natural-v6-20261005/stocks/08,natural_component,2,correction,forecast_horizon,exact_content,True,Replace the horizon I gave you with 9 weeks.,"{""periods"":9,""unit"":""week""}","{""periods"":9,""unit"":""week""}",provided,provided
original,natural-v6-20261005/crypto/01,natural_component,1,initial,forecast_horizon,exact_content,True,"Can you forecast BTC/USD spot price in USD per BTC? My observations are hourly and I want 20 hours ahead, not a futures price.","{""periods"":20,""unit"":""hour""}","{""periods"":20,""unit"":""hour""}",provided,provided
original,natural-v6-20261005/crypto/01,natural_component,1,initial,frequency,exact_content,True,"Can you forecast BTC/USD spot price in USD per BTC? My observations are hourly and I want 20 hours ahead, not a futures price.","{""periods"":1,""unit"":""hour""}","{""periods"":1,""unit"":""hour""}",provided,provided
original,natural-v6-20261005/crypto/01,natural_component,1,initial,target_description,wrong_value_or_type,True,"Can you forecast BTC/USD spot price in USD per BTC? My observations are hourly and I want 20 hours ahead, not a futures price.","""BTC/USD spot price""","""BTC/USD spot price in USD per BTC""",provided,provided
original,natural-v6-20261005/crypto/01,natural_component,1,initial,target_unit,wrong_value_or_type,True,"Can you forecast BTC/USD spot price in USD per BTC? My observations are hourly and I want 20 hours ahead, not a futures price.","""USD per BTC""","""not a futures price""",provided,provided
original,natural-v6-20261005/crypto/01,natural_component,2,correction,forecast_horizon,normalization_only,True,"Actually, change the forecast horizon to 23 hours instead. Leave the other requirements alone.","{""periods"":23,""unit"":""hour""}","{""periods"":23.0,""unit"":""hour""}",provided,provided
original,natural-v6-20261005/crypto/02,natural_component,1,initial,forecast_horizon,exact_content,True,"Please predict ETH trading volume, in ETH, using observations every 2 hours. I need the next 14 hours.","{""periods"":14,""unit"":""hour""}","{""periods"":14,""unit"":""hour""}",provided,provided
original,natural-v6-20261005/crypto/02,natural_component,1,initial,frequency,exact_content,True,"Please predict ETH trading volume, in ETH, using observations every 2 hours. I need the next 14 hours.","{""periods"":2,""unit"":""hour""}","{""periods"":2,""unit"":""hour""}",provided,provided
original,natural-v6-20261005/crypto/02,natural_component,1,initial,target_description,wrong_value_or_type,True,"Please predict ETH trading volume, in ETH, using observations every 2 hours. I need the next 14 hours.","""ETH trading volume""","""ETH trading volume, in ETH""",provided,provided
original,natural-v6-20261005/crypto/02,natural_component,1,initial,target_unit,omitted_slot,True,"Please predict ETH trading volume, in ETH, using observations every 2 hours. I need the next 14 hours.","""ETH""",,provided,
original,natural-v6-20261005/crypto/02,natural_component,2,correction,forecast_horizon,exact_content,True,"Correction: I need 17 hours ahead, replacing the earlier horizon.","{""periods"":17,""unit"":""hour""}","{""periods"":17,""unit"":""hour""}",provided,provided
original,natural-v6-20261005/crypto/03,natural_component,1,initial,file_format,omitted_slot,True,Help me forecast perpetual-swap funding rate. Units are percent per 8 hours and observations come every 8 hours. Look ahead 48 hours. I will upload CSV data.,"""csv""",,provided,
original,natural-v6-20261005/crypto/03,natural_component,1,initial,forecast_horizon,exact_content,True,Help me forecast perpetual-swap funding rate. Units are percent per 8 hours and observations come every 8 hours. Look ahead 48 hours. I will upload CSV data.,"{""periods"":48,""unit"":""hour""}","{""periods"":48,""unit"":""hour""}",provided,provided
original,natural-v6-20261005/crypto/03,natural_component,1,initial,frequency,omitted_slot,True,Help me forecast perpetual-swap funding rate. Units are percent per 8 hours and observations come every 8 hours. Look ahead 48 hours. I will upload CSV data.,"{""periods"":8,""unit"":""hour""}",,provided,
original,natural-v6-20261005/crypto/03,natural_component,1,initial,source_mode,normalization_only,True,Help me forecast perpetual-swap funding rate. Units are percent per 8 hours and observations come every 8 hours. Look ahead 48 hours. I will upload CSV data.,"""upload""","""csv""",provided,provided
original,natural-v6-20261005/crypto/03,natural_component,1,initial,target_description,exact_content,True,Help me forecast perpetual-swap funding rate. Units are percent per 8 hours and observations come every 8 hours. Look ahead 48 hours. I will upload CSV data.,"""perpetual-swap funding rate""","""perpetual-swap funding rate""",provided,provided
original,natural-v6-20261005/crypto/03,natural_component,1,initial,target_unit,exact_content,True,Help me forecast perpetual-swap funding rate. Units are percent per 8 hours and observations come every 8 hours. Look ahead 48 hours. I will upload CSV data.,"""percent per 8 hours""","""percent per 8 hours""",provided,provided
original,natural-v6-20261005/crypto/03,natural_component,2,correction,forecast_horizon,exact_content,True,"I changed my mind about the horizon. Forecast the next 51 hours, please.","{""periods"":51,""unit"":""hour""}","{""periods"":51,""unit"":""hour""}",provided,provided
original,natural-v6-20261005/crypto/04,natural_component,1,initial,forecast_horizon,omitted_slot,True,I need a forecast of futures open interest in contracts. This is hourly data and the horizon is 30 hours. Read open_contracts as the target and event_time as the timestamp.,"{""periods"":30,""unit"":""hour""}",,provided,
original,natural-v6-20261005/crypto/04,natural_component,1,initial,frequency,exact_content,True,I need a forecast of futures open interest in contracts. This is hourly data and the horizon is 30 hours. Read open_contracts as the target and event_time as the timestamp.,"{""periods"":1,""unit"":""hour""}","{""periods"":1,""unit"":""hour""}",provided,provided
original,natural-v6-20261005/crypto/04,natural_component,1,initial,target_column,exact_content,True,I need a forecast of futures open interest in contracts. This is hourly data and the horizon is 30 hours. Read open_contracts as the target and event_time as the timestamp.,"""open_contracts""","""open_contracts""",provided,provided
original,natural-v6-20261005/crypto/04,natural_component,1,initial,target_description,wrong_value_or_type,True,I need a forecast of futures open interest in contracts. This is hourly data and the horizon is 30 hours. Read open_contracts as the target and event_time as the timestamp.,"""futures open interest""","""futures open interest in contracts""",provided,provided
original,natural-v6-20261005/crypto/04,natural_component,1,initial,target_unit,omitted_slot,True,I need a forecast of futures open interest in contracts. This is hourly data and the horizon is 30 hours. Read open_contracts as the target and event_time as the timestamp.,"""contracts""",,provided,
original,natural-v6-20261005/crypto/04,natural_component,1,initial,time_column,exact_content,True,I need a forecast of futures open interest in contracts. This is hourly data and the horizon is 30 hours. Read open_contracts as the target and event_time as the timestamp.,"""event_time""","""event_time""",provided,provided
original,natural-v6-20261005/crypto/04,natural_component,2,correction,forecast_horizon,exact_content,True,That previous forecast horizon is wrong: make it 33 hours.,"{""periods"":33,""unit"":""hour""}","{""periods"":33,""unit"":""hour""}",provided,provided
original,natural-v6-20261005/crypto/05,natural_component,1,initial,forecast_horizon,exact_content,True,"Please forecast realized volatility, in percent per year, from daily observations for the next 7 days.","{""periods"":7,""unit"":""day""}","{""periods"":7,""unit"":""day""}",provided,provided
original,natural-v6-20261005/crypto/05,natural_component,1,initial,frequency,omitted_slot,True,"Please forecast realized volatility, in percent per year, from daily observations for the next 7 days.","{""periods"":1,""unit"":""day""}",,provided,
original,natural-v6-20261005/crypto/05,natural_component,1,initial,target_description,wrong_value_or_type,True,"Please forecast realized volatility, in percent per year, from daily observations for the next 7 days.","""realized volatility""","""realized volatility, in percent per year""",provided,provided
original,natural-v6-20261005/crypto/05,natural_component,1,initial,target_unit,omitted_slot,True,"Please forecast realized volatility, in percent per year, from daily observations for the next 7 days.","""percent per year""",,provided,
original,natural-v6-20261005/crypto/05,natural_component,2,correction,forecast_horizon,normalization_only,True,Please revise the forecast horizon to 10 days. Everything else stays the same.,"{""periods"":10,""unit"":""day""}","{""periods"":10.0,""unit"":""day""}",provided,provided
original,natural-v6-20261005/crypto/06,natural_component,1,initial,file_format,exact_content,True,"Predict futures-minus-spot basis, measured in basis points. Each observation is 1 hour apart; I need a 2 day horizon. The file will be parquet.","""parquet""","""parquet""",provided,provided
original,natural-v6-20261005/crypto/06,natural_component,1,initial,forecast_horizon,exact_content,True,"Predict futures-minus-spot basis, measured in basis points. Each observation is 1 hour apart; I need a 2 day horizon. The file will be parquet.","{""periods"":2,""unit"":""day""}","{""periods"":2,""unit"":""day""}",provided,provided
original,natural-v6-20261005/crypto/06,natural_component,1,initial,frequency,exact_content,True,"Predict futures-minus-spot basis, measured in basis points. Each observation is 1 hour apart; I need a 2 day horizon. The file will be parquet.","{""periods"":1,""unit"":""hour""}","{""periods"":1,""unit"":""hour""}",provided,provided
original,natural-v6-20261005/crypto/06,natural_component,1,initial,target_description,wrong_value_or_type,True,"Predict futures-minus-spot basis, measured in basis points. Each observation is 1 hour apart; I need a 2 day horizon. The file will be parquet.","""futures-minus-spot basis""","""basis points""",provided,provided
original,natural-v6-20261005/crypto/06,natural_component,1,initial,target_unit,omitted_slot,True,"Predict futures-minus-spot basis, measured in basis points. Each observation is 1 hour apart; I need a 2 day horizon. The file will be parquet.","""basis points""",,provided,
original,natural-v6-20261005/crypto/06,natural_component,2,correction,forecast_horizon,normalization_only,True,Use 5 days for the forecast horizon instead of my earlier request.,"{""periods"":5,""unit"":""day""}","{""periods"":5.0,""unit"":""day""}",provided,provided
original,natural-v6-20261005/crypto/06,natural_component,3,unknown,prediction_interval_levels,new_unmentioned_slot,True,"I need your questions about timezone, seasonal periods and prediction interval levels because I don't know them.",,"[0.01,0.02,0.03,0.04,0.05]",,provided
original,natural-v6-20261005/crypto/06,natural_component,3,unknown,seasonal_periods,new_unmentioned_slot,True,"I need your questions about timezone, seasonal periods and prediction interval levels because I don't know them.",,"[{""periods"":1,""unit"":""day""},{""periods"":1,""unit"":""day""},{""periods"":1,""unit"":""day""}]",,provided
original,natural-v6-20261005/crypto/06,natural_component,3,unknown,timezone,new_unmentioned_slot,True,"I need your questions about timezone, seasonal periods and prediction interval levels because I don't know them.",,"""timezone""",,provided
original,natural-v6-20261005/crypto/07,natural_component,1,initial,forecast_horizon,exact_content,True,"Can you forecast BTC log return in percent? I have one observation every hour. Predict 18 hours ahead, but make a fresh forecast every 6 hours.","{""periods"":18,""unit"":""hour""}","{""periods"":18,""unit"":""hour""}",provided,provided
original,natural-v6-20261005/crypto/07,natural_component,1,initial,frequency,exact_content,True,"Can you forecast BTC log return in percent? I have one observation every hour. Predict 18 hours ahead, but make a fresh forecast every 6 hours.","{""periods"":1,""unit"":""hour""}","{""periods"":1,""unit"":""hour""}",provided,provided
original,natural-v6-20261005/crypto/07,natural_component,1,initial,prediction_frequency,omitted_slot,True,"Can you forecast BTC log return in percent? I have one observation every hour. Predict 18 hours ahead, but make a fresh forecast every 6 hours.","{""periods"":6,""unit"":""hour""}",,provided,
original,natural-v6-20261005/crypto/07,natural_component,1,initial,target_description,wrong_value_or_type,True,"Can you forecast BTC log return in percent? I have one observation every hour. Predict 18 hours ahead, but make a fresh forecast every 6 hours.","""BTC log return""","""BTC log return in percent""",provided,provided
original,natural-v6-20261005/crypto/07,natural_component,1,initial,target_unit,omitted_slot,True,"Can you forecast BTC log return in percent? I have one observation every hour. Predict 18 hours ahead, but make a fresh forecast every 6 hours.","""percent""",,provided,
original,natural-v6-20261005/crypto/07,natural_component,2,correction,forecast_horizon,normalization_only,True,One correction to my specification: the forecast horizon is now 21 hours.,"{""periods"":21,""unit"":""hour""}","{""periods"":21.0,""unit"":""hour""}",provided,provided
original,natural-v6-20261005/crypto/08,natural_component,1,initial,file_format,exact_content,True,I want a forecast of digital-asset market capitalization in millions of USD. We observe it daily and need 15 days ahead. I will upload JSON data.,"""json""","""json""",provided,provided
original,natural-v6-20261005/crypto/08,natural_component,1,initial,forecast_horizon,omitted_slot,True,I want a forecast of digital-asset market capitalization in millions of USD. We observe it daily and need 15 days ahead. I will upload JSON data.,"{""periods"":15,""unit"":""day""}",,provided,
original,natural-v6-20261005/crypto/08,natural_component,1,initial,frequency,exact_content,True,I want a forecast of digital-asset market capitalization in millions of USD. We observe it daily and need 15 days ahead. I will upload JSON data.,"{""periods"":1,""unit"":""day""}","{""periods"":1,""unit"":""day""}",provided,provided
original,natural-v6-20261005/crypto/08,natural_component,1,initial,source_mode,omitted_slot,True,I want a forecast of digital-asset market capitalization in millions of USD. We observe it daily and need 15 days ahead. I will upload JSON data.,"""upload""",,provided,
original,natural-v6-20261005/crypto/08,natural_component,1,initial,target_description,wrong_value_or_type,True,I want a forecast of digital-asset market capitalization in millions of USD. We observe it daily and need 15 days ahead. I will upload JSON data.,"""digital-asset market capitalization""","""digital-asset market capitalization in millions of USD""",provided,provided
original,natural-v6-20261005/crypto/08,natural_component,1,initial,target_unit,omitted_slot,True,I want a forecast of digital-asset market capitalization in millions of USD. We observe it daily and need 15 days ahead. I will upload JSON data.,"""millions of USD""",,provided,
original,natural-v6-20261005/crypto/08,natural_component,2,correction,forecast_horizon,exact_content,True,Replace the horizon I gave you with 18 days.,"{""periods"":18,""unit"":""day""}","{""periods"":18,""unit"":""day""}",provided,provided
constrained,natural-v6-20261005/weather/01,natural_component,1,initial,file_format,exact_content,False,"Could you forecast afternoon air temperature? My readings are daily, in degrees Celsius, and I need the next 5 days. The file is CSV.","""csv""","""csv""",provided,provided
constrained,natural-v6-20261005/weather/01,natural_component,1,initial,forecast_horizon,omitted_slot,False,"Could you forecast afternoon air temperature? My readings are daily, in degrees Celsius, and I need the next 5 days. The file is CSV.","{""periods"":5,""unit"":""day""}",,provided,
constrained,natural-v6-20261005/weather/01,natural_component,1,initial,frequency,exact_content,False,"Could you forecast afternoon air temperature? My readings are daily, in degrees Celsius, and I need the next 5 days. The file is CSV.","{""periods"":1,""unit"":""day""}","{""periods"":1,""unit"":""day""}",provided,provided
constrained,natural-v6-20261005/weather/01,natural_component,1,initial,target_description,exact_content,False,"Could you forecast afternoon air temperature? My readings are daily, in degrees Celsius, and I need the next 5 days. The file is CSV.","""afternoon air temperature""","""afternoon air temperature""",provided,provided
constrained,natural-v6-20261005/weather/01,natural_component,1,initial,target_unit,omitted_slot,False,"Could you forecast afternoon air temperature? My readings are daily, in degrees Celsius, and I need the next 5 days. The file is CSV.","""degrees Celsius""",,provided,
constrained,natural-v6-20261005/weather/01,natural_component,2,correction,forecast_horizon,normalization_only,True,"Actually, change the forecast horizon to 8 days instead. Leave the other requirements alone.","{""periods"":8,""unit"":""day""}","{""periods"":8.0,""unit"":""day""}",provided,provided
constrained,natural-v6-20261005/weather/01,natural_component,2,correction,target_column,new_unmentioned_slot,True,"Actually, change the forecast horizon to 8 days instead. Leave the other requirements alone.",,"""afternoon air temperature""",,provided
constrained,natural-v6-20261005/weather/02,natural_component,1,initial,forecast_horizon,omitted_slot,True,"Rain is what I care about: please predict accumulated rainfall, measured in millimetres. I have hourly readings and want 36 hours ahead.","{""periods"":36,""unit"":""hour""}",,provided,
constrained,natural-v6-20261005/weather/02,natural_component,1,initial,frequency,exact_content,True,"Rain is what I care about: please predict accumulated rainfall, measured in millimetres. I have hourly readings and want 36 hours ahead.","{""periods"":1,""unit"":""hour""}","{""periods"":1,""unit"":""hour""}",provided,provided
constrained,natural-v6-20261005/weather/02,natural_component,1,initial,target_description,wrong_value_or_type,True,"Rain is what I care about: please predict accumulated rainfall, measured in millimetres. I have hourly readings and want 36 hours ahead.","""accumulated rainfall""","""accumulated rainfall, measured in millimetres""",provided,provided
constrained,natural-v6-20261005/weather/02,natural_component,1,initial,target_unit,omitted_slot,True,"Rain is what I care about: please predict accumulated rainfall, measured in millimetres. I have hourly readings and want 36 hours ahead.","""millimetres""",,provided,
constrained,natural-v6-20261005/weather/02,natural_component,2,correction,forecast_horizon,exact_content,True,"Correction: I need 39 hours ahead, replacing the earlier horizon.","{""periods"":39,""unit"":""hour""}","{""periods"":39,""unit"":""hour""}",provided,provided
constrained,natural-v6-20261005/weather/02,natural_component,2,correction,forecast_start,new_unmentioned_slot,True,"Correction: I need 39 hours ahead, replacing the earlier horizon.",,"""2024-01-01T00:00:00Z""",,provided
constrained,natural-v6-20261005/weather/02,natural_component,2,correction,frequency,repeated_prior_fact,True,"Correction: I need 39 hours ahead, replacing the earlier horizon.",,"{""periods"":1.0,""unit"":""hour""}",,provided
constrained,natural-v6-20261005/weather/03,natural_component,1,initial,file_format,omitted_slot,False,"I need a forecast of peak wind speed in metres per second, every hour, out to 12 hours. I will upload the data as parquet.","""parquet""",,provided,
constrained,natural-v6-20261005/weather/03,natural_component,1,initial,forecast_horizon,exact_content,False,"I need a forecast of peak wind speed in metres per second, every hour, out to 12 hours. I will upload the data as parquet.","{""periods"":12,""unit"":""hour""}","{""periods"":12,""unit"":""hour""}",provided,provided
constrained,natural-v6-20261005/weather/03,natural_component,1,initial,frequency,exact_content,False,"I need a forecast of peak wind speed in metres per second, every hour, out to 12 hours. I will upload the data as parquet.","{""periods"":1,""unit"":""hour""}","{""periods"":1,""unit"":""hour""}",provided,provided
constrained,natural-v6-20261005/weather/03,natural_component,1,initial,source_mode,exact_content,False,"I need a forecast of peak wind speed in metres per second, every hour, out to 12 hours. I will upload the data as parquet.","""upload""","""upload""",provided,provided
constrained,natural-v6-20261005/weather/03,natural_component,1,initial,target_description,wrong_value_or_type,False,"I need a forecast of peak wind speed in metres per second, every hour, out to 12 hours. I will upload the data as parquet.","""peak wind speed""","""peak wind speed in metres per second""",provided,provided
constrained,natural-v6-20261005/weather/03,natural_component,1,initial,target_unit,omitted_slot,False,"I need a forecast of peak wind speed in metres per second, every hour, out to 12 hours. I will upload the data as parquet.","""metres per second""",,provided,
constrained,natural-v6-20261005/weather/03,natural_component,2,correction,forecast_horizon,normalization_only,False,"I changed my mind about the horizon. Forecast the next 15 hours, please.","{""periods"":15,""unit"":""hour""}","{""periods"":15.0,""unit"":""hour""}",provided,provided
constrained,natural-v6-20261005/weather/04,natural_component,1,initial,forecast_horizon,omitted_slot,False,"Help me predict relative humidity. It is in percent, observed daily; look ahead 9 days. Read humidity_pct as the target and observation_date as the timestamp.","{""periods"":9,""unit"":""day""}",,provided,
constrained,natural-v6-20261005/weather/04,natural_component,1,initial,frequency,omitted_slot,False,"Help me predict relative humidity. It is in percent, observed daily; look ahead 9 days. Read humidity_pct as the target and observation_date as the timestamp.","{""periods"":1,""unit"":""day""}",,provided,
constrained,natural-v6-20261005/weather/04,natural_component,1,initial,target_column,exact_content,False,"Help me predict relative humidity. It is in percent, observed daily; look ahead 9 days. Read humidity_pct as the target and observation_date as the timestamp.","""humidity_pct""","""humidity_pct""",provided,provided
constrained,natural-v6-20261005/weather/04,natural_component,1,initial,target_description,exact_content,False,"Help me predict relative humidity. It is in percent, observed daily; look ahead 9 days. Read humidity_pct as the target and observation_date as the timestamp.","""relative humidity""","""relative humidity""",provided,provided
constrained,natural-v6-20261005/weather/04,natural_component,1,initial,target_unit,exact_content,False,"Help me predict relative humidity. It is in percent, observed daily; look ahead 9 days. Read humidity_pct as the target and observation_date as the timestamp.","""percent""","""percent""",provided,provided
constrained,natural-v6-20261005/weather/04,natural_component,1,initial,time_column,omitted_slot,False,"Help me predict relative humidity. It is in percent, observed daily; look ahead 9 days. Read humidity_pct as the target and observation_date as the timestamp.","""observation_date""",,provided,
constrained,natural-v6-20261005/weather/04,natural_component,2,correction,forecast_horizon,exact_content,True,That previous forecast horizon is wrong: make it 12 days.,"{""periods"":12,""unit"":""day""}","{""periods"":12,""unit"":""day""}",provided,provided
constrained,natural-v6-20261005/weather/05,natural_component,1,initial,forecast_horizon,exact_content,True,"What I want forecast is cloud cover, in percent. We record it every 3 hours. Please look 18 hours into the future.","{""periods"":18,""unit"":""hour""}","{""periods"":18,""unit"":""hour""}",provided,provided
constrained,natural-v6-20261005/weather/05,natural_component,1,initial,frequency,exact_content,True,"What I want forecast is cloud cover, in percent. We record it every 3 hours. Please look 18 hours into the future.","{""periods"":3,""unit"":""hour""}","{""periods"":3,""unit"":""hour""}",provided,provided
constrained,natural-v6-20261005/weather/05,natural_component,1,initial,target_description,wrong_value_or_type,True,"What I want forecast is cloud cover, in percent. We record it every 3 hours. Please look 18 hours into the future.","""cloud cover""","""cloud cover, in percent""",provided,provided
constrained,natural-v6-20261005/weather/05,natural_component,1,initial,target_unit,omitted_slot,True,"What I want forecast is cloud cover, in percent. We record it every 3 hours. Please look 18 hours into the future.","""percent""",,provided,
constrained,natural-v6-20261005/weather/05,natural_component,2,correction,forecast_horizon,normalization_only,True,Please revise the forecast horizon to 21 hours. Everything else stays the same.,"{""periods"":21,""unit"":""hour""}","{""periods"":21.0,""unit"":""hour""}",provided,provided
constrained,natural-v6-20261005/weather/05,natural_component,2,correction,target_column,new_unmentioned_slot,True,Please revise the forecast horizon to 21 hours. Everything else stays the same.,,"""cloud cover""",,provided
constrained,natural-v6-20261005/weather/06,natural_component,1,initial,forecast_horizon,exact_content,False,Can we forecast sea-level pressure? Values are in hectopascals and arrive every 6 hours. I need a 2 day horizon.,"{""periods"":2,""unit"":""day""}","{""periods"":2,""unit"":""day""}",provided,provided
constrained,natural-v6-20261005/weather/06,natural_component,1,initial,frequency,omitted_slot,False,Can we forecast sea-level pressure? Values are in hectopascals and arrive every 6 hours. I need a 2 day horizon.,"{""periods"":6,""unit"":""hour""}",,provided,
constrained,natural-v6-20261005/weather/06,natural_component,1,initial,target_description,exact_content,False,Can we forecast sea-level pressure? Values are in hectopascals and arrive every 6 hours. I need a 2 day horizon.,"""sea-level pressure""","""sea-level pressure""",provided,provided
constrained,natural-v6-20261005/weather/06,natural_component,1,initial,target_unit,omitted_slot,False,Can we forecast sea-level pressure? Values are in hectopascals and arrive every 6 hours. I need a 2 day horizon.,"""hectopascals""",,provided,
constrained,natural-v6-20261005/weather/06,natural_component,2,correction,forecast_horizon,normalization_only,True,Use 5 days for the forecast horizon instead of my earlier request.,"{""periods"":5,""unit"":""day""}","{""periods"":5.0,""unit"":""day""}",provided,provided
constrained,natural-v6-20261005/weather/06,natural_component,2,correction,target_column,new_unmentioned_slot,True,Use 5 days for the forecast horizon instead of my earlier request.,,"""sea-level pressure""",,provided
constrained,natural-v6-20261005/weather/06,natural_component,2,correction,target_unit,repeated_prior_fact,True,Use 5 days for the forecast horizon instead of my earlier request.,,"""hectopascals""",,provided
constrained,natural-v6-20261005/weather/07,natural_component,1,initial,forecast_horizon,exact_content,False,"Please predict overnight minimum temperature in degrees Fahrenheit. Observations are daily. Forecast 8 days ahead, and generate a fresh forecast every 2 days.","{""periods"":8,""unit"":""day""}","{""periods"":8,""unit"":""day""}",provided,provided
constrained,natural-v6-20261005/weather/07,natural_component,1,initial,frequency,exact_content,False,"Please predict overnight minimum temperature in degrees Fahrenheit. Observations are daily. Forecast 8 days ahead, and generate a fresh forecast every 2 days.","{""periods"":1,""unit"":""day""}","{""periods"":1,""unit"":""day""}",provided,provided
constrained,natural-v6-20261005/weather/07,natural_component,1,initial,prediction_frequency,exact_content,False,"Please predict overnight minimum temperature in degrees Fahrenheit. Observations are daily. Forecast 8 days ahead, and generate a fresh forecast every 2 days.","{""periods"":2,""unit"":""day""}","{""periods"":2,""unit"":""day""}",provided,provided
constrained,natural-v6-20261005/weather/07,natural_component,1,initial,target_description,wrong_value_or_type,False,"Please predict overnight minimum temperature in degrees Fahrenheit. Observations are daily. Forecast 8 days ahead, and generate a fresh forecast every 2 days.","""overnight minimum temperature""","""overnight minimum temperature in degrees Fahrenheit""",provided,provided
constrained,natural-v6-20261005/weather/07,natural_component,1,initial,target_unit,omitted_slot,False,"Please predict overnight minimum temperature in degrees Fahrenheit. Observations are daily. Forecast 8 days ahead, and generate a fresh forecast every 2 days.","""degrees Fahrenheit""",,provided,
constrained,natural-v6-20261005/weather/07,natural_component,2,correction,forecast_horizon,exact_content,True,One correction to my specification: the forecast horizon is now 11 days.,"{""periods"":11,""unit"":""day""}","{""periods"":11,""unit"":""day""}",provided,provided
constrained,natural-v6-20261005/weather/08,natural_component,1,initial,file_format,exact_content,True,"Build a forecast for sunshine duration, measured in hours, with one observation every week. I need the next 4 weeks. The uploaded file is xlsx.","""xlsx""","""xlsx""",provided,provided
constrained,natural-v6-20261005/weather/08,natural_component,1,initial,forecast_horizon,exact_content,True,"Build a forecast for sunshine duration, measured in hours, with one observation every week. I need the next 4 weeks. The uploaded file is xlsx.","{""periods"":4,""unit"":""week""}","{""periods"":4,""unit"":""week""}",provided,provided
constrained,natural-v6-20261005/weather/08,natural_component,1,initial,frequency,exact_content,True,"Build a forecast for sunshine duration, measured in hours, with one observation every week. I need the next 4 weeks. The uploaded file is xlsx.","{""periods"":1,""unit"":""week""}","{""periods"":1,""unit"":""week""}",provided,provided
constrained,natural-v6-20261005/weather/08,natural_component,1,initial,source_mode,exact_content,True,"Build a forecast for sunshine duration, measured in hours, with one observation every week. I need the next 4 weeks. The uploaded file is xlsx.","""upload""","""upload""",provided,provided
constrained,natural-v6-20261005/weather/08,natural_component,1,initial,target_description,wrong_value_or_type,True,"Build a forecast for sunshine duration, measured in hours, with one observation every week. I need the next 4 weeks. The uploaded file is xlsx.","""sunshine duration""","""sunshine duration, measured in hours""",provided,provided
constrained,natural-v6-20261005/weather/08,natural_component,1,initial,target_unit,omitted_slot,True,"Build a forecast for sunshine duration, measured in hours, with one observation every week. I need the next 4 weeks. The uploaded file is xlsx.","""hours""",,provided,
constrained,natural-v6-20261005/weather/08,natural_component,2,correction,forecast_horizon,normalization_only,True,Replace the horizon I gave you with 7 weeks.,"{""periods"":7,""unit"":""week""}","{""periods"":7.0,""unit"":""week""}",provided,provided
constrained,natural-v6-20261005/weather/08,natural_component,2,correction,target_column,new_unmentioned_slot,True,Replace the horizon I gave you with 7 weeks.,,"""sunshine duration""",,provided
constrained,natural-v6-20261005/weather/08,natural_component,2,correction,target_unit,repeated_prior_fact,True,Replace the horizon I gave you with 7 weeks.,,"""hours""",,provided
constrained,natural-v6-20261005/inflation/01,natural_component,1,initial,forecast_horizon,exact_content,True,"Please forecast year-over-year CPI inflation, in percent, from monthly observations. I need the coming 5 months, not a forecast of the CPI index.","{""periods"":5,""unit"":""month""}","{""periods"":5,""unit"":""month""}",provided,provided
constrained,natural-v6-20261005/inflation/01,natural_component,1,initial,frequency,omitted_slot,True,"Please forecast year-over-year CPI inflation, in percent, from monthly observations. I need the coming 5 months, not a forecast of the CPI index.","{""periods"":1,""unit"":""month""}",,provided,
constrained,natural-v6-20261005/inflation/01,natural_component,1,initial,target_description,wrong_value_or_type,True,"Please forecast year-over-year CPI inflation, in percent, from monthly observations. I need the coming 5 months, not a forecast of the CPI index.","""year-over-year CPI inflation""","""year-over-year CPI inflation, in percent""",provided,provided
constrained,natural-v6-20261005/inflation/01,natural_component,1,initial,target_unit,omitted_slot,True,"Please forecast year-over-year CPI inflation, in percent, from monthly observations. I need the coming 5 months, not a forecast of the CPI index.","""percent""",,provided,
constrained,natural-v6-20261005/inflation/01,natural_component,2,correction,forecast_horizon,normalization_only,True,"Actually, change the forecast horizon to 8 months instead. Leave the other requirements alone.","{""periods"":8,""unit"":""month""}","{""periods"":8.0,""unit"":""month""}",provided,provided
constrained,natural-v6-20261005/inflation/01,natural_component,2,correction,target_column,new_unmentioned_slot,True,"Actually, change the forecast horizon to 8 months instead. Leave the other requirements alone.",,"""year-over-year CPI inflation""",,provided
constrained,natural-v6-20261005/inflation/02,natural_component,1,initial,forecast_horizon,omitted_slot,True,"Can you predict the headline CPI index level? Units are index points, base 2015=100. It is monthly and I want 8 months ahead.","{""periods"":8,""unit"":""month""}",,provided,
constrained,natural-v6-20261005/inflation/02,natural_component,1,initial,frequency,exact_content,True,"Can you predict the headline CPI index level? Units are index points, base 2015=100. It is monthly and I want 8 months ahead.","{""periods"":1,""unit"":""month""}","{""periods"":1,""unit"":""month""}",provided,provided
constrained,natural-v6-20261005/inflation/02,natural_component,1,initial,target_description,exact_content,True,"Can you predict the headline CPI index level? Units are index points, base 2015=100. It is monthly and I want 8 months ahead.","""headline CPI index level""","""headline CPI index level""",provided,provided
constrained,natural-v6-20261005/inflation/02,natural_component,1,initial,target_unit,exact_content,True,"Can you predict the headline CPI index level? Units are index points, base 2015=100. It is monthly and I want 8 months ahead.","""index points, base 2015=100""","""index points, base 2015=100""",provided,provided
constrained,natural-v6-20261005/inflation/02,natural_component,2,correction,forecast_horizon,exact_content,True,"Correction: I need 11 months ahead, replacing the earlier horizon.","{""periods"":11,""unit"":""month""}","{""periods"":11,""unit"":""month""}",provided,provided
constrained,natural-v6-20261005/inflation/02,natural_component,2,correction,forecast_start,new_unmentioned_slot,True,"Correction: I need 11 months ahead, replacing the earlier horizon.",,"""2024-01-01T00:00:00Z""",,provided
constrained,natural-v6-20261005/inflation/02,natural_component,2,correction,frequency,repeated_prior_fact,True,"Correction: I need 11 months ahead, replacing the earlier horizon.",,"{""periods"":1.0,""unit"":""month""}",,provided
constrained,natural-v6-20261005/inflation/03,natural_component,1,initial,file_format,exact_content,True,I need a forecast of month-over-month core inflation. The unit is percent. Observations arrive monthly; forecast the next 3 months. The file is csv.,"""csv""","""csv""",provided,provided
constrained,natural-v6-20261005/inflation/03,natural_component,1,initial,forecast_horizon,exact_content,True,I need a forecast of month-over-month core inflation. The unit is percent. Observations arrive monthly; forecast the next 3 months. The file is csv.,"{""periods"":3,""unit"":""month""}","{""periods"":3,""unit"":""month""}",provided,provided
constrained,natural-v6-20261005/inflation/03,natural_component,1,initial,frequency,exact_content,True,I need a forecast of month-over-month core inflation. The unit is percent. Observations arrive monthly; forecast the next 3 months. The file is csv.,"{""periods"":1,""unit"":""month""}","{""periods"":1,""unit"":""month""}",provided,provided
constrained,natural-v6-20261005/inflation/03,natural_component,1,initial,target_description,exact_content,True,I need a forecast of month-over-month core inflation. The unit is percent. Observations arrive monthly; forecast the next 3 months. The file is csv.,"""month-over-month core inflation""","""month-over-month core inflation""",provided,provided
constrained,natural-v6-20261005/inflation/03,natural_component,1,initial,target_unit,exact_content,True,I need a forecast of month-over-month core inflation. The unit is percent. Observations arrive monthly; forecast the next 3 months. The file is csv.,"""percent""","""percent""",provided,provided
constrained,natural-v6-20261005/inflation/03,natural_component,2,correction,forecast_horizon,normalization_only,False,"I changed my mind about the horizon. Forecast the next 6 months, please.","{""periods"":6,""unit"":""month""}","{""periods"":6.0,""unit"":""month""}",provided,provided
constrained,natural-v6-20261005/inflation/04,natural_component,1,initial,forecast_horizon,exact_content,True,Help me predict food-price inflation in percent. There is one observation each month. Look 11 months ahead. The target column is food_inflation and the date column is month_end.,"{""periods"":11,""unit"":""month""}","{""periods"":11,""unit"":""month""}",provided,provided
constrained,natural-v6-20261005/inflation/04,natural_component,1,initial,frequency,exact_content,True,Help me predict food-price inflation in percent. There is one observation each month. Look 11 months ahead. The target column is food_inflation and the date column is month_end.,"{""periods"":1,""unit"":""month""}","{""periods"":1,""unit"":""month""}",provided,provided
constrained,natural-v6-20261005/inflation/04,natural_component,1,initial,target_column,exact_content,True,Help me predict food-price inflation in percent. There is one observation each month. Look 11 months ahead. The target column is food_inflation and the date column is month_end.,"""food_inflation""","""food_inflation""",provided,provided
constrained,natural-v6-20261005/inflation/04,natural_component,1,initial,target_description,wrong_value_or_type,True,Help me predict food-price inflation in percent. There is one observation each month. Look 11 months ahead. The target column is food_inflation and the date column is month_end.,"""food-price inflation""","""food-price inflation in percent""",provided,provided
constrained,natural-v6-20261005/inflation/04,natural_component,1,initial,target_unit,omitted_slot,True,Help me predict food-price inflation in percent. There is one observation each month. Look 11 months ahead. The target column is food_inflation and the date column is month_end.,"""percent""",,provided,
constrained,natural-v6-20261005/inflation/04,natural_component,1,initial,time_column,omitted_slot,True,Help me predict food-price inflation in percent. There is one observation each month. Look 11 months ahead. The target column is food_inflation and the date column is month_end.,"""month_end""",,provided,
constrained,natural-v6-20261005/inflation/04,natural_component,2,correction,forecast_horizon,exact_content,True,That previous forecast horizon is wrong: make it 14 months.,"{""periods"":14,""unit"":""month""}","{""periods"":14,""unit"":""month""}",provided,provided
constrained,natural-v6-20261005/inflation/05,natural_component,1,initial,forecast_horizon,exact_content,True,"Please forecast producer price inflation, measured in percent, using quarterly observations. I want the next 2 quarters.","{""periods"":2,""unit"":""quarter""}","{""periods"":2,""unit"":""quarter""}",provided,provided
constrained,natural-v6-20261005/inflation/05,natural_component,1,initial,frequency,omitted_slot,True,"Please forecast producer price inflation, measured in percent, using quarterly observations. I want the next 2 quarters.","{""periods"":1,""unit"":""quarter""}",,provided,
constrained,natural-v6-20261005/inflation/05,natural_component,1,initial,target_description,wrong_value_or_type,True,"Please forecast producer price inflation, measured in percent, using quarterly observations. I want the next 2 quarters.","""producer price inflation""","""producer price inflation, measured in percent""",provided,provided
constrained,natural-v6-20261005/inflation/05,natural_component,1,initial,target_unit,omitted_slot,True,"Please forecast producer price inflation, measured in percent, using quarterly observations. I want the next 2 quarters.","""percent""",,provided,
constrained,natural-v6-20261005/inflation/05,natural_component,2,correction,forecast_horizon,exact_content,True,Please revise the forecast horizon to 5 quarters. Everything else stays the same.,"{""periods"":5,""unit"":""quarter""}","{""periods"":5,""unit"":""quarter""}",provided,provided
constrained,natural-v6-20261005/inflation/05,natural_component,2,correction,target_column,new_unmentioned_slot,True,Please revise the forecast horizon to 5 quarters. Everything else stays the same.,,"""producer price inflation""",,provided
constrained,natural-v6-20261005/inflation/06,natural_component,1,initial,file_format,omitted_slot,False,Forecast the consumer price index level in index points. The series has a monthly observation and I need a 1 year horizon. I will upload a parquet file.,"""parquet""",,provided,
constrained,natural-v6-20261005/inflation/06,natural_component,1,initial,forecast_horizon,omitted_slot,False,Forecast the consumer price index level in index points. The series has a monthly observation and I need a 1 year horizon. I will upload a parquet file.,"{""periods"":1,""unit"":""year""}",,provided,
constrained,natural-v6-20261005/inflation/06,natural_component,1,initial,frequency,exact_content,False,Forecast the consumer price index level in index points. The series has a monthly observation and I need a 1 year horizon. I will upload a parquet file.,"{""periods"":1,""unit"":""month""}","{""periods"":1,""unit"":""month""}",provided,provided
constrained,natural-v6-20261005/inflation/06,natural_component,1,initial,source_mode,exact_content,False,Forecast the consumer price index level in index points. The series has a monthly observation and I need a 1 year horizon. I will upload a parquet file.,"""upload""","""upload""",provided,provided
constrained,natural-v6-20261005/inflation/06,natural_component,1,initial,target_description,wrong_value_or_type,False,Forecast the consumer price index level in index points. The series has a monthly observation and I need a 1 year horizon. I will upload a parquet file.,"""consumer price index level""","""consumer price index level in index points""",provided,provided
constrained,natural-v6-20261005/inflation/06,natural_component,1,initial,target_unit,omitted_slot,False,Forecast the consumer price index level in index points. The series has a monthly observation and I need a 1 year horizon. I will upload a parquet file.,"""index points""",,provided,
constrained,natural-v6-20261005/inflation/06,natural_component,2,correction,forecast_horizon,normalization_only,True,Use 4 years for the forecast horizon instead of my earlier request.,"{""periods"":4,""unit"":""year""}","{""periods"":4.0,""unit"":""year""}",provided,provided
constrained,natural-v6-20261005/inflation/07,natural_component,1,initial,forecast_horizon,omitted_slot,True,I want to forecast annual average inflation in percent. One observation per year; look ahead 3 years. Generate a new forecast every 1 year.,"{""periods"":3,""unit"":""year""}",,provided,
constrained,natural-v6-20261005/inflation/07,natural_component,1,initial,frequency,exact_content,True,I want to forecast annual average inflation in percent. One observation per year; look ahead 3 years. Generate a new forecast every 1 year.,"{""periods"":1,""unit"":""year""}","{""periods"":1,""unit"":""year""}",provided,provided
constrained,natural-v6-20261005/inflation/07,natural_component,1,initial,prediction_frequency,exact_content,True,I want to forecast annual average inflation in percent. One observation per year; look ahead 3 years. Generate a new forecast every 1 year.,"{""periods"":1,""unit"":""year""}","{""periods"":1,""unit"":""year""}",provided,provided
constrained,natural-v6-20261005/inflation/07,natural_component,1,initial,target_description,wrong_value_or_type,True,I want to forecast annual average inflation in percent. One observation per year; look ahead 3 years. Generate a new forecast every 1 year.,"""annual average inflation""","""annual average inflation in percent""",provided,provided
constrained,natural-v6-20261005/inflation/07,natural_component,1,initial,target_unit,omitted_slot,True,I want to forecast annual average inflation in percent. One observation per year; look ahead 3 years. Generate a new forecast every 1 year.,"""percent""",,provided,
constrained,natural-v6-20261005/inflation/07,natural_component,2,correction,forecast_horizon,exact_content,True,One correction to my specification: the forecast horizon is now 6 years.,"{""periods"":6,""unit"":""year""}","{""periods"":6,""unit"":""year""}",provided,provided
constrained,natural-v6-20261005/inflation/08,natural_component,1,initial,file_format,exact_content,True,"Could you predict trimmed-mean inflation? It is monthly, expressed in percent. We need 7 months into the future; the uploaded data will be in xlsx format.","""xlsx""","""xlsx""",provided,provided
constrained,natural-v6-20261005/inflation/08,natural_component,1,initial,forecast_horizon,exact_content,True,"Could you predict trimmed-mean inflation? It is monthly, expressed in percent. We need 7 months into the future; the uploaded data will be in xlsx format.","{""periods"":7,""unit"":""month""}","{""periods"":7,""unit"":""month""}",provided,provided
constrained,natural-v6-20261005/inflation/08,natural_component,1,initial,frequency,omitted_slot,True,"Could you predict trimmed-mean inflation? It is monthly, expressed in percent. We need 7 months into the future; the uploaded data will be in xlsx format.","{""periods"":1,""unit"":""month""}",,provided,
constrained,natural-v6-20261005/inflation/08,natural_component,1,initial,source_mode,exact_content,True,"Could you predict trimmed-mean inflation? It is monthly, expressed in percent. We need 7 months into the future; the uploaded data will be in xlsx format.","""upload""","""upload""",provided,provided
constrained,natural-v6-20261005/inflation/08,natural_component,1,initial,target_description,exact_content,True,"Could you predict trimmed-mean inflation? It is monthly, expressed in percent. We need 7 months into the future; the uploaded data will be in xlsx format.","""trimmed-mean inflation""","""trimmed-mean inflation""",provided,provided
constrained,natural-v6-20261005/inflation/08,natural_component,1,initial,target_unit,exact_content,True,"Could you predict trimmed-mean inflation? It is monthly, expressed in percent. We need 7 months into the future; the uploaded data will be in xlsx format.","""percent""","""percent""",provided,provided
constrained,natural-v6-20261005/inflation/08,natural_component,2,correction,forecast_horizon,normalization_only,True,Replace the horizon I gave you with 10 months.,"{""periods"":10,""unit"":""month""}","{""periods"":10.0,""unit"":""month""}",provided,provided
constrained,natural-v6-20261005/inflation/08,natural_component,2,correction,target_column,new_unmentioned_slot,True,Replace the horizon I gave you with 10 months.,,"""trimmed-mean inflation""",,provided
constrained,natural-v6-20261005/stocks/01,natural_component,1,initial,forecast_horizon,exact_content,True,"Can you forecast NOVA's adjusted closing price, in USD per share? I have daily observations and need the next 10 days.","{""periods"":10,""unit"":""day""}","{""periods"":10,""unit"":""day""}",provided,provided
constrained,natural-v6-20261005/stocks/01,natural_component,1,initial,frequency,exact_content,True,"Can you forecast NOVA's adjusted closing price, in USD per share? I have daily observations and need the next 10 days.","{""periods"":1,""unit"":""day""}","{""periods"":1,""unit"":""day""}",provided,provided
constrained,natural-v6-20261005/stocks/01,natural_component,1,initial,target_description,wrong_value_or_type,True,"Can you forecast NOVA's adjusted closing price, in USD per share? I have daily observations and need the next 10 days.","""NOVA's adjusted closing price""","""NOVA's adjusted closing price, in USD per share""",provided,provided
constrained,natural-v6-20261005/stocks/01,natural_component,1,initial,target_unit,omitted_slot,True,"Can you forecast NOVA's adjusted closing price, in USD per share? I have daily observations and need the next 10 days.","""USD per share""",,provided,
constrained,natural-v6-20261005/stocks/01,natural_component,2,correction,forecast_horizon,exact_content,True,"Actually, change the forecast horizon to 13 days instead. Leave the other requirements alone.","{""periods"":13,""unit"":""day""}","{""periods"":13,""unit"":""day""}",provided,provided
constrained,natural-v6-20261005/stocks/01,natural_component,2,correction,target_column,new_unmentioned_slot,True,"Actually, change the forecast horizon to 13 days instead. Leave the other requirements alone.",,"""NOVA's adjusted closing price""",,provided
constrained,natural-v6-20261005/stocks/02,natural_component,1,initial,forecast_horizon,exact_content,False,"Please predict raw closing share price, without adjusting corporate actions. Prices are in GBP per share, observed every day. Look ahead 6 days.","{""periods"":6,""unit"":""day""}","{""periods"":6,""unit"":""day""}",provided,provided
constrained,natural-v6-20261005/stocks/02,natural_component,1,initial,frequency,omitted_slot,False,"Please predict raw closing share price, without adjusting corporate actions. Prices are in GBP per share, observed every day. Look ahead 6 days.","{""periods"":1,""unit"":""day""}",,provided,
constrained,natural-v6-20261005/stocks/02,natural_component,1,initial,target_description,wrong_value_or_type,False,"Please predict raw closing share price, without adjusting corporate actions. Prices are in GBP per share, observed every day. Look ahead 6 days.","""raw closing share price, without adjusting corporate actions""","""raw closing share price""",provided,provided
constrained,natural-v6-20261005/stocks/02,natural_component,1,initial,target_unit,exact_content,False,"Please predict raw closing share price, without adjusting corporate actions. Prices are in GBP per share, observed every day. Look ahead 6 days.","""GBP per share""","""GBP per share""",provided,provided
constrained,natural-v6-20261005/stocks/02,natural_component,2,correction,forecast_horizon,exact_content,True,"Correction: I need 9 days ahead, replacing the earlier horizon.","{""periods"":9,""unit"":""day""}","{""periods"":9,""unit"":""day""}",provided,provided
constrained,natural-v6-20261005/stocks/02,natural_component,2,correction,target_column,new_unmentioned_slot,True,"Correction: I need 9 days ahead, replacing the earlier horizon.",,"""raw closing share price, without adjusting corporate actions""",,provided
constrained,natural-v6-20261005/stocks/02,natural_component,2,correction,target_unit,repeated_prior_fact,True,"Correction: I need 9 days ahead, replacing the earlier horizon.",,"""GBP per share""",,provided
constrained,natural-v6-20261005/stocks/03,natural_component,1,initial,file_format,omitted_slot,False,"Help me forecast total share return including dividends, measured in percent. Observations are weekly; I need 5 weeks ahead. I will upload CSV data.","""csv""",,provided,
constrained,natural-v6-20261005/stocks/03,natural_component,1,initial,forecast_horizon,omitted_slot,False,"Help me forecast total share return including dividends, measured in percent. Observations are weekly; I need 5 weeks ahead. I will upload CSV data.","{""periods"":5,""unit"":""week""}",,provided,
constrained,natural-v6-20261005/stocks/03,natural_component,1,initial,frequency,wrong_value_or_type,False,"Help me forecast total share return including dividends, measured in percent. Observations are weekly; I need 5 weeks ahead. I will upload CSV data.","{""periods"":1,""unit"":""week""}","{""periods"":7,""unit"":""week""}",provided,provided
constrained,natural-v6-20261005/stocks/03,natural_component,1,initial,source_mode,exact_content,False,"Help me forecast total share return including dividends, measured in percent. Observations are weekly; I need 5 weeks ahead. I will upload CSV data.","""upload""","""upload""",provided,provided
constrained,natural-v6-20261005/stocks/03,natural_component,1,initial,target_description,wrong_value_or_type,False,"Help me forecast total share return including dividends, measured in percent. Observations are weekly; I need 5 weeks ahead. I will upload CSV data.","""total share return including dividends""","""total share return including dividends, measured in percent""",provided,provided
constrained,natural-v6-20261005/stocks/03,natural_component,1,initial,target_unit,omitted_slot,False,"Help me forecast total share return including dividends, measured in percent. Observations are weekly; I need 5 weeks ahead. I will upload CSV data.","""percent""",,provided,
constrained,natural-v6-20261005/stocks/03,natural_component,2,correction,forecast_horizon,normalization_only,False,"I changed my mind about the horizon. Forecast the next 8 weeks, please.","{""periods"":8,""unit"":""week""}","{""periods"":8.0,""unit"":""week""}",provided,provided
constrained,natural-v6-20261005/stocks/04,natural_component,1,initial,forecast_horizon,exact_content,False,"Forecast trading volume, measured in shares, from daily observations for the next 9 days. Read the target from volume_shares and the timestamp from trade_date.","{""periods"":9,""unit"":""day""}","{""periods"":9,""unit"":""day""}",provided,provided
constrained,natural-v6-20261005/stocks/04,natural_component,1,initial,frequency,omitted_slot,False,"Forecast trading volume, measured in shares, from daily observations for the next 9 days. Read the target from volume_shares and the timestamp from trade_date.","{""periods"":1,""unit"":""day""}",,provided,
constrained,natural-v6-20261005/stocks/04,natural_component,1,initial,target_column,exact_content,False,"Forecast trading volume, measured in shares, from daily observations for the next 9 days. Read the target from volume_shares and the timestamp from trade_date.","""volume_shares""","""volume_shares""",provided,provided
constrained,natural-v6-20261005/stocks/04,natural_component,1,initial,target_description,wrong_value_or_type,False,"Forecast trading volume, measured in shares, from daily observations for the next 9 days. Read the target from volume_shares and the timestamp from trade_date.","""trading volume""","""trading volume, measured in shares""",provided,provided
constrained,natural-v6-20261005/stocks/04,natural_component,1,initial,target_unit,omitted_slot,False,"Forecast trading volume, measured in shares, from daily observations for the next 9 days. Read the target from volume_shares and the timestamp from trade_date.","""shares""",,provided,
constrained,natural-v6-20261005/stocks/04,natural_component,1,initial,time_column,omitted_slot,False,"Forecast trading volume, measured in shares, from daily observations for the next 9 days. Read the target from volume_shares and the timestamp from trade_date.","""trade_date""",,provided,
constrained,natural-v6-20261005/stocks/04,natural_component,2,correction,forecast_horizon,exact_content,True,That previous forecast horizon is wrong: make it 12 days.,"{""periods"":12,""unit"":""day""}","{""periods"":12,""unit"":""day""}",provided,provided
constrained,natural-v6-20261005/stocks/05,natural_component,1,initial,forecast_horizon,exact_content,True,"Please predict the dividend yield in percent. This series is monthly, and the horizon should be 4 months.","{""periods"":4,""unit"":""month""}","{""periods"":4,""unit"":""month""}",provided,provided
constrained,natural-v6-20261005/stocks/05,natural_component,1,initial,frequency,exact_content,True,"Please predict the dividend yield in percent. This series is monthly, and the horizon should be 4 months.","{""periods"":1,""unit"":""month""}","{""periods"":1,""unit"":""month""}",provided,provided
constrained,natural-v6-20261005/stocks/05,natural_component,1,initial,target_description,wrong_value_or_type,True,"Please predict the dividend yield in percent. This series is monthly, and the horizon should be 4 months.","""dividend yield""","""dividend yield in percent""",provided,provided
constrained,natural-v6-20261005/stocks/05,natural_component,1,initial,target_unit,omitted_slot,True,"Please predict the dividend yield in percent. This series is monthly, and the horizon should be 4 months.","""percent""",,provided,
constrained,natural-v6-20261005/stocks/05,natural_component,2,correction,forecast_horizon,exact_content,True,Please revise the forecast horizon to 7 months. Everything else stays the same.,"{""periods"":7,""unit"":""month""}","{""periods"":7,""unit"":""month""}",provided,provided
constrained,natural-v6-20261005/stocks/05,natural_component,2,correction,target_column,new_unmentioned_slot,True,Please revise the forecast horizon to 7 months. Everything else stays the same.,,"""dividend yield""",,provided
constrained,natural-v6-20261005/stocks/06,natural_component,1,initial,file_format,exact_content,True,"I need a forecast of adjusted closing share price. It is in EUR per share, sampled hourly, and I want 16 hours ahead. The file format is parquet.","""parquet""","""parquet""",provided,provided
constrained,natural-v6-20261005/stocks/06,natural_component,1,initial,forecast_horizon,exact_content,True,"I need a forecast of adjusted closing share price. It is in EUR per share, sampled hourly, and I want 16 hours ahead. The file format is parquet.","{""periods"":16,""unit"":""hour""}","{""periods"":16,""unit"":""hour""}",provided,provided
constrained,natural-v6-20261005/stocks/06,natural_component,1,initial,frequency,omitted_slot,True,"I need a forecast of adjusted closing share price. It is in EUR per share, sampled hourly, and I want 16 hours ahead. The file format is parquet.","{""periods"":1,""unit"":""hour""}",,provided,
constrained,natural-v6-20261005/stocks/06,natural_component,1,initial,target_description,exact_content,True,"I need a forecast of adjusted closing share price. It is in EUR per share, sampled hourly, and I want 16 hours ahead. The file format is parquet.","""adjusted closing share price""","""adjusted closing share price""",provided,provided
constrained,natural-v6-20261005/stocks/06,natural_component,1,initial,target_unit,exact_content,True,"I need a forecast of adjusted closing share price. It is in EUR per share, sampled hourly, and I want 16 hours ahead. The file format is parquet.","""EUR per share""","""EUR per share""",provided,provided
constrained,natural-v6-20261005/stocks/06,natural_component,2,correction,forecast_horizon,exact_content,True,Use 19 hours for the forecast horizon instead of my earlier request.,"{""periods"":19,""unit"":""hour""}","{""periods"":19,""unit"":""hour""}",provided,provided
constrained,natural-v6-20261005/stocks/06,natural_component,2,correction,target_column,new_unmentioned_slot,True,Use 19 hours for the forecast horizon instead of my earlier request.,,"""adjusted closing share price""",,provided
constrained,natural-v6-20261005/stocks/06,natural_component,2,correction,target_unit,repeated_prior_fact,True,Use 19 hours for the forecast horizon instead of my earlier request.,,"""EUR per share""",,provided
constrained,natural-v6-20261005/stocks/06,natural_component,3,unknown,prediction_interval_levels,new_unmentioned_slot,True,"I need your questions about timezone, seasonal periods and prediction interval levels because I don't know them.",,"[90,95,99]",,provided
constrained,natural-v6-20261005/stocks/06,natural_component,3,unknown,seasonal_periods,new_unmentioned_slot,True,"I need your questions about timezone, seasonal periods and prediction interval levels because I don't know them.",,"[12,24,36]",,provided
constrained,natural-v6-20261005/stocks/06,natural_component,3,unknown,timezone,new_unmentioned_slot,True,"I need your questions about timezone, seasonal periods and prediction interval levels because I don't know them.",,"""UTC""",,provided
constrained,natural-v6-20261005/stocks/07,natural_component,1,initial,forecast_horizon,exact_content,False,Could you forecast daily log share return in percent? There is one observation per day. Predict 12 days ahead but refresh the forecast every 3 days.,"{""periods"":12,""unit"":""day""}","{""periods"":12,""unit"":""day""}",provided,provided
constrained,natural-v6-20261005/stocks/07,natural_component,1,initial,frequency,exact_content,False,Could you forecast daily log share return in percent? There is one observation per day. Predict 12 days ahead but refresh the forecast every 3 days.,"{""periods"":1,""unit"":""day""}","{""periods"":1,""unit"":""day""}",provided,provided
constrained,natural-v6-20261005/stocks/07,natural_component,1,initial,prediction_frequency,omitted_slot,False,Could you forecast daily log share return in percent? There is one observation per day. Predict 12 days ahead but refresh the forecast every 3 days.,"{""periods"":3,""unit"":""day""}",,provided,
constrained,natural-v6-20261005/stocks/07,natural_component,1,initial,target_description,wrong_value_or_type,False,Could you forecast daily log share return in percent? There is one observation per day. Predict 12 days ahead but refresh the forecast every 3 days.,"""daily log share return""","""daily log share return in percent""",provided,provided
constrained,natural-v6-20261005/stocks/07,natural_component,1,initial,target_unit,omitted_slot,False,Could you forecast daily log share return in percent? There is one observation per day. Predict 12 days ahead but refresh the forecast every 3 days.,"""percent""",,provided,
constrained,natural-v6-20261005/stocks/07,natural_component,2,correction,forecast_horizon,normalization_only,True,One correction to my specification: the forecast horizon is now 15 days.,"{""periods"":15,""unit"":""day""}","{""periods"":15.0,""unit"":""day""}",provided,provided
constrained,natural-v6-20261005/stocks/08,natural_component,1,initial,file_format,omitted_slot,False,I want to forecast ETF trading volume in shares. I have weekly data and need the next 6 weeks. I will upload the spreadsheet in xlsx format.,"""xlsx""",,provided,
constrained,natural-v6-20261005/stocks/08,natural_component,1,initial,forecast_horizon,omitted_slot,False,I want to forecast ETF trading volume in shares. I have weekly data and need the next 6 weeks. I will upload the spreadsheet in xlsx format.,"{""periods"":6,""unit"":""week""}",,provided,
constrained,natural-v6-20261005/stocks/08,natural_component,1,initial,frequency,exact_content,False,I want to forecast ETF trading volume in shares. I have weekly data and need the next 6 weeks. I will upload the spreadsheet in xlsx format.,"{""periods"":1,""unit"":""week""}","{""periods"":1,""unit"":""week""}",provided,provided
constrained,natural-v6-20261005/stocks/08,natural_component,1,initial,source_mode,exact_content,False,I want to forecast ETF trading volume in shares. I have weekly data and need the next 6 weeks. I will upload the spreadsheet in xlsx format.,"""upload""","""upload""",provided,provided
constrained,natural-v6-20261005/stocks/08,natural_component,1,initial,target_description,wrong_value_or_type,False,I want to forecast ETF trading volume in shares. I have weekly data and need the next 6 weeks. I will upload the spreadsheet in xlsx format.,"""ETF trading volume""","""ETF trading volume in shares""",provided,provided
constrained,natural-v6-20261005/stocks/08,natural_component,1,initial,target_unit,omitted_slot,False,I want to forecast ETF trading volume in shares. I have weekly data and need the next 6 weeks. I will upload the spreadsheet in xlsx format.,"""shares""",,provided,
constrained,natural-v6-20261005/stocks/08,natural_component,2,correction,forecast_horizon,exact_content,True,Replace the horizon I gave you with 9 weeks.,"{""periods"":9,""unit"":""week""}","{""periods"":9,""unit"":""week""}",provided,provided
constrained,natural-v6-20261005/stocks/08,natural_component,2,correction,target_column,new_unmentioned_slot,True,Replace the horizon I gave you with 9 weeks.,,"""ETF trading volume""",,provided
constrained,natural-v6-20261005/stocks/08,natural_component,2,correction,target_unit,repeated_prior_fact,True,Replace the horizon I gave you with 9 weeks.,,"""shares""",,provided
constrained,natural-v6-20261005/crypto/01,natural_component,1,initial,forecast_horizon,exact_content,True,"Can you forecast BTC/USD spot price in USD per BTC? My observations are hourly and I want 20 hours ahead, not a futures price.","{""periods"":20,""unit"":""hour""}","{""periods"":20,""unit"":""hour""}",provided,provided
constrained,natural-v6-20261005/crypto/01,natural_component,1,initial,frequency,exact_content,True,"Can you forecast BTC/USD spot price in USD per BTC? My observations are hourly and I want 20 hours ahead, not a futures price.","{""periods"":1,""unit"":""hour""}","{""periods"":1,""unit"":""hour""}",provided,provided
constrained,natural-v6-20261005/crypto/01,natural_component,1,initial,target_description,wrong_value_or_type,True,"Can you forecast BTC/USD spot price in USD per BTC? My observations are hourly and I want 20 hours ahead, not a futures price.","""BTC/USD spot price""","""BTC/USD spot price in USD per BTC""",provided,provided
constrained,natural-v6-20261005/crypto/01,natural_component,1,initial,target_unit,exact_content,True,"Can you forecast BTC/USD spot price in USD per BTC? My observations are hourly and I want 20 hours ahead, not a futures price.","""USD per BTC""","""USD per BTC""",provided,provided
constrained,natural-v6-20261005/crypto/01,natural_component,2,correction,forecast_horizon,normalization_only,True,"Actually, change the forecast horizon to 23 hours instead. Leave the other requirements alone.","{""periods"":23,""unit"":""hour""}","{""periods"":23.0,""unit"":""hour""}",provided,provided
constrained,natural-v6-20261005/crypto/01,natural_component,2,correction,target_column,new_unmentioned_slot,True,"Actually, change the forecast horizon to 23 hours instead. Leave the other requirements alone.",,"""BTC/USD spot price""",,provided
constrained,natural-v6-20261005/crypto/02,natural_component,1,initial,forecast_horizon,exact_content,True,"Please predict ETH trading volume, in ETH, using observations every 2 hours. I need the next 14 hours.","{""periods"":14,""unit"":""hour""}","{""periods"":14,""unit"":""hour""}",provided,provided
constrained,natural-v6-20261005/crypto/02,natural_component,1,initial,frequency,exact_content,True,"Please predict ETH trading volume, in ETH, using observations every 2 hours. I need the next 14 hours.","{""periods"":2,""unit"":""hour""}","{""periods"":2,""unit"":""hour""}",provided,provided
constrained,natural-v6-20261005/crypto/02,natural_component,1,initial,target_description,wrong_value_or_type,True,"Please predict ETH trading volume, in ETH, using observations every 2 hours. I need the next 14 hours.","""ETH trading volume""","""ETH trading volume, in ETH""",provided,provided
constrained,natural-v6-20261005/crypto/02,natural_component,1,initial,target_unit,omitted_slot,True,"Please predict ETH trading volume, in ETH, using observations every 2 hours. I need the next 14 hours.","""ETH""",,provided,
constrained,natural-v6-20261005/crypto/02,natural_component,2,correction,forecast_horizon,exact_content,True,"Correction: I need 17 hours ahead, replacing the earlier horizon.","{""periods"":17,""unit"":""hour""}","{""periods"":17,""unit"":""hour""}",provided,provided
constrained,natural-v6-20261005/crypto/02,natural_component,2,correction,forecast_start,new_unmentioned_slot,True,"Correction: I need 17 hours ahead, replacing the earlier horizon.",,"""2024-01-01T00:00:00Z""",,provided
constrained,natural-v6-20261005/crypto/02,natural_component,2,correction,frequency,new_unmentioned_slot,True,"Correction: I need 17 hours ahead, replacing the earlier horizon.",,"{""periods"":1,""unit"":""hour""}",,provided
constrained,natural-v6-20261005/crypto/03,natural_component,1,initial,file_format,omitted_slot,False,Help me forecast perpetual-swap funding rate. Units are percent per 8 hours and observations come every 8 hours. Look ahead 48 hours. I will upload CSV data.,"""csv""",,provided,
constrained,natural-v6-20261005/crypto/03,natural_component,1,initial,forecast_horizon,exact_content,False,Help me forecast perpetual-swap funding rate. Units are percent per 8 hours and observations come every 8 hours. Look ahead 48 hours. I will upload CSV data.,"{""periods"":48,""unit"":""hour""}","{""periods"":48,""unit"":""hour""}",provided,provided
constrained,natural-v6-20261005/crypto/03,natural_component,1,initial,frequency,omitted_slot,False,Help me forecast perpetual-swap funding rate. Units are percent per 8 hours and observations come every 8 hours. Look ahead 48 hours. I will upload CSV data.,"{""periods"":8,""unit"":""hour""}",,provided,
constrained,natural-v6-20261005/crypto/03,natural_component,1,initial,source_mode,exact_content,False,Help me forecast perpetual-swap funding rate. Units are percent per 8 hours and observations come every 8 hours. Look ahead 48 hours. I will upload CSV data.,"""upload""","""upload""",provided,provided
constrained,natural-v6-20261005/crypto/03,natural_component,1,initial,target_description,exact_content,False,Help me forecast perpetual-swap funding rate. Units are percent per 8 hours and observations come every 8 hours. Look ahead 48 hours. I will upload CSV data.,"""perpetual-swap funding rate""","""perpetual-swap funding rate""",provided,provided
constrained,natural-v6-20261005/crypto/03,natural_component,1,initial,target_unit,exact_content,False,Help me forecast perpetual-swap funding rate. Units are percent per 8 hours and observations come every 8 hours. Look ahead 48 hours. I will upload CSV data.,"""percent per 8 hours""","""percent per 8 hours""",provided,provided
constrained,natural-v6-20261005/crypto/03,natural_component,2,correction,forecast_horizon,normalization_only,False,"I changed my mind about the horizon. Forecast the next 51 hours, please.","{""periods"":51,""unit"":""hour""}","{""periods"":51.0,""unit"":""hour""}",provided,provided
constrained,natural-v6-20261005/crypto/04,natural_component,1,initial,forecast_horizon,omitted_slot,False,I need a forecast of futures open interest in contracts. This is hourly data and the horizon is 30 hours. Read open_contracts as the target and event_time as the timestamp.,"{""periods"":30,""unit"":""hour""}",,provided,
constrained,natural-v6-20261005/crypto/04,natural_component,1,initial,frequency,exact_content,False,I need a forecast of futures open interest in contracts. This is hourly data and the horizon is 30 hours. Read open_contracts as the target and event_time as the timestamp.,"{""periods"":1,""unit"":""hour""}","{""periods"":1,""unit"":""hour""}",provided,provided
constrained,natural-v6-20261005/crypto/04,natural_component,1,initial,target_column,exact_content,False,I need a forecast of futures open interest in contracts. This is hourly data and the horizon is 30 hours. Read open_contracts as the target and event_time as the timestamp.,"""open_contracts""","""open_contracts""",provided,provided
constrained,natural-v6-20261005/crypto/04,natural_component,1,initial,target_description,wrong_value_or_type,False,I need a forecast of futures open interest in contracts. This is hourly data and the horizon is 30 hours. Read open_contracts as the target and event_time as the timestamp.,"""futures open interest""","""futures open interest in contracts""",provided,provided
constrained,natural-v6-20261005/crypto/04,natural_component,1,initial,target_unit,omitted_slot,False,I need a forecast of futures open interest in contracts. This is hourly data and the horizon is 30 hours. Read open_contracts as the target and event_time as the timestamp.,"""contracts""",,provided,
constrained,natural-v6-20261005/crypto/04,natural_component,1,initial,time_column,omitted_slot,False,I need a forecast of futures open interest in contracts. This is hourly data and the horizon is 30 hours. Read open_contracts as the target and event_time as the timestamp.,"""event_time""",,provided,
constrained,natural-v6-20261005/crypto/04,natural_component,2,correction,forecast_horizon,exact_content,True,That previous forecast horizon is wrong: make it 33 hours.,"{""periods"":33,""unit"":""hour""}","{""periods"":33,""unit"":""hour""}",provided,provided
constrained,natural-v6-20261005/crypto/05,natural_component,1,initial,forecast_horizon,exact_content,False,"Please forecast realized volatility, in percent per year, from daily observations for the next 7 days.","{""periods"":7,""unit"":""day""}","{""periods"":7,""unit"":""day""}",provided,provided
constrained,natural-v6-20261005/crypto/05,natural_component,1,initial,frequency,exact_content,False,"Please forecast realized volatility, in percent per year, from daily observations for the next 7 days.","{""periods"":1,""unit"":""day""}","{""periods"":1,""unit"":""day""}",provided,provided
constrained,natural-v6-20261005/crypto/05,natural_component,1,initial,target_description,wrong_value_or_type,False,"Please forecast realized volatility, in percent per year, from daily observations for the next 7 days.","""realized volatility""","""realized volatility, in percent per year""",provided,provided
constrained,natural-v6-20261005/crypto/05,natural_component,1,initial,target_unit,omitted_slot,False,"Please forecast realized volatility, in percent per year, from daily observations for the next 7 days.","""percent per year""",,provided,
constrained,natural-v6-20261005/crypto/05,natural_component,2,correction,forecast_horizon,normalization_only,True,Please revise the forecast horizon to 10 days. Everything else stays the same.,"{""periods"":10,""unit"":""day""}","{""periods"":10.0,""unit"":""day""}",provided,provided
constrained,natural-v6-20261005/crypto/05,natural_component,2,correction,target_column,new_unmentioned_slot,True,Please revise the forecast horizon to 10 days. Everything else stays the same.,,"""realized volatility""",,provided
constrained,natural-v6-20261005/crypto/06,natural_component,1,initial,file_format,exact_content,True,"Predict futures-minus-spot basis, measured in basis points. Each observation is 1 hour apart; I need a 2 day horizon. The file will be parquet.","""parquet""","""parquet""",provided,provided
constrained,natural-v6-20261005/crypto/06,natural_component,1,initial,forecast_horizon,exact_content,True,"Predict futures-minus-spot basis, measured in basis points. Each observation is 1 hour apart; I need a 2 day horizon. The file will be parquet.","{""periods"":2,""unit"":""day""}","{""periods"":2,""unit"":""day""}",provided,provided
constrained,natural-v6-20261005/crypto/06,natural_component,1,initial,frequency,exact_content,True,"Predict futures-minus-spot basis, measured in basis points. Each observation is 1 hour apart; I need a 2 day horizon. The file will be parquet.","{""periods"":1,""unit"":""hour""}","{""periods"":1,""unit"":""hour""}",provided,provided
constrained,natural-v6-20261005/crypto/06,natural_component,1,initial,target_description,wrong_value_or_type,True,"Predict futures-minus-spot basis, measured in basis points. Each observation is 1 hour apart; I need a 2 day horizon. The file will be parquet.","""futures-minus-spot basis""","""futures-minus-spot basis, measured in basis points""",provided,provided
constrained,natural-v6-20261005/crypto/06,natural_component,1,initial,target_unit,omitted_slot,True,"Predict futures-minus-spot basis, measured in basis points. Each observation is 1 hour apart; I need a 2 day horizon. The file will be parquet.","""basis points""",,provided,
constrained,natural-v6-20261005/crypto/06,natural_component,2,correction,forecast_horizon,normalization_only,True,Use 5 days for the forecast horizon instead of my earlier request.,"{""periods"":5,""unit"":""day""}","{""periods"":5.0,""unit"":""day""}",provided,provided
constrained,natural-v6-20261005/crypto/06,natural_component,2,correction,target_column,new_unmentioned_slot,True,Use 5 days for the forecast horizon instead of my earlier request.,,"""futures-minus-spot basis""",,provided
constrained,natural-v6-20261005/crypto/06,natural_component,2,correction,target_unit,repeated_prior_fact,True,Use 5 days for the forecast horizon instead of my earlier request.,,"""basis points""",,provided
constrained,natural-v6-20261005/crypto/07,natural_component,1,initial,forecast_horizon,exact_content,True,"Can you forecast BTC log return in percent? I have one observation every hour. Predict 18 hours ahead, but make a fresh forecast every 6 hours.","{""periods"":18,""unit"":""hour""}","{""periods"":18,""unit"":""hour""}",provided,provided
constrained,natural-v6-20261005/crypto/07,natural_component,1,initial,frequency,exact_content,True,"Can you forecast BTC log return in percent? I have one observation every hour. Predict 18 hours ahead, but make a fresh forecast every 6 hours.","{""periods"":1,""unit"":""hour""}","{""periods"":1,""unit"":""hour""}",provided,provided
constrained,natural-v6-20261005/crypto/07,natural_component,1,initial,prediction_frequency,omitted_slot,True,"Can you forecast BTC log return in percent? I have one observation every hour. Predict 18 hours ahead, but make a fresh forecast every 6 hours.","{""periods"":6,""unit"":""hour""}",,provided,
constrained,natural-v6-20261005/crypto/07,natural_component,1,initial,target_description,wrong_value_or_type,True,"Can you forecast BTC log return in percent? I have one observation every hour. Predict 18 hours ahead, but make a fresh forecast every 6 hours.","""BTC log return""","""BTC log return in percent""",provided,provided
constrained,natural-v6-20261005/crypto/07,natural_component,1,initial,target_unit,omitted_slot,True,"Can you forecast BTC log return in percent? I have one observation every hour. Predict 18 hours ahead, but make a fresh forecast every 6 hours.","""percent""",,provided,
constrained,natural-v6-20261005/crypto/07,natural_component,2,correction,forecast_horizon,normalization_only,True,One correction to my specification: the forecast horizon is now 21 hours.,"{""periods"":21,""unit"":""hour""}","{""periods"":21.0,""unit"":""hour""}",provided,provided
constrained,natural-v6-20261005/crypto/08,natural_component,1,initial,file_format,omitted_slot,True,I want a forecast of digital-asset market capitalization in millions of USD. We observe it daily and need 15 days ahead. I will upload JSON data.,"""json""",,provided,
constrained,natural-v6-20261005/crypto/08,natural_component,1,initial,forecast_horizon,omitted_slot,True,I want a forecast of digital-asset market capitalization in millions of USD. We observe it daily and need 15 days ahead. I will upload JSON data.,"{""periods"":15,""unit"":""day""}",,provided,
constrained,natural-v6-20261005/crypto/08,natural_component,1,initial,frequency,exact_content,True,I want a forecast of digital-asset market capitalization in millions of USD. We observe it daily and need 15 days ahead. I will upload JSON data.,"{""periods"":1,""unit"":""day""}","{""periods"":1,""unit"":""day""}",provided,provided
constrained,natural-v6-20261005/crypto/08,natural_component,1,initial,source_mode,exact_content,True,I want a forecast of digital-asset market capitalization in millions of USD. We observe it daily and need 15 days ahead. I will upload JSON data.,"""upload""","""upload""",provided,provided
constrained,natural-v6-20261005/crypto/08,natural_component,1,initial,target_description,wrong_value_or_type,True,I want a forecast of digital-asset market capitalization in millions of USD. We observe it daily and need 15 days ahead. I will upload JSON data.,"""digital-asset market capitalization""","""digital-asset market capitalization in millions of USD""",provided,provided
constrained,natural-v6-20261005/crypto/08,natural_component,1,initial,target_unit,omitted_slot,True,I want a forecast of digital-asset market capitalization in millions of USD. We observe it daily and need 15 days ahead. I will upload JSON data.,"""millions of USD""",,provided,
constrained,natural-v6-20261005/crypto/08,natural_component,2,correction,forecast_horizon,normalization_only,True,Replace the horizon I gave you with 18 days.,"{""periods"":18,""unit"":""day""}","{""periods"":18.0,""unit"":""day""}",provided,provided
constrained,natural-v6-20261005/crypto/08,natural_component,2,correction,target_column,new_unmentioned_slot,True,Replace the horizon I gave you with 18 days.,,"""digital-asset market capitalization""",,provided
constrained,natural-v6-20261005/crypto/08,natural_component,2,correction,target_unit,repeated_prior_fact,True,Replace the horizon I gave you with 18 days.,,"""millions of USD""",,provided
original,natural-v6-20261005/weather/01,natural_rollout,1,initial,file_format,normalization_only,True,"Could you forecast afternoon air temperature? My readings are daily, in degrees Celsius, and I need the next 5 days. The file is CSV.","""csv""","""CSV""",provided,provided
original,natural-v6-20261005/weather/01,natural_rollout,1,initial,forecast_horizon,omitted_slot,True,"Could you forecast afternoon air temperature? My readings are daily, in degrees Celsius, and I need the next 5 days. The file is CSV.","{""periods"":5,""unit"":""day""}",,provided,
original,natural-v6-20261005/weather/01,natural_rollout,1,initial,frequency,exact_content,True,"Could you forecast afternoon air temperature? My readings are daily, in degrees Celsius, and I need the next 5 days. The file is CSV.","{""periods"":1,""unit"":""day""}","{""periods"":1,""unit"":""day""}",provided,provided
original,natural-v6-20261005/weather/01,natural_rollout,1,initial,target_description,exact_content,True,"Could you forecast afternoon air temperature? My readings are daily, in degrees Celsius, and I need the next 5 days. The file is CSV.","""afternoon air temperature""","""afternoon air temperature""",provided,provided
original,natural-v6-20261005/weather/01,natural_rollout,1,initial,target_unit,omitted_slot,True,"Could you forecast afternoon air temperature? My readings are daily, in degrees Celsius, and I need the next 5 days. The file is CSV.","""degrees Celsius""",,provided,
original,natural-v6-20261005/weather/01,natural_rollout,2,correction,forecast_horizon,exact_content,True,"Actually, change the forecast horizon to 8 days instead. Leave the other requirements alone.","{""periods"":8,""unit"":""day""}","{""periods"":8,""unit"":""day""}",provided,provided
original,natural-v6-20261005/weather/02,natural_rollout,1,initial,forecast_horizon,exact_content,False,"Rain is what I care about: please predict accumulated rainfall, measured in millimetres. I have hourly readings and want 36 hours ahead.","{""periods"":36,""unit"":""hour""}","{""periods"":36,""unit"":""hour""}",provided,provided
original,natural-v6-20261005/weather/02,natural_rollout,1,initial,frequency,exact_content,False,"Rain is what I care about: please predict accumulated rainfall, measured in millimetres. I have hourly readings and want 36 hours ahead.","{""periods"":1,""unit"":""hour""}","{""periods"":1,""unit"":""hour""}",provided,provided
original,natural-v6-20261005/weather/02,natural_rollout,1,initial,target_description,wrong_value_or_type,False,"Rain is what I care about: please predict accumulated rainfall, measured in millimetres. I have hourly readings and want 36 hours ahead.","""accumulated rainfall""","""accumulated rainfall, measured in millimetres""",provided,provided
original,natural-v6-20261005/weather/02,natural_rollout,1,initial,target_unit,omitted_slot,False,"Rain is what I care about: please predict accumulated rainfall, measured in millimetres. I have hourly readings and want 36 hours ahead.","""millimetres""",,provided,
original,natural-v6-20261005/weather/02,natural_rollout,2,correction,forecast_horizon,exact_content,True,"Correction: I need 39 hours ahead, replacing the earlier horizon.","{""periods"":39,""unit"":""hour""}","{""periods"":39,""unit"":""hour""}",provided,provided
original,natural-v6-20261005/weather/03,natural_rollout,1,initial,file_format,exact_content,True,"I need a forecast of peak wind speed in metres per second, every hour, out to 12 hours. I will upload the data as parquet.","""parquet""","""parquet""",provided,provided
original,natural-v6-20261005/weather/03,natural_rollout,1,initial,forecast_horizon,exact_content,True,"I need a forecast of peak wind speed in metres per second, every hour, out to 12 hours. I will upload the data as parquet.","{""periods"":12,""unit"":""hour""}","{""periods"":12,""unit"":""hour""}",provided,provided
original,natural-v6-20261005/weather/03,natural_rollout,1,initial,frequency,exact_content,True,"I need a forecast of peak wind speed in metres per second, every hour, out to 12 hours. I will upload the data as parquet.","{""periods"":1,""unit"":""hour""}","{""periods"":1,""unit"":""hour""}",provided,provided
original,natural-v6-20261005/weather/03,natural_rollout,1,initial,source_mode,omitted_slot,True,"I need a forecast of peak wind speed in metres per second, every hour, out to 12 hours. I will upload the data as parquet.","""upload""",,provided,
original,natural-v6-20261005/weather/03,natural_rollout,1,initial,target_description,wrong_value_or_type,True,"I need a forecast of peak wind speed in metres per second, every hour, out to 12 hours. I will upload the data as parquet.","""peak wind speed""","""peak wind speed in metres per second, every hour, out to 12 hours""",provided,provided
original,natural-v6-20261005/weather/03,natural_rollout,1,initial,target_unit,omitted_slot,True,"I need a forecast of peak wind speed in metres per second, every hour, out to 12 hours. I will upload the data as parquet.","""metres per second""",,provided,
original,natural-v6-20261005/weather/03,natural_rollout,2,correction,forecast_horizon,exact_content,True,"I changed my mind about the horizon. Forecast the next 15 hours, please.","{""periods"":15,""unit"":""hour""}","{""periods"":15,""unit"":""hour""}",provided,provided
original,natural-v6-20261005/weather/04,natural_rollout,1,initial,forecast_horizon,exact_content,True,"Help me predict relative humidity. It is in percent, observed daily; look ahead 9 days. Read humidity_pct as the target and observation_date as the timestamp.","{""periods"":9,""unit"":""day""}","{""periods"":9,""unit"":""day""}",provided,provided
original,natural-v6-20261005/weather/04,natural_rollout,1,initial,frequency,omitted_slot,True,"Help me predict relative humidity. It is in percent, observed daily; look ahead 9 days. Read humidity_pct as the target and observation_date as the timestamp.","{""periods"":1,""unit"":""day""}",,provided,
original,natural-v6-20261005/weather/04,natural_rollout,1,initial,target_column,exact_content,True,"Help me predict relative humidity. It is in percent, observed daily; look ahead 9 days. Read humidity_pct as the target and observation_date as the timestamp.","""humidity_pct""","""humidity_pct""",provided,provided
original,natural-v6-20261005/weather/04,natural_rollout,1,initial,target_description,exact_content,True,"Help me predict relative humidity. It is in percent, observed daily; look ahead 9 days. Read humidity_pct as the target and observation_date as the timestamp.","""relative humidity""","""relative humidity""",provided,provided
original,natural-v6-20261005/weather/04,natural_rollout,1,initial,target_unit,exact_content,True,"Help me predict relative humidity. It is in percent, observed daily; look ahead 9 days. Read humidity_pct as the target and observation_date as the timestamp.","""percent""","""percent""",provided,provided
original,natural-v6-20261005/weather/04,natural_rollout,1,initial,time_column,exact_content,True,"Help me predict relative humidity. It is in percent, observed daily; look ahead 9 days. Read humidity_pct as the target and observation_date as the timestamp.","""observation_date""","""observation_date""",provided,provided
original,natural-v6-20261005/weather/04,natural_rollout,2,correction,forecast_horizon,exact_content,True,That previous forecast horizon is wrong: make it 12 days.,"{""periods"":12,""unit"":""day""}","{""periods"":12,""unit"":""day""}",provided,provided
original,natural-v6-20261005/weather/05,natural_rollout,1,initial,forecast_horizon,exact_content,True,"What I want forecast is cloud cover, in percent. We record it every 3 hours. Please look 18 hours into the future.","{""periods"":18,""unit"":""hour""}","{""periods"":18,""unit"":""hour""}",provided,provided
original,natural-v6-20261005/weather/05,natural_rollout,1,initial,frequency,exact_content,True,"What I want forecast is cloud cover, in percent. We record it every 3 hours. Please look 18 hours into the future.","{""periods"":3,""unit"":""hour""}","{""periods"":3,""unit"":""hour""}",provided,provided
original,natural-v6-20261005/weather/05,natural_rollout,1,initial,target_description,wrong_value_or_type,True,"What I want forecast is cloud cover, in percent. We record it every 3 hours. Please look 18 hours into the future.","""cloud cover""","""cloud cover, in percent""",provided,provided
original,natural-v6-20261005/weather/05,natural_rollout,1,initial,target_unit,omitted_slot,True,"What I want forecast is cloud cover, in percent. We record it every 3 hours. Please look 18 hours into the future.","""percent""",,provided,
original,natural-v6-20261005/weather/05,natural_rollout,2,correction,forecast_horizon,normalization_only,True,Please revise the forecast horizon to 21 hours. Everything else stays the same.,"{""periods"":21,""unit"":""hour""}","{""periods"":21.0,""unit"":""hour""}",provided,provided
original,natural-v6-20261005/weather/06,natural_rollout,1,initial,forecast_horizon,exact_content,True,Can we forecast sea-level pressure? Values are in hectopascals and arrive every 6 hours. I need a 2 day horizon.,"{""periods"":2,""unit"":""day""}","{""periods"":2,""unit"":""day""}",provided,provided
original,natural-v6-20261005/weather/06,natural_rollout,1,initial,frequency,exact_content,True,Can we forecast sea-level pressure? Values are in hectopascals and arrive every 6 hours. I need a 2 day horizon.,"{""periods"":6,""unit"":""hour""}","{""periods"":6,""unit"":""hour""}",provided,provided
original,natural-v6-20261005/weather/06,natural_rollout,1,initial,target_description,exact_content,True,Can we forecast sea-level pressure? Values are in hectopascals and arrive every 6 hours. I need a 2 day horizon.,"""sea-level pressure""","""sea-level pressure""",provided,provided
original,natural-v6-20261005/weather/06,natural_rollout,1,initial,target_unit,exact_content,True,Can we forecast sea-level pressure? Values are in hectopascals and arrive every 6 hours. I need a 2 day horizon.,"""hectopascals""","""hectopascals""",provided,provided
original,natural-v6-20261005/weather/06,natural_rollout,2,correction,forecast_horizon,normalization_only,True,Use 5 days for the forecast horizon instead of my earlier request.,"{""periods"":5,""unit"":""day""}","{""periods"":5.0,""unit"":""day""}",provided,provided
original,natural-v6-20261005/weather/06,natural_rollout,3,unknown,prediction_interval_levels,new_unmentioned_slot,True,"I need your questions about timezone, seasonal periods and prediction interval levels because I don't know them.",,"[10,90]",,provided
original,natural-v6-20261005/weather/06,natural_rollout,3,unknown,seasonal_periods,new_unmentioned_slot,True,"I need your questions about timezone, seasonal periods and prediction interval levels because I don't know them.",,"[{""periods"":2,""unit"":""day""},{""periods"":3,""unit"":""day""},{""periods"":4,""unit"":""day""},{""periods"":5,""unit"":""day""},{""periods"":6,""unit"":""day""}]",,provided
original,natural-v6-20261005/weather/06,natural_rollout,3,unknown,timezone,new_unmentioned_slot,True,"I need your questions about timezone, seasonal periods and prediction interval levels because I don't know them.",,"""timezone""",,provided
original,natural-v6-20261005/weather/07,natural_rollout,1,initial,forecast_horizon,exact_content,True,"Please predict overnight minimum temperature in degrees Fahrenheit. Observations are daily. Forecast 8 days ahead, and generate a fresh forecast every 2 days.","{""periods"":8,""unit"":""day""}","{""periods"":8,""unit"":""day""}",provided,provided
original,natural-v6-20261005/weather/07,natural_rollout,1,initial,frequency,exact_content,True,"Please predict overnight minimum temperature in degrees Fahrenheit. Observations are daily. Forecast 8 days ahead, and generate a fresh forecast every 2 days.","{""periods"":1,""unit"":""day""}","{""periods"":1,""unit"":""day""}",provided,provided
original,natural-v6-20261005/weather/07,natural_rollout,1,initial,prediction_frequency,exact_content,True,"Please predict overnight minimum temperature in degrees Fahrenheit. Observations are daily. Forecast 8 days ahead, and generate a fresh forecast every 2 days.","{""periods"":2,""unit"":""day""}","{""periods"":2,""unit"":""day""}",provided,provided
original,natural-v6-20261005/weather/07,natural_rollout,1,initial,target_description,wrong_value_or_type,True,"Please predict overnight minimum temperature in degrees Fahrenheit. Observations are daily. Forecast 8 days ahead, and generate a fresh forecast every 2 days.","""overnight minimum temperature""","""overnight minimum temperature in degrees Fahrenheit""",provided,provided
original,natural-v6-20261005/weather/07,natural_rollout,1,initial,target_unit,omitted_slot,True,"Please predict overnight minimum temperature in degrees Fahrenheit. Observations are daily. Forecast 8 days ahead, and generate a fresh forecast every 2 days.","""degrees Fahrenheit""",,provided,
original,natural-v6-20261005/weather/07,natural_rollout,2,correction,forecast_horizon,exact_content,True,One correction to my specification: the forecast horizon is now 11 days.,"{""periods"":11,""unit"":""day""}","{""periods"":11,""unit"":""day""}",provided,provided
original,natural-v6-20261005/weather/08,natural_rollout,1,initial,file_format,exact_content,True,"Build a forecast for sunshine duration, measured in hours, with one observation every week. I need the next 4 weeks. The uploaded file is xlsx.","""xlsx""","""xlsx""",provided,provided
original,natural-v6-20261005/weather/08,natural_rollout,1,initial,forecast_horizon,exact_content,True,"Build a forecast for sunshine duration, measured in hours, with one observation every week. I need the next 4 weeks. The uploaded file is xlsx.","{""periods"":4,""unit"":""week""}","{""periods"":4,""unit"":""week""}",provided,provided
original,natural-v6-20261005/weather/08,natural_rollout,1,initial,frequency,exact_content,True,"Build a forecast for sunshine duration, measured in hours, with one observation every week. I need the next 4 weeks. The uploaded file is xlsx.","{""periods"":1,""unit"":""week""}","{""periods"":1,""unit"":""week""}",provided,provided
original,natural-v6-20261005/weather/08,natural_rollout,1,initial,source_mode,omitted_slot,True,"Build a forecast for sunshine duration, measured in hours, with one observation every week. I need the next 4 weeks. The uploaded file is xlsx.","""upload""",,provided,
original,natural-v6-20261005/weather/08,natural_rollout,1,initial,target_description,wrong_value_or_type,True,"Build a forecast for sunshine duration, measured in hours, with one observation every week. I need the next 4 weeks. The uploaded file is xlsx.","""sunshine duration""","""sunshine duration, measured in hours, with one observation every week""",provided,provided
original,natural-v6-20261005/weather/08,natural_rollout,1,initial,target_unit,omitted_slot,True,"Build a forecast for sunshine duration, measured in hours, with one observation every week. I need the next 4 weeks. The uploaded file is xlsx.","""hours""",,provided,
original,natural-v6-20261005/weather/08,natural_rollout,2,correction,forecast_horizon,exact_content,True,Replace the horizon I gave you with 7 weeks.,"{""periods"":7,""unit"":""week""}","{""periods"":7,""unit"":""week""}",provided,provided
original,natural-v6-20261005/inflation/01,natural_rollout,1,initial,forecast_horizon,exact_content,True,"Please forecast year-over-year CPI inflation, in percent, from monthly observations. I need the coming 5 months, not a forecast of the CPI index.","{""periods"":5,""unit"":""month""}","{""periods"":5,""unit"":""month""}",provided,provided
original,natural-v6-20261005/inflation/01,natural_rollout,1,initial,frequency,omitted_slot,True,"Please forecast year-over-year CPI inflation, in percent, from monthly observations. I need the coming 5 months, not a forecast of the CPI index.","{""periods"":1,""unit"":""month""}",,provided,
original,natural-v6-20261005/inflation/01,natural_rollout,1,initial,target_description,wrong_value_or_type,True,"Please forecast year-over-year CPI inflation, in percent, from monthly observations. I need the coming 5 months, not a forecast of the CPI index.","""year-over-year CPI inflation""","""year-over-year CPI inflation, in percent""",provided,provided
original,natural-v6-20261005/inflation/01,natural_rollout,1,initial,target_unit,omitted_slot,True,"Please forecast year-over-year CPI inflation, in percent, from monthly observations. I need the coming 5 months, not a forecast of the CPI index.","""percent""",,provided,
original,natural-v6-20261005/inflation/01,natural_rollout,2,correction,forecast_horizon,exact_content,True,"Actually, change the forecast horizon to 8 months instead. Leave the other requirements alone.","{""periods"":8,""unit"":""month""}","{""periods"":8,""unit"":""month""}",provided,provided
original,natural-v6-20261005/inflation/02,natural_rollout,1,initial,forecast_horizon,exact_content,True,"Can you predict the headline CPI index level? Units are index points, base 2015=100. It is monthly and I want 8 months ahead.","{""periods"":8,""unit"":""month""}","{""periods"":8,""unit"":""month""}",provided,provided
original,natural-v6-20261005/inflation/02,natural_rollout,1,initial,frequency,exact_content,True,"Can you predict the headline CPI index level? Units are index points, base 2015=100. It is monthly and I want 8 months ahead.","{""periods"":1,""unit"":""month""}","{""periods"":1,""unit"":""month""}",provided,provided
original,natural-v6-20261005/inflation/02,natural_rollout,1,initial,target_description,exact_content,True,"Can you predict the headline CPI index level? Units are index points, base 2015=100. It is monthly and I want 8 months ahead.","""headline CPI index level""","""headline CPI index level""",provided,provided
original,natural-v6-20261005/inflation/02,natural_rollout,1,initial,target_unit,exact_content,True,"Can you predict the headline CPI index level? Units are index points, base 2015=100. It is monthly and I want 8 months ahead.","""index points, base 2015=100""","""index points, base 2015=100""",provided,provided
original,natural-v6-20261005/inflation/02,natural_rollout,2,correction,forecast_horizon,exact_content,True,"Correction: I need 11 months ahead, replacing the earlier horizon.","{""periods"":11,""unit"":""month""}","{""periods"":11,""unit"":""month""}",provided,provided
original,natural-v6-20261005/inflation/03,natural_rollout,1,initial,file_format,exact_content,True,I need a forecast of month-over-month core inflation. The unit is percent. Observations arrive monthly; forecast the next 3 months. The file is csv.,"""csv""","""csv""",provided,provided
original,natural-v6-20261005/inflation/03,natural_rollout,1,initial,forecast_horizon,omitted_slot,True,I need a forecast of month-over-month core inflation. The unit is percent. Observations arrive monthly; forecast the next 3 months. The file is csv.,"{""periods"":3,""unit"":""month""}",,provided,
original,natural-v6-20261005/inflation/03,natural_rollout,1,initial,frequency,exact_content,True,I need a forecast of month-over-month core inflation. The unit is percent. Observations arrive monthly; forecast the next 3 months. The file is csv.,"{""periods"":1,""unit"":""month""}","{""periods"":1,""unit"":""month""}",provided,provided
original,natural-v6-20261005/inflation/03,natural_rollout,1,initial,target_description,exact_content,True,I need a forecast of month-over-month core inflation. The unit is percent. Observations arrive monthly; forecast the next 3 months. The file is csv.,"""month-over-month core inflation""","""month-over-month core inflation""",provided,provided
original,natural-v6-20261005/inflation/03,natural_rollout,1,initial,target_unit,exact_content,True,I need a forecast of month-over-month core inflation. The unit is percent. Observations arrive monthly; forecast the next 3 months. The file is csv.,"""percent""","""percent""",provided,provided
original,natural-v6-20261005/inflation/03,natural_rollout,2,correction,forecast_horizon,exact_content,True,"I changed my mind about the horizon. Forecast the next 6 months, please.","{""periods"":6,""unit"":""month""}","{""periods"":6,""unit"":""month""}",provided,provided
original,natural-v6-20261005/inflation/04,natural_rollout,1,initial,forecast_horizon,omitted_slot,False,Help me predict food-price inflation in percent. There is one observation each month. Look 11 months ahead. The target column is food_inflation and the date column is month_end.,"{""periods"":11,""unit"":""month""}",,provided,
original,natural-v6-20261005/inflation/04,natural_rollout,1,initial,frequency,omitted_slot,False,Help me predict food-price inflation in percent. There is one observation each month. Look 11 months ahead. The target column is food_inflation and the date column is month_end.,"{""periods"":1,""unit"":""month""}",,provided,
original,natural-v6-20261005/inflation/04,natural_rollout,1,initial,target_column,omitted_slot,False,Help me predict food-price inflation in percent. There is one observation each month. Look 11 months ahead. The target column is food_inflation and the date column is month_end.,"""food_inflation""",,provided,
original,natural-v6-20261005/inflation/04,natural_rollout,1,initial,target_description,omitted_slot,False,Help me predict food-price inflation in percent. There is one observation each month. Look 11 months ahead. The target column is food_inflation and the date column is month_end.,"""food-price inflation""",,provided,
original,natural-v6-20261005/inflation/04,natural_rollout,1,initial,target_unit,omitted_slot,False,Help me predict food-price inflation in percent. There is one observation each month. Look 11 months ahead. The target column is food_inflation and the date column is month_end.,"""percent""",,provided,
original,natural-v6-20261005/inflation/04,natural_rollout,1,initial,time_column,omitted_slot,False,Help me predict food-price inflation in percent. There is one observation each month. Look 11 months ahead. The target column is food_inflation and the date column is month_end.,"""month_end""",,provided,
original,natural-v6-20261005/inflation/04,natural_rollout,2,correction,forecast_horizon,exact_content,True,That previous forecast horizon is wrong: make it 14 months.,"{""periods"":14,""unit"":""month""}","{""periods"":14,""unit"":""month""}",provided,provided
original,natural-v6-20261005/inflation/05,natural_rollout,1,initial,forecast_horizon,exact_content,True,"Please forecast producer price inflation, measured in percent, using quarterly observations. I want the next 2 quarters.","{""periods"":2,""unit"":""quarter""}","{""periods"":2,""unit"":""quarter""}",provided,provided
original,natural-v6-20261005/inflation/05,natural_rollout,1,initial,frequency,omitted_slot,True,"Please forecast producer price inflation, measured in percent, using quarterly observations. I want the next 2 quarters.","{""periods"":1,""unit"":""quarter""}",,provided,
original,natural-v6-20261005/inflation/05,natural_rollout,1,initial,target_description,wrong_value_or_type,True,"Please forecast producer price inflation, measured in percent, using quarterly observations. I want the next 2 quarters.","""producer price inflation""","""producer price inflation, measured in percent, using quarterly observations""",provided,provided
original,natural-v6-20261005/inflation/05,natural_rollout,1,initial,target_unit,omitted_slot,True,"Please forecast producer price inflation, measured in percent, using quarterly observations. I want the next 2 quarters.","""percent""",,provided,
original,natural-v6-20261005/inflation/05,natural_rollout,2,correction,forecast_horizon,exact_content,True,Please revise the forecast horizon to 5 quarters. Everything else stays the same.,"{""periods"":5,""unit"":""quarter""}","{""periods"":5,""unit"":""quarter""}",provided,provided
original,natural-v6-20261005/inflation/06,natural_rollout,1,initial,file_format,exact_content,True,Forecast the consumer price index level in index points. The series has a monthly observation and I need a 1 year horizon. I will upload a parquet file.,"""parquet""","""parquet""",provided,provided
original,natural-v6-20261005/inflation/06,natural_rollout,1,initial,forecast_horizon,omitted_slot,True,Forecast the consumer price index level in index points. The series has a monthly observation and I need a 1 year horizon. I will upload a parquet file.,"{""periods"":1,""unit"":""year""}",,provided,
original,natural-v6-20261005/inflation/06,natural_rollout,1,initial,frequency,exact_content,True,Forecast the consumer price index level in index points. The series has a monthly observation and I need a 1 year horizon. I will upload a parquet file.,"{""periods"":1,""unit"":""month""}","{""periods"":1,""unit"":""month""}",provided,provided
original,natural-v6-20261005/inflation/06,natural_rollout,1,initial,source_mode,omitted_slot,True,Forecast the consumer price index level in index points. The series has a monthly observation and I need a 1 year horizon. I will upload a parquet file.,"""upload""",,provided,
original,natural-v6-20261005/inflation/06,natural_rollout,1,initial,target_description,wrong_value_or_type,True,Forecast the consumer price index level in index points. The series has a monthly observation and I need a 1 year horizon. I will upload a parquet file.,"""consumer price index level""","""consumer price index level in index points""",provided,provided
original,natural-v6-20261005/inflation/06,natural_rollout,1,initial,target_unit,omitted_slot,True,Forecast the consumer price index level in index points. The series has a monthly observation and I need a 1 year horizon. I will upload a parquet file.,"""index points""",,provided,
original,natural-v6-20261005/inflation/06,natural_rollout,2,correction,forecast_horizon,exact_content,True,Use 4 years for the forecast horizon instead of my earlier request.,"{""periods"":4,""unit"":""year""}","{""periods"":4,""unit"":""year""}",provided,provided
original,natural-v6-20261005/inflation/06,natural_rollout,3,unknown,prediction_interval_levels,new_unmentioned_slot,True,"I need your questions about timezone, seasonal periods and prediction interval levels because I don't know them.",,"[0.9,0.99]",,provided
original,natural-v6-20261005/inflation/06,natural_rollout,3,unknown,seasonal_periods,new_unmentioned_slot,True,"I need your questions about timezone, seasonal periods and prediction interval levels because I don't know them.",,"{""periods"":2.0,""unit"":""month""}",,provided
original,natural-v6-20261005/inflation/06,natural_rollout,3,unknown,timezone,new_unmentioned_slot,True,"I need your questions about timezone, seasonal periods and prediction interval levels because I don't know them.",,"""timezone""",,provided
original,natural-v6-20261005/inflation/07,natural_rollout,1,initial,forecast_horizon,wrong_value_or_type,True,I want to forecast annual average inflation in percent. One observation per year; look ahead 3 years. Generate a new forecast every 1 year.,"{""periods"":3,""unit"":""year""}","{""periods"":1,""unit"":""year""}",provided,provided
original,natural-v6-20261005/inflation/07,natural_rollout,1,initial,frequency,omitted_slot,True,I want to forecast annual average inflation in percent. One observation per year; look ahead 3 years. Generate a new forecast every 1 year.,"{""periods"":1,""unit"":""year""}",,provided,
original,natural-v6-20261005/inflation/07,natural_rollout,1,initial,prediction_frequency,exact_content,True,I want to forecast annual average inflation in percent. One observation per year; look ahead 3 years. Generate a new forecast every 1 year.,"{""periods"":1,""unit"":""year""}","{""periods"":1,""unit"":""year""}",provided,provided
original,natural-v6-20261005/inflation/07,natural_rollout,1,initial,target_description,wrong_value_or_type,True,I want to forecast annual average inflation in percent. One observation per year; look ahead 3 years. Generate a new forecast every 1 year.,"""annual average inflation""","""annual average inflation in percent""",provided,provided
original,natural-v6-20261005/inflation/07,natural_rollout,1,initial,target_unit,omitted_slot,True,I want to forecast annual average inflation in percent. One observation per year; look ahead 3 years. Generate a new forecast every 1 year.,"""percent""",,provided,
original,natural-v6-20261005/inflation/07,natural_rollout,2,correction,forecast_horizon,exact_content,True,One correction to my specification: the forecast horizon is now 6 years.,"{""periods"":6,""unit"":""year""}","{""periods"":6,""unit"":""year""}",provided,provided
original,natural-v6-20261005/inflation/08,natural_rollout,1,initial,file_format,exact_content,True,"Could you predict trimmed-mean inflation? It is monthly, expressed in percent. We need 7 months into the future; the uploaded data will be in xlsx format.","""xlsx""","""xlsx""",provided,provided
original,natural-v6-20261005/inflation/08,natural_rollout,1,initial,forecast_horizon,exact_content,True,"Could you predict trimmed-mean inflation? It is monthly, expressed in percent. We need 7 months into the future; the uploaded data will be in xlsx format.","{""periods"":7,""unit"":""month""}","{""periods"":7,""unit"":""month""}",provided,provided
original,natural-v6-20261005/inflation/08,natural_rollout,1,initial,frequency,omitted_slot,True,"Could you predict trimmed-mean inflation? It is monthly, expressed in percent. We need 7 months into the future; the uploaded data will be in xlsx format.","{""periods"":1,""unit"":""month""}",,provided,
original,natural-v6-20261005/inflation/08,natural_rollout,1,initial,source_mode,omitted_slot,True,"Could you predict trimmed-mean inflation? It is monthly, expressed in percent. We need 7 months into the future; the uploaded data will be in xlsx format.","""upload""",,provided,
original,natural-v6-20261005/inflation/08,natural_rollout,1,initial,target_description,exact_content,True,"Could you predict trimmed-mean inflation? It is monthly, expressed in percent. We need 7 months into the future; the uploaded data will be in xlsx format.","""trimmed-mean inflation""","""trimmed-mean inflation""",provided,provided
original,natural-v6-20261005/inflation/08,natural_rollout,1,initial,target_unit,wrong_value_or_type,True,"Could you predict trimmed-mean inflation? It is monthly, expressed in percent. We need 7 months into the future; the uploaded data will be in xlsx format.","""percent""","""monthly, expressed in percent""",provided,provided
original,natural-v6-20261005/inflation/08,natural_rollout,2,correction,forecast_horizon,exact_content,True,Replace the horizon I gave you with 10 months.,"{""periods"":10,""unit"":""month""}","{""periods"":10,""unit"":""month""}",provided,provided
original,natural-v6-20261005/stocks/01,natural_rollout,1,initial,forecast_horizon,exact_content,True,"Can you forecast NOVA's adjusted closing price, in USD per share? I have daily observations and need the next 10 days.","{""periods"":10,""unit"":""day""}","{""periods"":10,""unit"":""day""}",provided,provided
original,natural-v6-20261005/stocks/01,natural_rollout,1,initial,frequency,exact_content,True,"Can you forecast NOVA's adjusted closing price, in USD per share? I have daily observations and need the next 10 days.","{""periods"":1,""unit"":""day""}","{""periods"":1,""unit"":""day""}",provided,provided
original,natural-v6-20261005/stocks/01,natural_rollout,1,initial,target_description,wrong_value_or_type,True,"Can you forecast NOVA's adjusted closing price, in USD per share? I have daily observations and need the next 10 days.","""NOVA's adjusted closing price""","""NOVA's adjusted closing price, in USD per share""",provided,provided
original,natural-v6-20261005/stocks/01,natural_rollout,1,initial,target_unit,omitted_slot,True,"Can you forecast NOVA's adjusted closing price, in USD per share? I have daily observations and need the next 10 days.","""USD per share""",,provided,
original,natural-v6-20261005/stocks/01,natural_rollout,2,correction,forecast_horizon,normalization_only,True,"Actually, change the forecast horizon to 13 days instead. Leave the other requirements alone.","{""periods"":13,""unit"":""day""}","{""periods"":13.0,""unit"":""day""}",provided,provided
original,natural-v6-20261005/stocks/02,natural_rollout,1,initial,forecast_horizon,exact_content,True,"Please predict raw closing share price, without adjusting corporate actions. Prices are in GBP per share, observed every day. Look ahead 6 days.","{""periods"":6,""unit"":""day""}","{""periods"":6,""unit"":""day""}",provided,provided
original,natural-v6-20261005/stocks/02,natural_rollout,1,initial,frequency,omitted_slot,True,"Please predict raw closing share price, without adjusting corporate actions. Prices are in GBP per share, observed every day. Look ahead 6 days.","{""periods"":1,""unit"":""day""}",,provided,
original,natural-v6-20261005/stocks/02,natural_rollout,1,initial,target_description,exact_content,True,"Please predict raw closing share price, without adjusting corporate actions. Prices are in GBP per share, observed every day. Look ahead 6 days.","""raw closing share price, without adjusting corporate actions""","""raw closing share price, without adjusting corporate actions""",provided,provided
original,natural-v6-20261005/stocks/02,natural_rollout,1,initial,target_unit,wrong_value_or_type,True,"Please predict raw closing share price, without adjusting corporate actions. Prices are in GBP per share, observed every day. Look ahead 6 days.","""GBP per share""","""GBP per share, observed every day""",provided,provided
original,natural-v6-20261005/stocks/02,natural_rollout,2,correction,forecast_horizon,exact_content,True,"Correction: I need 9 days ahead, replacing the earlier horizon.","{""periods"":9,""unit"":""day""}","{""periods"":9,""unit"":""day""}",provided,provided
original,natural-v6-20261005/stocks/03,natural_rollout,1,initial,file_format,omitted_slot,True,"Help me forecast total share return including dividends, measured in percent. Observations are weekly; I need 5 weeks ahead. I will upload CSV data.","""csv""",,provided,
original,natural-v6-20261005/stocks/03,natural_rollout,1,initial,forecast_horizon,wrong_value_or_type,True,"Help me forecast total share return including dividends, measured in percent. Observations are weekly; I need 5 weeks ahead. I will upload CSV data.","{""periods"":5,""unit"":""week""}","{""periods"":7,""unit"":""week""}",provided,provided
original,natural-v6-20261005/stocks/03,natural_rollout,1,initial,frequency,omitted_slot,True,"Help me forecast total share return including dividends, measured in percent. Observations are weekly; I need 5 weeks ahead. I will upload CSV data.","{""periods"":1,""unit"":""week""}",,provided,
original,natural-v6-20261005/stocks/03,natural_rollout,1,initial,source_mode,normalization_only,True,"Help me forecast total share return including dividends, measured in percent. Observations are weekly; I need 5 weeks ahead. I will upload CSV data.","""upload""","""csv""",provided,provided
original,natural-v6-20261005/stocks/03,natural_rollout,1,initial,target_description,wrong_value_or_type,True,"Help me forecast total share return including dividends, measured in percent. Observations are weekly; I need 5 weeks ahead. I will upload CSV data.","""total share return including dividends""","""total share return including dividends, measured in percent""",provided,provided
original,natural-v6-20261005/stocks/03,natural_rollout,1,initial,target_unit,omitted_slot,True,"Help me forecast total share return including dividends, measured in percent. Observations are weekly; I need 5 weeks ahead. I will upload CSV data.","""percent""",,provided,
original,natural-v6-20261005/stocks/03,natural_rollout,2,correction,forecast_horizon,exact_content,True,"I changed my mind about the horizon. Forecast the next 8 weeks, please.","{""periods"":8,""unit"":""week""}","{""periods"":8,""unit"":""week""}",provided,provided
original,natural-v6-20261005/stocks/04,natural_rollout,1,initial,forecast_horizon,omitted_slot,True,"Forecast trading volume, measured in shares, from daily observations for the next 9 days. Read the target from volume_shares and the timestamp from trade_date.","{""periods"":9,""unit"":""day""}",,provided,
original,natural-v6-20261005/stocks/04,natural_rollout,1,initial,frequency,omitted_slot,True,"Forecast trading volume, measured in shares, from daily observations for the next 9 days. Read the target from volume_shares and the timestamp from trade_date.","{""periods"":1,""unit"":""day""}",,provided,
original,natural-v6-20261005/stocks/04,natural_rollout,1,initial,target_column,exact_content,True,"Forecast trading volume, measured in shares, from daily observations for the next 9 days. Read the target from volume_shares and the timestamp from trade_date.","""volume_shares""","""volume_shares""",provided,provided
original,natural-v6-20261005/stocks/04,natural_rollout,1,initial,target_description,wrong_value_or_type,True,"Forecast trading volume, measured in shares, from daily observations for the next 9 days. Read the target from volume_shares and the timestamp from trade_date.","""trading volume""","""trading volume, measured in shares, from daily observations for the next 9 days""",provided,provided
original,natural-v6-20261005/stocks/04,natural_rollout,1,initial,target_unit,omitted_slot,True,"Forecast trading volume, measured in shares, from daily observations for the next 9 days. Read the target from volume_shares and the timestamp from trade_date.","""shares""",,provided,
original,natural-v6-20261005/stocks/04,natural_rollout,1,initial,time_column,exact_content,True,"Forecast trading volume, measured in shares, from daily observations for the next 9 days. Read the target from volume_shares and the timestamp from trade_date.","""trade_date""","""trade_date""",provided,provided
original,natural-v6-20261005/stocks/04,natural_rollout,2,correction,forecast_horizon,exact_content,True,That previous forecast horizon is wrong: make it 12 days.,"{""periods"":12,""unit"":""day""}","{""periods"":12,""unit"":""day""}",provided,provided
original,natural-v6-20261005/stocks/05,natural_rollout,1,initial,forecast_horizon,exact_content,True,"Please predict the dividend yield in percent. This series is monthly, and the horizon should be 4 months.","{""periods"":4,""unit"":""month""}","{""periods"":4,""unit"":""month""}",provided,provided
original,natural-v6-20261005/stocks/05,natural_rollout,1,initial,frequency,exact_content,True,"Please predict the dividend yield in percent. This series is monthly, and the horizon should be 4 months.","{""periods"":1,""unit"":""month""}","{""periods"":1,""unit"":""month""}",provided,provided
original,natural-v6-20261005/stocks/05,natural_rollout,1,initial,target_description,wrong_value_or_type,True,"Please predict the dividend yield in percent. This series is monthly, and the horizon should be 4 months.","""dividend yield""","""dividend yield in percent""",provided,provided
original,natural-v6-20261005/stocks/05,natural_rollout,1,initial,target_unit,omitted_slot,True,"Please predict the dividend yield in percent. This series is monthly, and the horizon should be 4 months.","""percent""",,provided,
original,natural-v6-20261005/stocks/05,natural_rollout,2,correction,forecast_horizon,exact_content,True,Please revise the forecast horizon to 7 months. Everything else stays the same.,"{""periods"":7,""unit"":""month""}","{""periods"":7,""unit"":""month""}",provided,provided
original,natural-v6-20261005/stocks/06,natural_rollout,1,initial,file_format,omitted_slot,False,"I need a forecast of adjusted closing share price. It is in EUR per share, sampled hourly, and I want 16 hours ahead. The file format is parquet.","""parquet""",,provided,
original,natural-v6-20261005/stocks/06,natural_rollout,1,initial,forecast_horizon,omitted_slot,False,"I need a forecast of adjusted closing share price. It is in EUR per share, sampled hourly, and I want 16 hours ahead. The file format is parquet.","{""periods"":16,""unit"":""hour""}",,provided,
original,natural-v6-20261005/stocks/06,natural_rollout,1,initial,frequency,omitted_slot,False,"I need a forecast of adjusted closing share price. It is in EUR per share, sampled hourly, and I want 16 hours ahead. The file format is parquet.","{""periods"":1,""unit"":""hour""}",,provided,
original,natural-v6-20261005/stocks/06,natural_rollout,1,initial,target_description,omitted_slot,False,"I need a forecast of adjusted closing share price. It is in EUR per share, sampled hourly, and I want 16 hours ahead. The file format is parquet.","""adjusted closing share price""",,provided,
original,natural-v6-20261005/stocks/06,natural_rollout,1,initial,target_unit,omitted_slot,False,"I need a forecast of adjusted closing share price. It is in EUR per share, sampled hourly, and I want 16 hours ahead. The file format is parquet.","""EUR per share""",,provided,
original,natural-v6-20261005/stocks/06,natural_rollout,2,correction,forecast_horizon,exact_content,True,Use 19 hours for the forecast horizon instead of my earlier request.,"{""periods"":19,""unit"":""hour""}","{""periods"":19,""unit"":""hour""}",provided,provided
original,natural-v6-20261005/stocks/06,natural_rollout,3,unknown,prediction_interval_levels,new_unmentioned_slot,True,"I need your questions about timezone, seasonal periods and prediction interval levels because I don't know them.",,"""prediction_interval_levels""",,provided
original,natural-v6-20261005/stocks/06,natural_rollout,3,unknown,seasonal_periods,new_unmentioned_slot,True,"I need your questions about timezone, seasonal periods and prediction interval levels because I don't know them.",,"""seasonal periods and prediction interval levels""",,provided
original,natural-v6-20261005/stocks/06,natural_rollout,3,unknown,timezone,new_unmentioned_slot,True,"I need your questions about timezone, seasonal periods and prediction interval levels because I don't know them.",,"""timezone""",,provided
original,natural-v6-20261005/stocks/07,natural_rollout,1,initial,forecast_horizon,exact_content,True,Could you forecast daily log share return in percent? There is one observation per day. Predict 12 days ahead but refresh the forecast every 3 days.,"{""periods"":12,""unit"":""day""}","{""periods"":12,""unit"":""day""}",provided,provided
original,natural-v6-20261005/stocks/07,natural_rollout,1,initial,frequency,exact_content,True,Could you forecast daily log share return in percent? There is one observation per day. Predict 12 days ahead but refresh the forecast every 3 days.,"{""periods"":1,""unit"":""day""}","{""periods"":1,""unit"":""day""}",provided,provided
original,natural-v6-20261005/stocks/07,natural_rollout,1,initial,prediction_frequency,omitted_slot,True,Could you forecast daily log share return in percent? There is one observation per day. Predict 12 days ahead but refresh the forecast every 3 days.,"{""periods"":3,""unit"":""day""}",,provided,
original,natural-v6-20261005/stocks/07,natural_rollout,1,initial,refresh_frequency,new_unmentioned_slot,True,Could you forecast daily log share return in percent? There is one observation per day. Predict 12 days ahead but refresh the forecast every 3 days.,,"{""periods"":3,""unit"":""day""}",,provided
original,natural-v6-20261005/stocks/07,natural_rollout,1,initial,target_description,wrong_value_or_type,True,Could you forecast daily log share return in percent? There is one observation per day. Predict 12 days ahead but refresh the forecast every 3 days.,"""daily log share return""","""daily log share return in percent""",provided,provided
original,natural-v6-20261005/stocks/07,natural_rollout,1,initial,target_unit,omitted_slot,True,Could you forecast daily log share return in percent? There is one observation per day. Predict 12 days ahead but refresh the forecast every 3 days.,"""percent""",,provided,
original,natural-v6-20261005/stocks/07,natural_rollout,2,correction,forecast_horizon,normalization_only,True,One correction to my specification: the forecast horizon is now 15 days.,"{""periods"":15,""unit"":""day""}","{""periods"":15.0,""unit"":""day""}",provided,provided
original,natural-v6-20261005/stocks/08,natural_rollout,1,initial,file_format,exact_content,True,I want to forecast ETF trading volume in shares. I have weekly data and need the next 6 weeks. I will upload the spreadsheet in xlsx format.,"""xlsx""","""xlsx""",provided,provided
original,natural-v6-20261005/stocks/08,natural_rollout,1,initial,forecast_horizon,wrong_value_or_type,True,I want to forecast ETF trading volume in shares. I have weekly data and need the next 6 weeks. I will upload the spreadsheet in xlsx format.,"{""periods"":6,""unit"":""week""}","{""periods"":1,""unit"":""week""}",provided,provided
original,natural-v6-20261005/stocks/08,natural_rollout,1,initial,frequency,omitted_slot,True,I want to forecast ETF trading volume in shares. I have weekly data and need the next 6 weeks. I will upload the spreadsheet in xlsx format.,"{""periods"":1,""unit"":""week""}",,provided,
original,natural-v6-20261005/stocks/08,natural_rollout,1,initial,source_mode,omitted_slot,True,I want to forecast ETF trading volume in shares. I have weekly data and need the next 6 weeks. I will upload the spreadsheet in xlsx format.,"""upload""",,provided,
original,natural-v6-20261005/stocks/08,natural_rollout,1,initial,target_description,wrong_value_or_type,True,I want to forecast ETF trading volume in shares. I have weekly data and need the next 6 weeks. I will upload the spreadsheet in xlsx format.,"""ETF trading volume""","""ETF trading volume in shares""",provided,provided
original,natural-v6-20261005/stocks/08,natural_rollout,1,initial,target_unit,omitted_slot,True,I want to forecast ETF trading volume in shares. I have weekly data and need the next 6 weeks. I will upload the spreadsheet in xlsx format.,"""shares""",,provided,
original,natural-v6-20261005/stocks/08,natural_rollout,2,correction,forecast_horizon,exact_content,True,Replace the horizon I gave you with 9 weeks.,"{""periods"":9,""unit"":""week""}","{""periods"":9,""unit"":""week""}",provided,provided
original,natural-v6-20261005/crypto/01,natural_rollout,1,initial,forecast_horizon,exact_content,True,"Can you forecast BTC/USD spot price in USD per BTC? My observations are hourly and I want 20 hours ahead, not a futures price.","{""periods"":20,""unit"":""hour""}","{""periods"":20,""unit"":""hour""}",provided,provided
original,natural-v6-20261005/crypto/01,natural_rollout,1,initial,frequency,exact_content,True,"Can you forecast BTC/USD spot price in USD per BTC? My observations are hourly and I want 20 hours ahead, not a futures price.","{""periods"":1,""unit"":""hour""}","{""periods"":1,""unit"":""hour""}",provided,provided
original,natural-v6-20261005/crypto/01,natural_rollout,1,initial,target_description,wrong_value_or_type,True,"Can you forecast BTC/USD spot price in USD per BTC? My observations are hourly and I want 20 hours ahead, not a futures price.","""BTC/USD spot price""","""BTC/USD spot price in USD per BTC""",provided,provided
original,natural-v6-20261005/crypto/01,natural_rollout,1,initial,target_unit,wrong_value_or_type,True,"Can you forecast BTC/USD spot price in USD per BTC? My observations are hourly and I want 20 hours ahead, not a futures price.","""USD per BTC""","""not a futures price""",provided,provided
original,natural-v6-20261005/crypto/01,natural_rollout,2,correction,forecast_horizon,normalization_only,True,"Actually, change the forecast horizon to 23 hours instead. Leave the other requirements alone.","{""periods"":23,""unit"":""hour""}","{""periods"":23.0,""unit"":""hour""}",provided,provided
original,natural-v6-20261005/crypto/02,natural_rollout,1,initial,forecast_horizon,exact_content,True,"Please predict ETH trading volume, in ETH, using observations every 2 hours. I need the next 14 hours.","{""periods"":14,""unit"":""hour""}","{""periods"":14,""unit"":""hour""}",provided,provided
original,natural-v6-20261005/crypto/02,natural_rollout,1,initial,frequency,exact_content,True,"Please predict ETH trading volume, in ETH, using observations every 2 hours. I need the next 14 hours.","{""periods"":2,""unit"":""hour""}","{""periods"":2,""unit"":""hour""}",provided,provided
original,natural-v6-20261005/crypto/02,natural_rollout,1,initial,target_description,wrong_value_or_type,True,"Please predict ETH trading volume, in ETH, using observations every 2 hours. I need the next 14 hours.","""ETH trading volume""","""ETH trading volume, in ETH""",provided,provided
original,natural-v6-20261005/crypto/02,natural_rollout,1,initial,target_unit,omitted_slot,True,"Please predict ETH trading volume, in ETH, using observations every 2 hours. I need the next 14 hours.","""ETH""",,provided,
original,natural-v6-20261005/crypto/02,natural_rollout,2,correction,forecast_horizon,exact_content,True,"Correction: I need 17 hours ahead, replacing the earlier horizon.","{""periods"":17,""unit"":""hour""}","{""periods"":17,""unit"":""hour""}",provided,provided
original,natural-v6-20261005/crypto/03,natural_rollout,1,initial,file_format,omitted_slot,True,Help me forecast perpetual-swap funding rate. Units are percent per 8 hours and observations come every 8 hours. Look ahead 48 hours. I will upload CSV data.,"""csv""",,provided,
original,natural-v6-20261005/crypto/03,natural_rollout,1,initial,forecast_horizon,exact_content,True,Help me forecast perpetual-swap funding rate. Units are percent per 8 hours and observations come every 8 hours. Look ahead 48 hours. I will upload CSV data.,"{""periods"":48,""unit"":""hour""}","{""periods"":48,""unit"":""hour""}",provided,provided
original,natural-v6-20261005/crypto/03,natural_rollout,1,initial,frequency,omitted_slot,True,Help me forecast perpetual-swap funding rate. Units are percent per 8 hours and observations come every 8 hours. Look ahead 48 hours. I will upload CSV data.,"{""periods"":8,""unit"":""hour""}",,provided,
original,natural-v6-20261005/crypto/03,natural_rollout,1,initial,source_mode,normalization_only,True,Help me forecast perpetual-swap funding rate. Units are percent per 8 hours and observations come every 8 hours. Look ahead 48 hours. I will upload CSV data.,"""upload""","""csv""",provided,provided
original,natural-v6-20261005/crypto/03,natural_rollout,1,initial,target_description,exact_content,True,Help me forecast perpetual-swap funding rate. Units are percent per 8 hours and observations come every 8 hours. Look ahead 48 hours. I will upload CSV data.,"""perpetual-swap funding rate""","""perpetual-swap funding rate""",provided,provided
original,natural-v6-20261005/crypto/03,natural_rollout,1,initial,target_unit,exact_content,True,Help me forecast perpetual-swap funding rate. Units are percent per 8 hours and observations come every 8 hours. Look ahead 48 hours. I will upload CSV data.,"""percent per 8 hours""","""percent per 8 hours""",provided,provided
original,natural-v6-20261005/crypto/03,natural_rollout,2,correction,forecast_horizon,exact_content,True,"I changed my mind about the horizon. Forecast the next 51 hours, please.","{""periods"":51,""unit"":""hour""}","{""periods"":51,""unit"":""hour""}",provided,provided
original,natural-v6-20261005/crypto/04,natural_rollout,1,initial,forecast_horizon,omitted_slot,True,I need a forecast of futures open interest in contracts. This is hourly data and the horizon is 30 hours. Read open_contracts as the target and event_time as the timestamp.,"{""periods"":30,""unit"":""hour""}",,provided,
original,natural-v6-20261005/crypto/04,natural_rollout,1,initial,frequency,exact_content,True,I need a forecast of futures open interest in contracts. This is hourly data and the horizon is 30 hours. Read open_contracts as the target and event_time as the timestamp.,"{""periods"":1,""unit"":""hour""}","{""periods"":1,""unit"":""hour""}",provided,provided
original,natural-v6-20261005/crypto/04,natural_rollout,1,initial,target_column,exact_content,True,I need a forecast of futures open interest in contracts. This is hourly data and the horizon is 30 hours. Read open_contracts as the target and event_time as the timestamp.,"""open_contracts""","""open_contracts""",provided,provided
original,natural-v6-20261005/crypto/04,natural_rollout,1,initial,target_description,wrong_value_or_type,True,I need a forecast of futures open interest in contracts. This is hourly data and the horizon is 30 hours. Read open_contracts as the target and event_time as the timestamp.,"""futures open interest""","""futures open interest in contracts""",provided,provided
original,natural-v6-20261005/crypto/04,natural_rollout,1,initial,target_unit,omitted_slot,True,I need a forecast of futures open interest in contracts. This is hourly data and the horizon is 30 hours. Read open_contracts as the target and event_time as the timestamp.,"""contracts""",,provided,
original,natural-v6-20261005/crypto/04,natural_rollout,1,initial,time_column,exact_content,True,I need a forecast of futures open interest in contracts. This is hourly data and the horizon is 30 hours. Read open_contracts as the target and event_time as the timestamp.,"""event_time""","""event_time""",provided,provided
original,natural-v6-20261005/crypto/04,natural_rollout,2,correction,forecast_horizon,exact_content,True,That previous forecast horizon is wrong: make it 33 hours.,"{""periods"":33,""unit"":""hour""}","{""periods"":33,""unit"":""hour""}",provided,provided
original,natural-v6-20261005/crypto/05,natural_rollout,1,initial,forecast_horizon,exact_content,True,"Please forecast realized volatility, in percent per year, from daily observations for the next 7 days.","{""periods"":7,""unit"":""day""}","{""periods"":7,""unit"":""day""}",provided,provided
original,natural-v6-20261005/crypto/05,natural_rollout,1,initial,frequency,omitted_slot,True,"Please forecast realized volatility, in percent per year, from daily observations for the next 7 days.","{""periods"":1,""unit"":""day""}",,provided,
original,natural-v6-20261005/crypto/05,natural_rollout,1,initial,target_description,wrong_value_or_type,True,"Please forecast realized volatility, in percent per year, from daily observations for the next 7 days.","""realized volatility""","""realized volatility, in percent per year""",provided,provided
original,natural-v6-20261005/crypto/05,natural_rollout,1,initial,target_unit,omitted_slot,True,"Please forecast realized volatility, in percent per year, from daily observations for the next 7 days.","""percent per year""",,provided,
original,natural-v6-20261005/crypto/05,natural_rollout,2,correction,forecast_horizon,exact_content,True,Please revise the forecast horizon to 10 days. Everything else stays the same.,"{""periods"":10,""unit"":""day""}","{""periods"":10,""unit"":""day""}",provided,provided
original,natural-v6-20261005/crypto/06,natural_rollout,1,initial,file_format,exact_content,True,"Predict futures-minus-spot basis, measured in basis points. Each observation is 1 hour apart; I need a 2 day horizon. The file will be parquet.","""parquet""","""parquet""",provided,provided
original,natural-v6-20261005/crypto/06,natural_rollout,1,initial,forecast_horizon,exact_content,True,"Predict futures-minus-spot basis, measured in basis points. Each observation is 1 hour apart; I need a 2 day horizon. The file will be parquet.","{""periods"":2,""unit"":""day""}","{""periods"":2,""unit"":""day""}",provided,provided
original,natural-v6-20261005/crypto/06,natural_rollout,1,initial,frequency,exact_content,True,"Predict futures-minus-spot basis, measured in basis points. Each observation is 1 hour apart; I need a 2 day horizon. The file will be parquet.","{""periods"":1,""unit"":""hour""}","{""periods"":1,""unit"":""hour""}",provided,provided
original,natural-v6-20261005/crypto/06,natural_rollout,1,initial,target_description,wrong_value_or_type,True,"Predict futures-minus-spot basis, measured in basis points. Each observation is 1 hour apart; I need a 2 day horizon. The file will be parquet.","""futures-minus-spot basis""","""basis points""",provided,provided
original,natural-v6-20261005/crypto/06,natural_rollout,1,initial,target_unit,omitted_slot,True,"Predict futures-minus-spot basis, measured in basis points. Each observation is 1 hour apart; I need a 2 day horizon. The file will be parquet.","""basis points""",,provided,
original,natural-v6-20261005/crypto/06,natural_rollout,2,correction,forecast_horizon,normalization_only,True,Use 5 days for the forecast horizon instead of my earlier request.,"{""periods"":5,""unit"":""day""}","{""periods"":5.0,""unit"":""day""}",provided,provided
original,natural-v6-20261005/crypto/06,natural_rollout,3,unknown,prediction_interval_levels,new_unmentioned_slot,True,"I need your questions about timezone, seasonal periods and prediction interval levels because I don't know them.",,"{""periods"":0.01,""unit"":""percent""}",,provided
original,natural-v6-20261005/crypto/06,natural_rollout,3,unknown,seasonal_periods,new_unmentioned_slot,True,"I need your questions about timezone, seasonal periods and prediction interval levels because I don't know them.",,"{""periods"":2,""unit"":""period""}",,provided
original,natural-v6-20261005/crypto/06,natural_rollout,3,unknown,timezone,new_unmentioned_slot,True,"I need your questions about timezone, seasonal periods and prediction interval levels because I don't know them.",,"""timezone""",,provided
original,natural-v6-20261005/crypto/07,natural_rollout,1,initial,forecast_horizon,exact_content,True,"Can you forecast BTC log return in percent? I have one observation every hour. Predict 18 hours ahead, but make a fresh forecast every 6 hours.","{""periods"":18,""unit"":""hour""}","{""periods"":18,""unit"":""hour""}",provided,provided
original,natural-v6-20261005/crypto/07,natural_rollout,1,initial,frequency,exact_content,True,"Can you forecast BTC log return in percent? I have one observation every hour. Predict 18 hours ahead, but make a fresh forecast every 6 hours.","{""periods"":1,""unit"":""hour""}","{""periods"":1,""unit"":""hour""}",provided,provided
original,natural-v6-20261005/crypto/07,natural_rollout,1,initial,prediction_frequency,omitted_slot,True,"Can you forecast BTC log return in percent? I have one observation every hour. Predict 18 hours ahead, but make a fresh forecast every 6 hours.","{""periods"":6,""unit"":""hour""}",,provided,
original,natural-v6-20261005/crypto/07,natural_rollout,1,initial,target_description,wrong_value_or_type,True,"Can you forecast BTC log return in percent? I have one observation every hour. Predict 18 hours ahead, but make a fresh forecast every 6 hours.","""BTC log return""","""BTC log return in percent""",provided,provided
original,natural-v6-20261005/crypto/07,natural_rollout,1,initial,target_unit,omitted_slot,True,"Can you forecast BTC log return in percent? I have one observation every hour. Predict 18 hours ahead, but make a fresh forecast every 6 hours.","""percent""",,provided,
original,natural-v6-20261005/crypto/07,natural_rollout,2,correction,forecast_horizon,exact_content,True,One correction to my specification: the forecast horizon is now 21 hours.,"{""periods"":21,""unit"":""hour""}","{""periods"":21,""unit"":""hour""}",provided,provided
original,natural-v6-20261005/crypto/08,natural_rollout,1,initial,file_format,exact_content,True,I want a forecast of digital-asset market capitalization in millions of USD. We observe it daily and need 15 days ahead. I will upload JSON data.,"""json""","""json""",provided,provided
original,natural-v6-20261005/crypto/08,natural_rollout,1,initial,forecast_horizon,omitted_slot,True,I want a forecast of digital-asset market capitalization in millions of USD. We observe it daily and need 15 days ahead. I will upload JSON data.,"{""periods"":15,""unit"":""day""}",,provided,
original,natural-v6-20261005/crypto/08,natural_rollout,1,initial,frequency,exact_content,True,I want a forecast of digital-asset market capitalization in millions of USD. We observe it daily and need 15 days ahead. I will upload JSON data.,"{""periods"":1,""unit"":""day""}","{""periods"":1,""unit"":""day""}",provided,provided
original,natural-v6-20261005/crypto/08,natural_rollout,1,initial,source_mode,omitted_slot,True,I want a forecast of digital-asset market capitalization in millions of USD. We observe it daily and need 15 days ahead. I will upload JSON data.,"""upload""",,provided,
original,natural-v6-20261005/crypto/08,natural_rollout,1,initial,target_description,wrong_value_or_type,True,I want a forecast of digital-asset market capitalization in millions of USD. We observe it daily and need 15 days ahead. I will upload JSON data.,"""digital-asset market capitalization""","""digital-asset market capitalization in millions of USD""",provided,provided
original,natural-v6-20261005/crypto/08,natural_rollout,1,initial,target_unit,omitted_slot,True,I want a forecast of digital-asset market capitalization in millions of USD. We observe it daily and need 15 days ahead. I will upload JSON data.,"""millions of USD""",,provided,
original,natural-v6-20261005/crypto/08,natural_rollout,2,correction,forecast_horizon,exact_content,True,Replace the horizon I gave you with 18 days.,"{""periods"":18,""unit"":""day""}","{""periods"":18,""unit"":""day""}",provided,provided
constrained,natural-v6-20261005/weather/01,natural_rollout,1,initial,file_format,exact_content,False,"Could you forecast afternoon air temperature? My readings are daily, in degrees Celsius, and I need the next 5 days. The file is CSV.","""csv""","""csv""",provided,provided
constrained,natural-v6-20261005/weather/01,natural_rollout,1,initial,forecast_horizon,omitted_slot,False,"Could you forecast afternoon air temperature? My readings are daily, in degrees Celsius, and I need the next 5 days. The file is CSV.","{""periods"":5,""unit"":""day""}",,provided,
constrained,natural-v6-20261005/weather/01,natural_rollout,1,initial,frequency,exact_content,False,"Could you forecast afternoon air temperature? My readings are daily, in degrees Celsius, and I need the next 5 days. The file is CSV.","{""periods"":1,""unit"":""day""}","{""periods"":1,""unit"":""day""}",provided,provided
constrained,natural-v6-20261005/weather/01,natural_rollout,1,initial,target_description,exact_content,False,"Could you forecast afternoon air temperature? My readings are daily, in degrees Celsius, and I need the next 5 days. The file is CSV.","""afternoon air temperature""","""afternoon air temperature""",provided,provided
constrained,natural-v6-20261005/weather/01,natural_rollout,1,initial,target_unit,omitted_slot,False,"Could you forecast afternoon air temperature? My readings are daily, in degrees Celsius, and I need the next 5 days. The file is CSV.","""degrees Celsius""",,provided,
constrained,natural-v6-20261005/weather/01,natural_rollout,2,correction,forecast_horizon,exact_content,True,"Actually, change the forecast horizon to 8 days instead. Leave the other requirements alone.","{""periods"":8,""unit"":""day""}","{""periods"":8,""unit"":""day""}",provided,provided
constrained,natural-v6-20261005/weather/02,natural_rollout,1,initial,forecast_horizon,omitted_slot,True,"Rain is what I care about: please predict accumulated rainfall, measured in millimetres. I have hourly readings and want 36 hours ahead.","{""periods"":36,""unit"":""hour""}",,provided,
constrained,natural-v6-20261005/weather/02,natural_rollout,1,initial,frequency,exact_content,True,"Rain is what I care about: please predict accumulated rainfall, measured in millimetres. I have hourly readings and want 36 hours ahead.","{""periods"":1,""unit"":""hour""}","{""periods"":1,""unit"":""hour""}",provided,provided
constrained,natural-v6-20261005/weather/02,natural_rollout,1,initial,target_description,wrong_value_or_type,True,"Rain is what I care about: please predict accumulated rainfall, measured in millimetres. I have hourly readings and want 36 hours ahead.","""accumulated rainfall""","""accumulated rainfall, measured in millimetres""",provided,provided
constrained,natural-v6-20261005/weather/02,natural_rollout,1,initial,target_unit,omitted_slot,True,"Rain is what I care about: please predict accumulated rainfall, measured in millimetres. I have hourly readings and want 36 hours ahead.","""millimetres""",,provided,
constrained,natural-v6-20261005/weather/02,natural_rollout,2,correction,forecast_horizon,exact_content,True,"Correction: I need 39 hours ahead, replacing the earlier horizon.","{""periods"":39,""unit"":""hour""}","{""periods"":39,""unit"":""hour""}",provided,provided
constrained,natural-v6-20261005/weather/02,natural_rollout,2,correction,target_column,new_unmentioned_slot,True,"Correction: I need 39 hours ahead, replacing the earlier horizon.",,"""accumulated rainfall, measured in millimetres""",,provided
constrained,natural-v6-20261005/weather/03,natural_rollout,1,initial,file_format,omitted_slot,False,"I need a forecast of peak wind speed in metres per second, every hour, out to 12 hours. I will upload the data as parquet.","""parquet""",,provided,
constrained,natural-v6-20261005/weather/03,natural_rollout,1,initial,forecast_horizon,exact_content,False,"I need a forecast of peak wind speed in metres per second, every hour, out to 12 hours. I will upload the data as parquet.","{""periods"":12,""unit"":""hour""}","{""periods"":12,""unit"":""hour""}",provided,provided
constrained,natural-v6-20261005/weather/03,natural_rollout,1,initial,frequency,exact_content,False,"I need a forecast of peak wind speed in metres per second, every hour, out to 12 hours. I will upload the data as parquet.","{""periods"":1,""unit"":""hour""}","{""periods"":1,""unit"":""hour""}",provided,provided
constrained,natural-v6-20261005/weather/03,natural_rollout,1,initial,source_mode,exact_content,False,"I need a forecast of peak wind speed in metres per second, every hour, out to 12 hours. I will upload the data as parquet.","""upload""","""upload""",provided,provided
constrained,natural-v6-20261005/weather/03,natural_rollout,1,initial,target_description,wrong_value_or_type,False,"I need a forecast of peak wind speed in metres per second, every hour, out to 12 hours. I will upload the data as parquet.","""peak wind speed""","""peak wind speed in metres per second""",provided,provided
constrained,natural-v6-20261005/weather/03,natural_rollout,1,initial,target_unit,omitted_slot,False,"I need a forecast of peak wind speed in metres per second, every hour, out to 12 hours. I will upload the data as parquet.","""metres per second""",,provided,
constrained,natural-v6-20261005/weather/03,natural_rollout,2,correction,forecast_horizon,exact_content,False,"I changed my mind about the horizon. Forecast the next 15 hours, please.","{""periods"":15,""unit"":""hour""}","{""periods"":15,""unit"":""hour""}",provided,provided
constrained,natural-v6-20261005/weather/04,natural_rollout,1,initial,forecast_horizon,omitted_slot,False,"Help me predict relative humidity. It is in percent, observed daily; look ahead 9 days. Read humidity_pct as the target and observation_date as the timestamp.","{""periods"":9,""unit"":""day""}",,provided,
constrained,natural-v6-20261005/weather/04,natural_rollout,1,initial,frequency,omitted_slot,False,"Help me predict relative humidity. It is in percent, observed daily; look ahead 9 days. Read humidity_pct as the target and observation_date as the timestamp.","{""periods"":1,""unit"":""day""}",,provided,
constrained,natural-v6-20261005/weather/04,natural_rollout,1,initial,target_column,exact_content,False,"Help me predict relative humidity. It is in percent, observed daily; look ahead 9 days. Read humidity_pct as the target and observation_date as the timestamp.","""humidity_pct""","""humidity_pct""",provided,provided
constrained,natural-v6-20261005/weather/04,natural_rollout,1,initial,target_description,exact_content,False,"Help me predict relative humidity. It is in percent, observed daily; look ahead 9 days. Read humidity_pct as the target and observation_date as the timestamp.","""relative humidity""","""relative humidity""",provided,provided
constrained,natural-v6-20261005/weather/04,natural_rollout,1,initial,target_unit,exact_content,False,"Help me predict relative humidity. It is in percent, observed daily; look ahead 9 days. Read humidity_pct as the target and observation_date as the timestamp.","""percent""","""percent""",provided,provided
constrained,natural-v6-20261005/weather/04,natural_rollout,1,initial,time_column,omitted_slot,False,"Help me predict relative humidity. It is in percent, observed daily; look ahead 9 days. Read humidity_pct as the target and observation_date as the timestamp.","""observation_date""",,provided,
constrained,natural-v6-20261005/weather/04,natural_rollout,2,correction,forecast_horizon,exact_content,True,That previous forecast horizon is wrong: make it 12 days.,"{""periods"":12,""unit"":""day""}","{""periods"":12,""unit"":""day""}",provided,provided
constrained,natural-v6-20261005/weather/05,natural_rollout,1,initial,forecast_horizon,exact_content,True,"What I want forecast is cloud cover, in percent. We record it every 3 hours. Please look 18 hours into the future.","{""periods"":18,""unit"":""hour""}","{""periods"":18,""unit"":""hour""}",provided,provided
constrained,natural-v6-20261005/weather/05,natural_rollout,1,initial,frequency,exact_content,True,"What I want forecast is cloud cover, in percent. We record it every 3 hours. Please look 18 hours into the future.","{""periods"":3,""unit"":""hour""}","{""periods"":3,""unit"":""hour""}",provided,provided
constrained,natural-v6-20261005/weather/05,natural_rollout,1,initial,target_description,wrong_value_or_type,True,"What I want forecast is cloud cover, in percent. We record it every 3 hours. Please look 18 hours into the future.","""cloud cover""","""cloud cover, in percent""",provided,provided
constrained,natural-v6-20261005/weather/05,natural_rollout,1,initial,target_unit,omitted_slot,True,"What I want forecast is cloud cover, in percent. We record it every 3 hours. Please look 18 hours into the future.","""percent""",,provided,
constrained,natural-v6-20261005/weather/05,natural_rollout,2,correction,forecast_horizon,normalization_only,True,Please revise the forecast horizon to 21 hours. Everything else stays the same.,"{""periods"":21,""unit"":""hour""}","{""periods"":21.0,""unit"":""hour""}",provided,provided
constrained,natural-v6-20261005/weather/05,natural_rollout,2,correction,target_column,new_unmentioned_slot,True,Please revise the forecast horizon to 21 hours. Everything else stays the same.,,"""cloud cover, in percent""",,provided
constrained,natural-v6-20261005/weather/06,natural_rollout,1,initial,forecast_horizon,exact_content,False,Can we forecast sea-level pressure? Values are in hectopascals and arrive every 6 hours. I need a 2 day horizon.,"{""periods"":2,""unit"":""day""}","{""periods"":2,""unit"":""day""}",provided,provided
constrained,natural-v6-20261005/weather/06,natural_rollout,1,initial,frequency,omitted_slot,False,Can we forecast sea-level pressure? Values are in hectopascals and arrive every 6 hours. I need a 2 day horizon.,"{""periods"":6,""unit"":""hour""}",,provided,
constrained,natural-v6-20261005/weather/06,natural_rollout,1,initial,target_description,exact_content,False,Can we forecast sea-level pressure? Values are in hectopascals and arrive every 6 hours. I need a 2 day horizon.,"""sea-level pressure""","""sea-level pressure""",provided,provided
constrained,natural-v6-20261005/weather/06,natural_rollout,1,initial,target_unit,omitted_slot,False,Can we forecast sea-level pressure? Values are in hectopascals and arrive every 6 hours. I need a 2 day horizon.,"""hectopascals""",,provided,
constrained,natural-v6-20261005/weather/06,natural_rollout,2,correction,forecast_horizon,exact_content,True,Use 5 days for the forecast horizon instead of my earlier request.,"{""periods"":5,""unit"":""day""}","{""periods"":5,""unit"":""day""}",provided,provided
constrained,natural-v6-20261005/weather/07,natural_rollout,1,initial,forecast_horizon,exact_content,False,"Please predict overnight minimum temperature in degrees Fahrenheit. Observations are daily. Forecast 8 days ahead, and generate a fresh forecast every 2 days.","{""periods"":8,""unit"":""day""}","{""periods"":8,""unit"":""day""}",provided,provided
constrained,natural-v6-20261005/weather/07,natural_rollout,1,initial,frequency,exact_content,False,"Please predict overnight minimum temperature in degrees Fahrenheit. Observations are daily. Forecast 8 days ahead, and generate a fresh forecast every 2 days.","{""periods"":1,""unit"":""day""}","{""periods"":1,""unit"":""day""}",provided,provided
constrained,natural-v6-20261005/weather/07,natural_rollout,1,initial,prediction_frequency,exact_content,False,"Please predict overnight minimum temperature in degrees Fahrenheit. Observations are daily. Forecast 8 days ahead, and generate a fresh forecast every 2 days.","{""periods"":2,""unit"":""day""}","{""periods"":2,""unit"":""day""}",provided,provided
constrained,natural-v6-20261005/weather/07,natural_rollout,1,initial,target_description,wrong_value_or_type,False,"Please predict overnight minimum temperature in degrees Fahrenheit. Observations are daily. Forecast 8 days ahead, and generate a fresh forecast every 2 days.","""overnight minimum temperature""","""overnight minimum temperature in degrees Fahrenheit""",provided,provided
constrained,natural-v6-20261005/weather/07,natural_rollout,1,initial,target_unit,omitted_slot,False,"Please predict overnight minimum temperature in degrees Fahrenheit. Observations are daily. Forecast 8 days ahead, and generate a fresh forecast every 2 days.","""degrees Fahrenheit""",,provided,
constrained,natural-v6-20261005/weather/07,natural_rollout,2,correction,forecast_horizon,exact_content,True,One correction to my specification: the forecast horizon is now 11 days.,"{""periods"":11,""unit"":""day""}","{""periods"":11,""unit"":""day""}",provided,provided
constrained,natural-v6-20261005/weather/08,natural_rollout,1,initial,file_format,exact_content,True,"Build a forecast for sunshine duration, measured in hours, with one observation every week. I need the next 4 weeks. The uploaded file is xlsx.","""xlsx""","""xlsx""",provided,provided
constrained,natural-v6-20261005/weather/08,natural_rollout,1,initial,forecast_horizon,exact_content,True,"Build a forecast for sunshine duration, measured in hours, with one observation every week. I need the next 4 weeks. The uploaded file is xlsx.","{""periods"":4,""unit"":""week""}","{""periods"":4,""unit"":""week""}",provided,provided
constrained,natural-v6-20261005/weather/08,natural_rollout,1,initial,frequency,exact_content,True,"Build a forecast for sunshine duration, measured in hours, with one observation every week. I need the next 4 weeks. The uploaded file is xlsx.","{""periods"":1,""unit"":""week""}","{""periods"":1,""unit"":""week""}",provided,provided
constrained,natural-v6-20261005/weather/08,natural_rollout,1,initial,source_mode,exact_content,True,"Build a forecast for sunshine duration, measured in hours, with one observation every week. I need the next 4 weeks. The uploaded file is xlsx.","""upload""","""upload""",provided,provided
constrained,natural-v6-20261005/weather/08,natural_rollout,1,initial,target_description,wrong_value_or_type,True,"Build a forecast for sunshine duration, measured in hours, with one observation every week. I need the next 4 weeks. The uploaded file is xlsx.","""sunshine duration""","""sunshine duration, measured in hours""",provided,provided
constrained,natural-v6-20261005/weather/08,natural_rollout,1,initial,target_unit,omitted_slot,True,"Build a forecast for sunshine duration, measured in hours, with one observation every week. I need the next 4 weeks. The uploaded file is xlsx.","""hours""",,provided,
constrained,natural-v6-20261005/weather/08,natural_rollout,2,correction,forecast_horizon,normalization_only,True,Replace the horizon I gave you with 7 weeks.,"{""periods"":7,""unit"":""week""}","{""periods"":7.0,""unit"":""week""}",provided,provided
constrained,natural-v6-20261005/weather/08,natural_rollout,2,correction,target_column,new_unmentioned_slot,True,Replace the horizon I gave you with 7 weeks.,,"""sunshine duration, measured in hours""",,provided
constrained,natural-v6-20261005/inflation/01,natural_rollout,1,initial,forecast_horizon,exact_content,True,"Please forecast year-over-year CPI inflation, in percent, from monthly observations. I need the coming 5 months, not a forecast of the CPI index.","{""periods"":5,""unit"":""month""}","{""periods"":5,""unit"":""month""}",provided,provided
constrained,natural-v6-20261005/inflation/01,natural_rollout,1,initial,frequency,omitted_slot,True,"Please forecast year-over-year CPI inflation, in percent, from monthly observations. I need the coming 5 months, not a forecast of the CPI index.","{""periods"":1,""unit"":""month""}",,provided,
constrained,natural-v6-20261005/inflation/01,natural_rollout,1,initial,target_description,wrong_value_or_type,True,"Please forecast year-over-year CPI inflation, in percent, from monthly observations. I need the coming 5 months, not a forecast of the CPI index.","""year-over-year CPI inflation""","""year-over-year CPI inflation, in percent""",provided,provided
constrained,natural-v6-20261005/inflation/01,natural_rollout,1,initial,target_unit,omitted_slot,True,"Please forecast year-over-year CPI inflation, in percent, from monthly observations. I need the coming 5 months, not a forecast of the CPI index.","""percent""",,provided,
constrained,natural-v6-20261005/inflation/01,natural_rollout,2,correction,forecast_horizon,exact_content,True,"Actually, change the forecast horizon to 8 months instead. Leave the other requirements alone.","{""periods"":8,""unit"":""month""}","{""periods"":8,""unit"":""month""}",provided,provided
constrained,natural-v6-20261005/inflation/01,natural_rollout,2,correction,target_column,new_unmentioned_slot,True,"Actually, change the forecast horizon to 8 months instead. Leave the other requirements alone.",,"""year-over-year CPI inflation, in percent""",,provided
constrained,natural-v6-20261005/inflation/02,natural_rollout,1,initial,forecast_horizon,omitted_slot,True,"Can you predict the headline CPI index level? Units are index points, base 2015=100. It is monthly and I want 8 months ahead.","{""periods"":8,""unit"":""month""}",,provided,
constrained,natural-v6-20261005/inflation/02,natural_rollout,1,initial,frequency,exact_content,True,"Can you predict the headline CPI index level? Units are index points, base 2015=100. It is monthly and I want 8 months ahead.","{""periods"":1,""unit"":""month""}","{""periods"":1,""unit"":""month""}",provided,provided
constrained,natural-v6-20261005/inflation/02,natural_rollout,1,initial,target_description,exact_content,True,"Can you predict the headline CPI index level? Units are index points, base 2015=100. It is monthly and I want 8 months ahead.","""headline CPI index level""","""headline CPI index level""",provided,provided
constrained,natural-v6-20261005/inflation/02,natural_rollout,1,initial,target_unit,exact_content,True,"Can you predict the headline CPI index level? Units are index points, base 2015=100. It is monthly and I want 8 months ahead.","""index points, base 2015=100""","""index points, base 2015=100""",provided,provided
constrained,natural-v6-20261005/inflation/02,natural_rollout,2,correction,forecast_horizon,exact_content,True,"Correction: I need 11 months ahead, replacing the earlier horizon.","{""periods"":11,""unit"":""month""}","{""periods"":11,""unit"":""month""}",provided,provided
constrained,natural-v6-20261005/inflation/02,natural_rollout,2,correction,target_column,new_unmentioned_slot,True,"Correction: I need 11 months ahead, replacing the earlier horizon.",,"""headline CPI index level""",,provided
constrained,natural-v6-20261005/inflation/02,natural_rollout,2,correction,target_unit,repeated_prior_fact,True,"Correction: I need 11 months ahead, replacing the earlier horizon.",,"""index points, base 2015=100""",,provided
constrained,natural-v6-20261005/inflation/03,natural_rollout,1,initial,file_format,exact_content,True,I need a forecast of month-over-month core inflation. The unit is percent. Observations arrive monthly; forecast the next 3 months. The file is csv.,"""csv""","""csv""",provided,provided
constrained,natural-v6-20261005/inflation/03,natural_rollout,1,initial,forecast_horizon,exact_content,True,I need a forecast of month-over-month core inflation. The unit is percent. Observations arrive monthly; forecast the next 3 months. The file is csv.,"{""periods"":3,""unit"":""month""}","{""periods"":3,""unit"":""month""}",provided,provided
constrained,natural-v6-20261005/inflation/03,natural_rollout,1,initial,frequency,exact_content,True,I need a forecast of month-over-month core inflation. The unit is percent. Observations arrive monthly; forecast the next 3 months. The file is csv.,"{""periods"":1,""unit"":""month""}","{""periods"":1,""unit"":""month""}",provided,provided
constrained,natural-v6-20261005/inflation/03,natural_rollout,1,initial,target_description,exact_content,True,I need a forecast of month-over-month core inflation. The unit is percent. Observations arrive monthly; forecast the next 3 months. The file is csv.,"""month-over-month core inflation""","""month-over-month core inflation""",provided,provided
constrained,natural-v6-20261005/inflation/03,natural_rollout,1,initial,target_unit,exact_content,True,I need a forecast of month-over-month core inflation. The unit is percent. Observations arrive monthly; forecast the next 3 months. The file is csv.,"""percent""","""percent""",provided,provided
constrained,natural-v6-20261005/inflation/03,natural_rollout,2,correction,forecast_horizon,normalization_only,False,"I changed my mind about the horizon. Forecast the next 6 months, please.","{""periods"":6,""unit"":""month""}","{""periods"":6.0,""unit"":""month""}",provided,provided
constrained,natural-v6-20261005/inflation/04,natural_rollout,1,initial,forecast_horizon,exact_content,True,Help me predict food-price inflation in percent. There is one observation each month. Look 11 months ahead. The target column is food_inflation and the date column is month_end.,"{""periods"":11,""unit"":""month""}","{""periods"":11,""unit"":""month""}",provided,provided
constrained,natural-v6-20261005/inflation/04,natural_rollout,1,initial,frequency,exact_content,True,Help me predict food-price inflation in percent. There is one observation each month. Look 11 months ahead. The target column is food_inflation and the date column is month_end.,"{""periods"":1,""unit"":""month""}","{""periods"":1,""unit"":""month""}",provided,provided
constrained,natural-v6-20261005/inflation/04,natural_rollout,1,initial,target_column,exact_content,True,Help me predict food-price inflation in percent. There is one observation each month. Look 11 months ahead. The target column is food_inflation and the date column is month_end.,"""food_inflation""","""food_inflation""",provided,provided
constrained,natural-v6-20261005/inflation/04,natural_rollout,1,initial,target_description,wrong_value_or_type,True,Help me predict food-price inflation in percent. There is one observation each month. Look 11 months ahead. The target column is food_inflation and the date column is month_end.,"""food-price inflation""","""food-price inflation in percent""",provided,provided
constrained,natural-v6-20261005/inflation/04,natural_rollout,1,initial,target_unit,omitted_slot,True,Help me predict food-price inflation in percent. There is one observation each month. Look 11 months ahead. The target column is food_inflation and the date column is month_end.,"""percent""",,provided,
constrained,natural-v6-20261005/inflation/04,natural_rollout,1,initial,time_column,omitted_slot,True,Help me predict food-price inflation in percent. There is one observation each month. Look 11 months ahead. The target column is food_inflation and the date column is month_end.,"""month_end""",,provided,
constrained,natural-v6-20261005/inflation/04,natural_rollout,2,correction,forecast_horizon,exact_content,False,That previous forecast horizon is wrong: make it 14 months.,"{""periods"":14,""unit"":""month""}","{""periods"":14,""unit"":""month""}",provided,provided
constrained,natural-v6-20261005/inflation/05,natural_rollout,1,initial,forecast_horizon,exact_content,True,"Please forecast producer price inflation, measured in percent, using quarterly observations. I want the next 2 quarters.","{""periods"":2,""unit"":""quarter""}","{""periods"":2,""unit"":""quarter""}",provided,provided
constrained,natural-v6-20261005/inflation/05,natural_rollout,1,initial,frequency,omitted_slot,True,"Please forecast producer price inflation, measured in percent, using quarterly observations. I want the next 2 quarters.","{""periods"":1,""unit"":""quarter""}",,provided,
constrained,natural-v6-20261005/inflation/05,natural_rollout,1,initial,target_description,wrong_value_or_type,True,"Please forecast producer price inflation, measured in percent, using quarterly observations. I want the next 2 quarters.","""producer price inflation""","""producer price inflation, measured in percent""",provided,provided
constrained,natural-v6-20261005/inflation/05,natural_rollout,1,initial,target_unit,omitted_slot,True,"Please forecast producer price inflation, measured in percent, using quarterly observations. I want the next 2 quarters.","""percent""",,provided,
constrained,natural-v6-20261005/inflation/05,natural_rollout,2,correction,forecast_horizon,exact_content,True,Please revise the forecast horizon to 5 quarters. Everything else stays the same.,"{""periods"":5,""unit"":""quarter""}","{""periods"":5,""unit"":""quarter""}",provided,provided
constrained,natural-v6-20261005/inflation/06,natural_rollout,1,initial,file_format,omitted_slot,False,Forecast the consumer price index level in index points. The series has a monthly observation and I need a 1 year horizon. I will upload a parquet file.,"""parquet""",,provided,
constrained,natural-v6-20261005/inflation/06,natural_rollout,1,initial,forecast_horizon,omitted_slot,False,Forecast the consumer price index level in index points. The series has a monthly observation and I need a 1 year horizon. I will upload a parquet file.,"{""periods"":1,""unit"":""year""}",,provided,
constrained,natural-v6-20261005/inflation/06,natural_rollout,1,initial,frequency,exact_content,False,Forecast the consumer price index level in index points. The series has a monthly observation and I need a 1 year horizon. I will upload a parquet file.,"{""periods"":1,""unit"":""month""}","{""periods"":1,""unit"":""month""}",provided,provided
constrained,natural-v6-20261005/inflation/06,natural_rollout,1,initial,source_mode,exact_content,False,Forecast the consumer price index level in index points. The series has a monthly observation and I need a 1 year horizon. I will upload a parquet file.,"""upload""","""upload""",provided,provided
constrained,natural-v6-20261005/inflation/06,natural_rollout,1,initial,target_description,wrong_value_or_type,False,Forecast the consumer price index level in index points. The series has a monthly observation and I need a 1 year horizon. I will upload a parquet file.,"""consumer price index level""","""consumer price index level in index points""",provided,provided
constrained,natural-v6-20261005/inflation/06,natural_rollout,1,initial,target_unit,omitted_slot,False,Forecast the consumer price index level in index points. The series has a monthly observation and I need a 1 year horizon. I will upload a parquet file.,"""index points""",,provided,
constrained,natural-v6-20261005/inflation/06,natural_rollout,2,correction,forecast_horizon,exact_content,True,Use 4 years for the forecast horizon instead of my earlier request.,"{""periods"":4,""unit"":""year""}","{""periods"":4,""unit"":""year""}",provided,provided
constrained,natural-v6-20261005/inflation/07,natural_rollout,1,initial,forecast_horizon,omitted_slot,True,I want to forecast annual average inflation in percent. One observation per year; look ahead 3 years. Generate a new forecast every 1 year.,"{""periods"":3,""unit"":""year""}",,provided,
constrained,natural-v6-20261005/inflation/07,natural_rollout,1,initial,frequency,exact_content,True,I want to forecast annual average inflation in percent. One observation per year; look ahead 3 years. Generate a new forecast every 1 year.,"{""periods"":1,""unit"":""year""}","{""periods"":1,""unit"":""year""}",provided,provided
constrained,natural-v6-20261005/inflation/07,natural_rollout,1,initial,prediction_frequency,exact_content,True,I want to forecast annual average inflation in percent. One observation per year; look ahead 3 years. Generate a new forecast every 1 year.,"{""periods"":1,""unit"":""year""}","{""periods"":1,""unit"":""year""}",provided,provided
constrained,natural-v6-20261005/inflation/07,natural_rollout,1,initial,target_description,wrong_value_or_type,True,I want to forecast annual average inflation in percent. One observation per year; look ahead 3 years. Generate a new forecast every 1 year.,"""annual average inflation""","""annual average inflation in percent""",provided,provided
constrained,natural-v6-20261005/inflation/07,natural_rollout,1,initial,target_unit,omitted_slot,True,I want to forecast annual average inflation in percent. One observation per year; look ahead 3 years. Generate a new forecast every 1 year.,"""percent""",,provided,
constrained,natural-v6-20261005/inflation/07,natural_rollout,2,correction,forecast_horizon,exact_content,True,One correction to my specification: the forecast horizon is now 6 years.,"{""periods"":6,""unit"":""year""}","{""periods"":6,""unit"":""year""}",provided,provided
constrained,natural-v6-20261005/inflation/08,natural_rollout,1,initial,file_format,exact_content,True,"Could you predict trimmed-mean inflation? It is monthly, expressed in percent. We need 7 months into the future; the uploaded data will be in xlsx format.","""xlsx""","""xlsx""",provided,provided
constrained,natural-v6-20261005/inflation/08,natural_rollout,1,initial,forecast_horizon,exact_content,True,"Could you predict trimmed-mean inflation? It is monthly, expressed in percent. We need 7 months into the future; the uploaded data will be in xlsx format.","{""periods"":7,""unit"":""month""}","{""periods"":7,""unit"":""month""}",provided,provided
constrained,natural-v6-20261005/inflation/08,natural_rollout,1,initial,frequency,omitted_slot,True,"Could you predict trimmed-mean inflation? It is monthly, expressed in percent. We need 7 months into the future; the uploaded data will be in xlsx format.","{""periods"":1,""unit"":""month""}",,provided,
constrained,natural-v6-20261005/inflation/08,natural_rollout,1,initial,source_mode,exact_content,True,"Could you predict trimmed-mean inflation? It is monthly, expressed in percent. We need 7 months into the future; the uploaded data will be in xlsx format.","""upload""","""upload""",provided,provided
constrained,natural-v6-20261005/inflation/08,natural_rollout,1,initial,target_description,exact_content,True,"Could you predict trimmed-mean inflation? It is monthly, expressed in percent. We need 7 months into the future; the uploaded data will be in xlsx format.","""trimmed-mean inflation""","""trimmed-mean inflation""",provided,provided
constrained,natural-v6-20261005/inflation/08,natural_rollout,1,initial,target_unit,exact_content,True,"Could you predict trimmed-mean inflation? It is monthly, expressed in percent. We need 7 months into the future; the uploaded data will be in xlsx format.","""percent""","""percent""",provided,provided
constrained,natural-v6-20261005/inflation/08,natural_rollout,2,correction,forecast_horizon,normalization_only,True,Replace the horizon I gave you with 10 months.,"{""periods"":10,""unit"":""month""}","{""periods"":10.0,""unit"":""month""}",provided,provided
constrained,natural-v6-20261005/inflation/08,natural_rollout,2,correction,target_column,new_unmentioned_slot,True,Replace the horizon I gave you with 10 months.,,"""trimmed-mean inflation""",,provided
constrained,natural-v6-20261005/inflation/08,natural_rollout,2,correction,target_unit,repeated_prior_fact,True,Replace the horizon I gave you with 10 months.,,"""percent""",,provided
constrained,natural-v6-20261005/stocks/01,natural_rollout,1,initial,forecast_horizon,exact_content,True,"Can you forecast NOVA's adjusted closing price, in USD per share? I have daily observations and need the next 10 days.","{""periods"":10,""unit"":""day""}","{""periods"":10,""unit"":""day""}",provided,provided
constrained,natural-v6-20261005/stocks/01,natural_rollout,1,initial,frequency,exact_content,True,"Can you forecast NOVA's adjusted closing price, in USD per share? I have daily observations and need the next 10 days.","{""periods"":1,""unit"":""day""}","{""periods"":1,""unit"":""day""}",provided,provided
constrained,natural-v6-20261005/stocks/01,natural_rollout,1,initial,target_description,wrong_value_or_type,True,"Can you forecast NOVA's adjusted closing price, in USD per share? I have daily observations and need the next 10 days.","""NOVA's adjusted closing price""","""NOVA's adjusted closing price, in USD per share""",provided,provided
constrained,natural-v6-20261005/stocks/01,natural_rollout,1,initial,target_unit,omitted_slot,True,"Can you forecast NOVA's adjusted closing price, in USD per share? I have daily observations and need the next 10 days.","""USD per share""",,provided,
constrained,natural-v6-20261005/stocks/01,natural_rollout,2,correction,forecast_horizon,exact_content,True,"Actually, change the forecast horizon to 13 days instead. Leave the other requirements alone.","{""periods"":13,""unit"":""day""}","{""periods"":13,""unit"":""day""}",provided,provided
constrained,natural-v6-20261005/stocks/01,natural_rollout,2,correction,target_column,new_unmentioned_slot,True,"Actually, change the forecast horizon to 13 days instead. Leave the other requirements alone.",,"""NOVA's adjusted closing price, in USD per share""",,provided
constrained,natural-v6-20261005/stocks/02,natural_rollout,1,initial,forecast_horizon,exact_content,False,"Please predict raw closing share price, without adjusting corporate actions. Prices are in GBP per share, observed every day. Look ahead 6 days.","{""periods"":6,""unit"":""day""}","{""periods"":6,""unit"":""day""}",provided,provided
constrained,natural-v6-20261005/stocks/02,natural_rollout,1,initial,frequency,omitted_slot,False,"Please predict raw closing share price, without adjusting corporate actions. Prices are in GBP per share, observed every day. Look ahead 6 days.","{""periods"":1,""unit"":""day""}",,provided,
constrained,natural-v6-20261005/stocks/02,natural_rollout,1,initial,target_description,wrong_value_or_type,False,"Please predict raw closing share price, without adjusting corporate actions. Prices are in GBP per share, observed every day. Look ahead 6 days.","""raw closing share price, without adjusting corporate actions""","""raw closing share price""",provided,provided
constrained,natural-v6-20261005/stocks/02,natural_rollout,1,initial,target_unit,exact_content,False,"Please predict raw closing share price, without adjusting corporate actions. Prices are in GBP per share, observed every day. Look ahead 6 days.","""GBP per share""","""GBP per share""",provided,provided
constrained,natural-v6-20261005/stocks/02,natural_rollout,2,correction,forecast_horizon,exact_content,True,"Correction: I need 9 days ahead, replacing the earlier horizon.","{""periods"":9,""unit"":""day""}","{""periods"":9,""unit"":""day""}",provided,provided
constrained,natural-v6-20261005/stocks/03,natural_rollout,1,initial,file_format,omitted_slot,False,"Help me forecast total share return including dividends, measured in percent. Observations are weekly; I need 5 weeks ahead. I will upload CSV data.","""csv""",,provided,
constrained,natural-v6-20261005/stocks/03,natural_rollout,1,initial,forecast_horizon,omitted_slot,False,"Help me forecast total share return including dividends, measured in percent. Observations are weekly; I need 5 weeks ahead. I will upload CSV data.","{""periods"":5,""unit"":""week""}",,provided,
constrained,natural-v6-20261005/stocks/03,natural_rollout,1,initial,frequency,wrong_value_or_type,False,"Help me forecast total share return including dividends, measured in percent. Observations are weekly; I need 5 weeks ahead. I will upload CSV data.","{""periods"":1,""unit"":""week""}","{""periods"":7,""unit"":""week""}",provided,provided
constrained,natural-v6-20261005/stocks/03,natural_rollout,1,initial,source_mode,exact_content,False,"Help me forecast total share return including dividends, measured in percent. Observations are weekly; I need 5 weeks ahead. I will upload CSV data.","""upload""","""upload""",provided,provided
constrained,natural-v6-20261005/stocks/03,natural_rollout,1,initial,target_description,wrong_value_or_type,False,"Help me forecast total share return including dividends, measured in percent. Observations are weekly; I need 5 weeks ahead. I will upload CSV data.","""total share return including dividends""","""total share return including dividends, measured in percent""",provided,provided
constrained,natural-v6-20261005/stocks/03,natural_rollout,1,initial,target_unit,omitted_slot,False,"Help me forecast total share return including dividends, measured in percent. Observations are weekly; I need 5 weeks ahead. I will upload CSV data.","""percent""",,provided,
constrained,natural-v6-20261005/stocks/03,natural_rollout,2,correction,forecast_horizon,exact_content,False,"I changed my mind about the horizon. Forecast the next 8 weeks, please.","{""periods"":8,""unit"":""week""}","{""periods"":8,""unit"":""week""}",provided,provided
constrained,natural-v6-20261005/stocks/04,natural_rollout,1,initial,forecast_horizon,exact_content,False,"Forecast trading volume, measured in shares, from daily observations for the next 9 days. Read the target from volume_shares and the timestamp from trade_date.","{""periods"":9,""unit"":""day""}","{""periods"":9,""unit"":""day""}",provided,provided
constrained,natural-v6-20261005/stocks/04,natural_rollout,1,initial,frequency,omitted_slot,False,"Forecast trading volume, measured in shares, from daily observations for the next 9 days. Read the target from volume_shares and the timestamp from trade_date.","{""periods"":1,""unit"":""day""}",,provided,
constrained,natural-v6-20261005/stocks/04,natural_rollout,1,initial,target_column,exact_content,False,"Forecast trading volume, measured in shares, from daily observations for the next 9 days. Read the target from volume_shares and the timestamp from trade_date.","""volume_shares""","""volume_shares""",provided,provided
constrained,natural-v6-20261005/stocks/04,natural_rollout,1,initial,target_description,wrong_value_or_type,False,"Forecast trading volume, measured in shares, from daily observations for the next 9 days. Read the target from volume_shares and the timestamp from trade_date.","""trading volume""","""trading volume, measured in shares""",provided,provided
constrained,natural-v6-20261005/stocks/04,natural_rollout,1,initial,target_unit,omitted_slot,False,"Forecast trading volume, measured in shares, from daily observations for the next 9 days. Read the target from volume_shares and the timestamp from trade_date.","""shares""",,provided,
constrained,natural-v6-20261005/stocks/04,natural_rollout,1,initial,time_column,omitted_slot,False,"Forecast trading volume, measured in shares, from daily observations for the next 9 days. Read the target from volume_shares and the timestamp from trade_date.","""trade_date""",,provided,
constrained,natural-v6-20261005/stocks/04,natural_rollout,2,correction,forecast_horizon,exact_content,True,That previous forecast horizon is wrong: make it 12 days.,"{""periods"":12,""unit"":""day""}","{""periods"":12,""unit"":""day""}",provided,provided
constrained,natural-v6-20261005/stocks/05,natural_rollout,1,initial,forecast_horizon,exact_content,True,"Please predict the dividend yield in percent. This series is monthly, and the horizon should be 4 months.","{""periods"":4,""unit"":""month""}","{""periods"":4,""unit"":""month""}",provided,provided
constrained,natural-v6-20261005/stocks/05,natural_rollout,1,initial,frequency,exact_content,True,"Please predict the dividend yield in percent. This series is monthly, and the horizon should be 4 months.","{""periods"":1,""unit"":""month""}","{""periods"":1,""unit"":""month""}",provided,provided
constrained,natural-v6-20261005/stocks/05,natural_rollout,1,initial,target_description,wrong_value_or_type,True,"Please predict the dividend yield in percent. This series is monthly, and the horizon should be 4 months.","""dividend yield""","""dividend yield in percent""",provided,provided
constrained,natural-v6-20261005/stocks/05,natural_rollout,1,initial,target_unit,omitted_slot,True,"Please predict the dividend yield in percent. This series is monthly, and the horizon should be 4 months.","""percent""",,provided,
constrained,natural-v6-20261005/stocks/05,natural_rollout,2,correction,forecast_horizon,exact_content,True,Please revise the forecast horizon to 7 months. Everything else stays the same.,"{""periods"":7,""unit"":""month""}","{""periods"":7,""unit"":""month""}",provided,provided
constrained,natural-v6-20261005/stocks/05,natural_rollout,2,correction,target_column,new_unmentioned_slot,True,Please revise the forecast horizon to 7 months. Everything else stays the same.,,"""dividend yield in percent""",,provided
constrained,natural-v6-20261005/stocks/06,natural_rollout,1,initial,file_format,exact_content,True,"I need a forecast of adjusted closing share price. It is in EUR per share, sampled hourly, and I want 16 hours ahead. The file format is parquet.","""parquet""","""parquet""",provided,provided
constrained,natural-v6-20261005/stocks/06,natural_rollout,1,initial,forecast_horizon,exact_content,True,"I need a forecast of adjusted closing share price. It is in EUR per share, sampled hourly, and I want 16 hours ahead. The file format is parquet.","{""periods"":16,""unit"":""hour""}","{""periods"":16,""unit"":""hour""}",provided,provided
constrained,natural-v6-20261005/stocks/06,natural_rollout,1,initial,frequency,omitted_slot,True,"I need a forecast of adjusted closing share price. It is in EUR per share, sampled hourly, and I want 16 hours ahead. The file format is parquet.","{""periods"":1,""unit"":""hour""}",,provided,
constrained,natural-v6-20261005/stocks/06,natural_rollout,1,initial,target_description,exact_content,True,"I need a forecast of adjusted closing share price. It is in EUR per share, sampled hourly, and I want 16 hours ahead. The file format is parquet.","""adjusted closing share price""","""adjusted closing share price""",provided,provided
constrained,natural-v6-20261005/stocks/06,natural_rollout,1,initial,target_unit,exact_content,True,"I need a forecast of adjusted closing share price. It is in EUR per share, sampled hourly, and I want 16 hours ahead. The file format is parquet.","""EUR per share""","""EUR per share""",provided,provided
constrained,natural-v6-20261005/stocks/06,natural_rollout,2,correction,forecast_horizon,exact_content,True,Use 19 hours for the forecast horizon instead of my earlier request.,"{""periods"":19,""unit"":""hour""}","{""periods"":19,""unit"":""hour""}",provided,provided
constrained,natural-v6-20261005/stocks/06,natural_rollout,2,correction,target_column,new_unmentioned_slot,True,Use 19 hours for the forecast horizon instead of my earlier request.,,"""adjusted closing share price""",,provided
constrained,natural-v6-20261005/stocks/06,natural_rollout,2,correction,target_unit,repeated_prior_fact,True,Use 19 hours for the forecast horizon instead of my earlier request.,,"""EUR per share""",,provided
constrained,natural-v6-20261005/stocks/06,natural_rollout,3,unknown,prediction_interval_levels,new_unmentioned_slot,True,"I need your questions about timezone, seasonal periods and prediction interval levels because I don't know them.",,"[90,95,99]",,provided
constrained,natural-v6-20261005/stocks/06,natural_rollout,3,unknown,seasonal_periods,new_unmentioned_slot,True,"I need your questions about timezone, seasonal periods and prediction interval levels because I don't know them.",,"[12,24,36]",,provided
constrained,natural-v6-20261005/stocks/06,natural_rollout,3,unknown,timezone,new_unmentioned_slot,True,"I need your questions about timezone, seasonal periods and prediction interval levels because I don't know them.",,"""UTC""",,provided
constrained,natural-v6-20261005/stocks/07,natural_rollout,1,initial,forecast_horizon,exact_content,False,Could you forecast daily log share return in percent? There is one observation per day. Predict 12 days ahead but refresh the forecast every 3 days.,"{""periods"":12,""unit"":""day""}","{""periods"":12,""unit"":""day""}",provided,provided
constrained,natural-v6-20261005/stocks/07,natural_rollout,1,initial,frequency,exact_content,False,Could you forecast daily log share return in percent? There is one observation per day. Predict 12 days ahead but refresh the forecast every 3 days.,"{""periods"":1,""unit"":""day""}","{""periods"":1,""unit"":""day""}",provided,provided
constrained,natural-v6-20261005/stocks/07,natural_rollout,1,initial,prediction_frequency,omitted_slot,False,Could you forecast daily log share return in percent? There is one observation per day. Predict 12 days ahead but refresh the forecast every 3 days.,"{""periods"":3,""unit"":""day""}",,provided,
constrained,natural-v6-20261005/stocks/07,natural_rollout,1,initial,target_description,wrong_value_or_type,False,Could you forecast daily log share return in percent? There is one observation per day. Predict 12 days ahead but refresh the forecast every 3 days.,"""daily log share return""","""daily log share return in percent""",provided,provided
constrained,natural-v6-20261005/stocks/07,natural_rollout,1,initial,target_unit,omitted_slot,False,Could you forecast daily log share return in percent? There is one observation per day. Predict 12 days ahead but refresh the forecast every 3 days.,"""percent""",,provided,
constrained,natural-v6-20261005/stocks/07,natural_rollout,2,correction,forecast_horizon,exact_content,True,One correction to my specification: the forecast horizon is now 15 days.,"{""periods"":15,""unit"":""day""}","{""periods"":15,""unit"":""day""}",provided,provided
constrained,natural-v6-20261005/stocks/07,natural_rollout,2,correction,target_unit,new_unmentioned_slot,True,One correction to my specification: the forecast horizon is now 15 days.,,"""days""",,provided
constrained,natural-v6-20261005/stocks/08,natural_rollout,1,initial,file_format,omitted_slot,False,I want to forecast ETF trading volume in shares. I have weekly data and need the next 6 weeks. I will upload the spreadsheet in xlsx format.,"""xlsx""",,provided,
constrained,natural-v6-20261005/stocks/08,natural_rollout,1,initial,forecast_horizon,omitted_slot,False,I want to forecast ETF trading volume in shares. I have weekly data and need the next 6 weeks. I will upload the spreadsheet in xlsx format.,"{""periods"":6,""unit"":""week""}",,provided,
constrained,natural-v6-20261005/stocks/08,natural_rollout,1,initial,frequency,exact_content,False,I want to forecast ETF trading volume in shares. I have weekly data and need the next 6 weeks. I will upload the spreadsheet in xlsx format.,"{""periods"":1,""unit"":""week""}","{""periods"":1,""unit"":""week""}",provided,provided
constrained,natural-v6-20261005/stocks/08,natural_rollout,1,initial,source_mode,exact_content,False,I want to forecast ETF trading volume in shares. I have weekly data and need the next 6 weeks. I will upload the spreadsheet in xlsx format.,"""upload""","""upload""",provided,provided
constrained,natural-v6-20261005/stocks/08,natural_rollout,1,initial,target_description,wrong_value_or_type,False,I want to forecast ETF trading volume in shares. I have weekly data and need the next 6 weeks. I will upload the spreadsheet in xlsx format.,"""ETF trading volume""","""ETF trading volume in shares""",provided,provided
constrained,natural-v6-20261005/stocks/08,natural_rollout,1,initial,target_unit,omitted_slot,False,I want to forecast ETF trading volume in shares. I have weekly data and need the next 6 weeks. I will upload the spreadsheet in xlsx format.,"""shares""",,provided,
constrained,natural-v6-20261005/stocks/08,natural_rollout,2,correction,forecast_horizon,exact_content,False,Replace the horizon I gave you with 9 weeks.,"{""periods"":9,""unit"":""week""}","{""periods"":9,""unit"":""week""}",provided,provided
constrained,natural-v6-20261005/crypto/01,natural_rollout,1,initial,forecast_horizon,exact_content,True,"Can you forecast BTC/USD spot price in USD per BTC? My observations are hourly and I want 20 hours ahead, not a futures price.","{""periods"":20,""unit"":""hour""}","{""periods"":20,""unit"":""hour""}",provided,provided
constrained,natural-v6-20261005/crypto/01,natural_rollout,1,initial,frequency,exact_content,True,"Can you forecast BTC/USD spot price in USD per BTC? My observations are hourly and I want 20 hours ahead, not a futures price.","{""periods"":1,""unit"":""hour""}","{""periods"":1,""unit"":""hour""}",provided,provided
constrained,natural-v6-20261005/crypto/01,natural_rollout,1,initial,target_description,wrong_value_or_type,True,"Can you forecast BTC/USD spot price in USD per BTC? My observations are hourly and I want 20 hours ahead, not a futures price.","""BTC/USD spot price""","""BTC/USD spot price in USD per BTC""",provided,provided
constrained,natural-v6-20261005/crypto/01,natural_rollout,1,initial,target_unit,exact_content,True,"Can you forecast BTC/USD spot price in USD per BTC? My observations are hourly and I want 20 hours ahead, not a futures price.","""USD per BTC""","""USD per BTC""",provided,provided
constrained,natural-v6-20261005/crypto/01,natural_rollout,2,correction,forecast_horizon,normalization_only,True,"Actually, change the forecast horizon to 23 hours instead. Leave the other requirements alone.","{""periods"":23,""unit"":""hour""}","{""periods"":23.0,""unit"":""hour""}",provided,provided
constrained,natural-v6-20261005/crypto/01,natural_rollout,2,correction,target_column,new_unmentioned_slot,True,"Actually, change the forecast horizon to 23 hours instead. Leave the other requirements alone.",,"""BTC/USD spot price in USD per BTC""",,provided
constrained,natural-v6-20261005/crypto/02,natural_rollout,1,initial,forecast_horizon,exact_content,True,"Please predict ETH trading volume, in ETH, using observations every 2 hours. I need the next 14 hours.","{""periods"":14,""unit"":""hour""}","{""periods"":14,""unit"":""hour""}",provided,provided
constrained,natural-v6-20261005/crypto/02,natural_rollout,1,initial,frequency,exact_content,True,"Please predict ETH trading volume, in ETH, using observations every 2 hours. I need the next 14 hours.","{""periods"":2,""unit"":""hour""}","{""periods"":2,""unit"":""hour""}",provided,provided
constrained,natural-v6-20261005/crypto/02,natural_rollout,1,initial,target_description,wrong_value_or_type,True,"Please predict ETH trading volume, in ETH, using observations every 2 hours. I need the next 14 hours.","""ETH trading volume""","""ETH trading volume, in ETH""",provided,provided
constrained,natural-v6-20261005/crypto/02,natural_rollout,1,initial,target_unit,omitted_slot,True,"Please predict ETH trading volume, in ETH, using observations every 2 hours. I need the next 14 hours.","""ETH""",,provided,
constrained,natural-v6-20261005/crypto/02,natural_rollout,2,correction,forecast_horizon,exact_content,True,"Correction: I need 17 hours ahead, replacing the earlier horizon.","{""periods"":17,""unit"":""hour""}","{""periods"":17,""unit"":""hour""}",provided,provided
constrained,natural-v6-20261005/crypto/02,natural_rollout,2,correction,forecast_start,new_unmentioned_slot,True,"Correction: I need 17 hours ahead, replacing the earlier horizon.",,"""2024-01-01T00:00:00Z""",,provided
constrained,natural-v6-20261005/crypto/02,natural_rollout,2,correction,frequency,new_unmentioned_slot,True,"Correction: I need 17 hours ahead, replacing the earlier horizon.",,"{""periods"":1,""unit"":""hour""}",,provided
constrained,natural-v6-20261005/crypto/03,natural_rollout,1,initial,file_format,omitted_slot,False,Help me forecast perpetual-swap funding rate. Units are percent per 8 hours and observations come every 8 hours. Look ahead 48 hours. I will upload CSV data.,"""csv""",,provided,
constrained,natural-v6-20261005/crypto/03,natural_rollout,1,initial,forecast_horizon,exact_content,False,Help me forecast perpetual-swap funding rate. Units are percent per 8 hours and observations come every 8 hours. Look ahead 48 hours. I will upload CSV data.,"{""periods"":48,""unit"":""hour""}","{""periods"":48,""unit"":""hour""}",provided,provided
constrained,natural-v6-20261005/crypto/03,natural_rollout,1,initial,frequency,omitted_slot,False,Help me forecast perpetual-swap funding rate. Units are percent per 8 hours and observations come every 8 hours. Look ahead 48 hours. I will upload CSV data.,"{""periods"":8,""unit"":""hour""}",,provided,
constrained,natural-v6-20261005/crypto/03,natural_rollout,1,initial,source_mode,exact_content,False,Help me forecast perpetual-swap funding rate. Units are percent per 8 hours and observations come every 8 hours. Look ahead 48 hours. I will upload CSV data.,"""upload""","""upload""",provided,provided
constrained,natural-v6-20261005/crypto/03,natural_rollout,1,initial,target_description,exact_content,False,Help me forecast perpetual-swap funding rate. Units are percent per 8 hours and observations come every 8 hours. Look ahead 48 hours. I will upload CSV data.,"""perpetual-swap funding rate""","""perpetual-swap funding rate""",provided,provided
constrained,natural-v6-20261005/crypto/03,natural_rollout,1,initial,target_unit,exact_content,False,Help me forecast perpetual-swap funding rate. Units are percent per 8 hours and observations come every 8 hours. Look ahead 48 hours. I will upload CSV data.,"""percent per 8 hours""","""percent per 8 hours""",provided,provided
constrained,natural-v6-20261005/crypto/03,natural_rollout,2,correction,forecast_horizon,exact_content,True,"I changed my mind about the horizon. Forecast the next 51 hours, please.","{""periods"":51,""unit"":""hour""}","{""periods"":51,""unit"":""hour""}",provided,provided
constrained,natural-v6-20261005/crypto/04,natural_rollout,1,initial,forecast_horizon,omitted_slot,False,I need a forecast of futures open interest in contracts. This is hourly data and the horizon is 30 hours. Read open_contracts as the target and event_time as the timestamp.,"{""periods"":30,""unit"":""hour""}",,provided,
constrained,natural-v6-20261005/crypto/04,natural_rollout,1,initial,frequency,exact_content,False,I need a forecast of futures open interest in contracts. This is hourly data and the horizon is 30 hours. Read open_contracts as the target and event_time as the timestamp.,"{""periods"":1,""unit"":""hour""}","{""periods"":1,""unit"":""hour""}",provided,provided
constrained,natural-v6-20261005/crypto/04,natural_rollout,1,initial,target_column,exact_content,False,I need a forecast of futures open interest in contracts. This is hourly data and the horizon is 30 hours. Read open_contracts as the target and event_time as the timestamp.,"""open_contracts""","""open_contracts""",provided,provided
constrained,natural-v6-20261005/crypto/04,natural_rollout,1,initial,target_description,wrong_value_or_type,False,I need a forecast of futures open interest in contracts. This is hourly data and the horizon is 30 hours. Read open_contracts as the target and event_time as the timestamp.,"""futures open interest""","""futures open interest in contracts""",provided,provided
constrained,natural-v6-20261005/crypto/04,natural_rollout,1,initial,target_unit,omitted_slot,False,I need a forecast of futures open interest in contracts. This is hourly data and the horizon is 30 hours. Read open_contracts as the target and event_time as the timestamp.,"""contracts""",,provided,
constrained,natural-v6-20261005/crypto/04,natural_rollout,1,initial,time_column,omitted_slot,False,I need a forecast of futures open interest in contracts. This is hourly data and the horizon is 30 hours. Read open_contracts as the target and event_time as the timestamp.,"""event_time""",,provided,
constrained,natural-v6-20261005/crypto/04,natural_rollout,2,correction,forecast_horizon,exact_content,True,That previous forecast horizon is wrong: make it 33 hours.,"{""periods"":33,""unit"":""hour""}","{""periods"":33,""unit"":""hour""}",provided,provided
constrained,natural-v6-20261005/crypto/05,natural_rollout,1,initial,forecast_horizon,exact_content,False,"Please forecast realized volatility, in percent per year, from daily observations for the next 7 days.","{""periods"":7,""unit"":""day""}","{""periods"":7,""unit"":""day""}",provided,provided
constrained,natural-v6-20261005/crypto/05,natural_rollout,1,initial,frequency,exact_content,False,"Please forecast realized volatility, in percent per year, from daily observations for the next 7 days.","{""periods"":1,""unit"":""day""}","{""periods"":1,""unit"":""day""}",provided,provided
constrained,natural-v6-20261005/crypto/05,natural_rollout,1,initial,target_description,wrong_value_or_type,False,"Please forecast realized volatility, in percent per year, from daily observations for the next 7 days.","""realized volatility""","""realized volatility, in percent per year""",provided,provided
constrained,natural-v6-20261005/crypto/05,natural_rollout,1,initial,target_unit,omitted_slot,False,"Please forecast realized volatility, in percent per year, from daily observations for the next 7 days.","""percent per year""",,provided,
constrained,natural-v6-20261005/crypto/05,natural_rollout,2,correction,allow_negative_values,new_unmentioned_slot,True,Please revise the forecast horizon to 10 days. Everything else stays the same.,,false,,provided
constrained,natural-v6-20261005/crypto/05,natural_rollout,2,correction,forecast_horizon,exact_content,True,Please revise the forecast horizon to 10 days. Everything else stays the same.,"{""periods"":10,""unit"":""day""}","{""periods"":10,""unit"":""day""}",provided,provided
constrained,natural-v6-20261005/crypto/06,natural_rollout,1,initial,file_format,exact_content,True,"Predict futures-minus-spot basis, measured in basis points. Each observation is 1 hour apart; I need a 2 day horizon. The file will be parquet.","""parquet""","""parquet""",provided,provided
constrained,natural-v6-20261005/crypto/06,natural_rollout,1,initial,forecast_horizon,exact_content,True,"Predict futures-minus-spot basis, measured in basis points. Each observation is 1 hour apart; I need a 2 day horizon. The file will be parquet.","{""periods"":2,""unit"":""day""}","{""periods"":2,""unit"":""day""}",provided,provided
constrained,natural-v6-20261005/crypto/06,natural_rollout,1,initial,frequency,exact_content,True,"Predict futures-minus-spot basis, measured in basis points. Each observation is 1 hour apart; I need a 2 day horizon. The file will be parquet.","{""periods"":1,""unit"":""hour""}","{""periods"":1,""unit"":""hour""}",provided,provided
constrained,natural-v6-20261005/crypto/06,natural_rollout,1,initial,target_description,wrong_value_or_type,True,"Predict futures-minus-spot basis, measured in basis points. Each observation is 1 hour apart; I need a 2 day horizon. The file will be parquet.","""futures-minus-spot basis""","""futures-minus-spot basis, measured in basis points""",provided,provided
constrained,natural-v6-20261005/crypto/06,natural_rollout,1,initial,target_unit,omitted_slot,True,"Predict futures-minus-spot basis, measured in basis points. Each observation is 1 hour apart; I need a 2 day horizon. The file will be parquet.","""basis points""",,provided,
constrained,natural-v6-20261005/crypto/06,natural_rollout,2,correction,forecast_horizon,normalization_only,True,Use 5 days for the forecast horizon instead of my earlier request.,"{""periods"":5,""unit"":""day""}","{""periods"":5.0,""unit"":""day""}",provided,provided
constrained,natural-v6-20261005/crypto/06,natural_rollout,2,correction,target_column,new_unmentioned_slot,True,Use 5 days for the forecast horizon instead of my earlier request.,,"""futures-minus-spot basis, measured in basis points""",,provided
constrained,natural-v6-20261005/crypto/06,natural_rollout,3,unknown,prediction_interval_levels,new_unmentioned_slot,True,"I need your questions about timezone, seasonal periods and prediction interval levels because I don't know them.",,"[90,95,99]",,provided
constrained,natural-v6-20261005/crypto/06,natural_rollout,3,unknown,seasonal_periods,new_unmentioned_slot,True,"I need your questions about timezone, seasonal periods and prediction interval levels because I don't know them.",,"[1,2,3,4,5]",,provided
constrained,natural-v6-20261005/crypto/06,natural_rollout,3,unknown,timezone,new_unmentioned_slot,True,"I need your questions about timezone, seasonal periods and prediction interval levels because I don't know them.",,"""UTC""",,provided
constrained,natural-v6-20261005/crypto/07,natural_rollout,1,initial,forecast_horizon,exact_content,True,"Can you forecast BTC log return in percent? I have one observation every hour. Predict 18 hours ahead, but make a fresh forecast every 6 hours.","{""periods"":18,""unit"":""hour""}","{""periods"":18,""unit"":""hour""}",provided,provided
constrained,natural-v6-20261005/crypto/07,natural_rollout,1,initial,frequency,exact_content,True,"Can you forecast BTC log return in percent? I have one observation every hour. Predict 18 hours ahead, but make a fresh forecast every 6 hours.","{""periods"":1,""unit"":""hour""}","{""periods"":1,""unit"":""hour""}",provided,provided
constrained,natural-v6-20261005/crypto/07,natural_rollout,1,initial,prediction_frequency,omitted_slot,True,"Can you forecast BTC log return in percent? I have one observation every hour. Predict 18 hours ahead, but make a fresh forecast every 6 hours.","{""periods"":6,""unit"":""hour""}",,provided,
constrained,natural-v6-20261005/crypto/07,natural_rollout,1,initial,target_description,wrong_value_or_type,True,"Can you forecast BTC log return in percent? I have one observation every hour. Predict 18 hours ahead, but make a fresh forecast every 6 hours.","""BTC log return""","""BTC log return in percent""",provided,provided
constrained,natural-v6-20261005/crypto/07,natural_rollout,1,initial,target_unit,omitted_slot,True,"Can you forecast BTC log return in percent? I have one observation every hour. Predict 18 hours ahead, but make a fresh forecast every 6 hours.","""percent""",,provided,
constrained,natural-v6-20261005/crypto/07,natural_rollout,2,correction,forecast_horizon,normalization_only,True,One correction to my specification: the forecast horizon is now 21 hours.,"{""periods"":21,""unit"":""hour""}","{""periods"":21.0,""unit"":""hour""}",provided,provided
constrained,natural-v6-20261005/crypto/08,natural_rollout,1,initial,file_format,omitted_slot,True,I want a forecast of digital-asset market capitalization in millions of USD. We observe it daily and need 15 days ahead. I will upload JSON data.,"""json""",,provided,
constrained,natural-v6-20261005/crypto/08,natural_rollout,1,initial,forecast_horizon,omitted_slot,True,I want a forecast of digital-asset market capitalization in millions of USD. We observe it daily and need 15 days ahead. I will upload JSON data.,"{""periods"":15,""unit"":""day""}",,provided,
constrained,natural-v6-20261005/crypto/08,natural_rollout,1,initial,frequency,exact_content,True,I want a forecast of digital-asset market capitalization in millions of USD. We observe it daily and need 15 days ahead. I will upload JSON data.,"{""periods"":1,""unit"":""day""}","{""periods"":1,""unit"":""day""}",provided,provided
constrained,natural-v6-20261005/crypto/08,natural_rollout,1,initial,source_mode,exact_content,True,I want a forecast of digital-asset market capitalization in millions of USD. We observe it daily and need 15 days ahead. I will upload JSON data.,"""upload""","""upload""",provided,provided
constrained,natural-v6-20261005/crypto/08,natural_rollout,1,initial,target_description,wrong_value_or_type,True,I want a forecast of digital-asset market capitalization in millions of USD. We observe it daily and need 15 days ahead. I will upload JSON data.,"""digital-asset market capitalization""","""digital-asset market capitalization in millions of USD""",provided,provided
constrained,natural-v6-20261005/crypto/08,natural_rollout,1,initial,target_unit,omitted_slot,True,I want a forecast of digital-asset market capitalization in millions of USD. We observe it daily and need 15 days ahead. I will upload JSON data.,"""millions of USD""",,provided,
constrained,natural-v6-20261005/crypto/08,natural_rollout,2,correction,forecast_horizon,exact_content,True,Replace the horizon I gave you with 18 days.,"{""periods"":18,""unit"":""day""}","{""periods"":18,""unit"":""day""}",provided,provided
constrained,natural-v6-20261005/crypto/08,natural_rollout,2,correction,target_column,new_unmentioned_slot,True,Replace the horizon I gave you with 18 days.,,"""digital-asset market capitalization in millions of USD""",,provided
